-- phpMyAdmin SQL Dump
-- version 4.8.4
-- https://www.phpmyadmin.net/
--
-- Host: localhost
-- Waktu pembuatan: 22 Jun 2023 pada 02.47
-- Versi server: 10.3.38-MariaDB-log-cll-lve
-- Versi PHP: 7.0.33

SET SQL_MODE = "NO_AUTO_VALUE_ON_ZERO";
SET AUTOCOMMIT = 0;
START TRANSACTION;
SET time_zone = "+00:00";


/*!40101 SET @OLD_CHARACTER_SET_CLIENT=@@CHARACTER_SET_CLIENT */;
/*!40101 SET @OLD_CHARACTER_SET_RESULTS=@@CHARACTER_SET_RESULTS */;
/*!40101 SET @OLD_COLLATION_CONNECTION=@@COLLATION_CONNECTION */;
/*!40101 SET NAMES utf8mb4 */;

--
-- Database: `partindomitra_db`
--

-- --------------------------------------------------------

--
-- Struktur dari tabel `sys_group_users`
--

CREATE TABLE `sys_group_users` (
  `id` int(11) NOT NULL,
  `level` varchar(50) DEFAULT NULL,
  `deskripsi` varchar(50) DEFAULT NULL
) ENGINE=InnoDB DEFAULT CHARSET=latin1 COLLATE=latin1_swedish_ci;

--
-- Dumping data untuk tabel `sys_group_users`
--

INSERT INTO `sys_group_users` (`id`, `level`, `deskripsi`) VALUES
(1, 'ADMIN', 'ADMINISTRATOR'),
(2, 'CUSTOMER', 'CUSTOMER'),
(8, 'CUSTOMER 2', 'CUSTOMER'),
(9, 'OPERATIONAL', 'OPERATIONAL'),
(17, 'COURIER', 'Courirer'),
(18, 'LOGISTICS', 'logistics'),
(19, 'MARKETING', 'marketing'),
(20, 'CUSTOMER/CORPORATE', 'CUSTOMER/CORPORATE'),
(21, 'IT', 'ADMINISTRATOR'),
(22, 'FINANCE', 'FINANCE'),
(23, 'ADMIN TCS', 'admin tcs'),
(24, 'MANAGERIAL', 'managerial'),
(25, 'DIREKSI', 'direksi'),
(26, 'MAGANG', 'FINANCE'),
(28, 'STAFF', 'STAFF'),
(29, 'AGEN', 'AGENT'),
(30, 'MAIN HUB', 'Main hub Provinsi'),
(31, 'REGIONAL HUB', 'Regional Hub Kabupaten/Kotamadya');

-- --------------------------------------------------------

--
-- Struktur dari tabel `sys_menu`
--

CREATE TABLE `sys_menu` (
  `id` int(11) NOT NULL,
  `nav_act` varchar(150) DEFAULT NULL,
  `page_name` varchar(150) DEFAULT NULL,
  `url` varchar(100) NOT NULL,
  `main_table` varchar(150) DEFAULT NULL,
  `icon` varchar(150) DEFAULT NULL,
  `urutan_menu` int(11) DEFAULT NULL,
  `parent` int(11) DEFAULT NULL,
  `dt_table` enum('Y','N') NOT NULL,
  `tampil` enum('Y','N') NOT NULL,
  `type_menu` enum('main','page') NOT NULL
) ENGINE=InnoDB DEFAULT CHARSET=latin1 COLLATE=latin1_swedish_ci;

--
-- Dumping data untuk tabel `sys_menu`
--

INSERT INTO `sys_menu` (`id`, `nav_act`, `page_name`, `url`, `main_table`, `icon`, `urutan_menu`, `parent`, `dt_table`, `tampil`, `type_menu`) VALUES
(15, NULL, 'module', '', NULL, 'fa-folder-open', 2, 0, 'Y', 'N', 'main'),
(16, NULL, 'marketing & sales', '', NULL, 'fa-briefcase', 1, 15, 'Y', 'Y', 'main'),
(22, NULL, 'finance', '', NULL, 'fa-line-chart', 5, 15, 'Y', 'Y', 'main'),
(28, 'tarif', 'tarif', 'tarif', 'em_tarif', 'fa-money', 2, 16, 'Y', 'N', 'page'),
(29, NULL, 'Kantor', '', NULL, 'fa-building-o', 1, 0, 'Y', 'N', 'main'),
(61, NULL, 'cashier', '', NULL, 'fa-keyboard-o ', 1, 22, 'Y', 'N', 'main'),
(62, NULL, 'account receivable', '', NULL, 'fa-arrow-left ', 2, 22, 'Y', 'Y', 'main'),
(63, NULL, 'account payable', '', NULL, 'fa-arrow-right', 3, 22, 'Y', 'Y', 'main'),
(71, NULL, 'customer services', '', NULL, 'fa-headphones', 2, 15, 'Y', 'Y', 'main'),
(79, 'cash_receipts_journal', 'cash receipts journal', 'cash-receipts-journal', 'fnc_cashier_in', NULL, 1, 61, 'Y', 'Y', 'page'),
(80, 'cash_payments_journal', 'cash payments journal', 'cash-payments-journal', 'fnc_cashier_out', NULL, 2, 61, 'Y', 'Y', 'page'),
(100, 'debt_payments', 'debt payments', 'debt-payments', 'fnc_debt_payments_header', NULL, 2, 63, 'Y', 'Y', 'page'),
(101, 'sales', 'Invoice', 'sales', 'fnc_sales_header', '', 1, 62, 'Y', 'Y', 'page'),
(120, NULL, 'Finance Report', '', NULL, 'fa-file-text', 3, 216, 'Y', 'Y', 'main'),
(125, 'sales_aging', 'AR Report', 'sales-aging', 'fnc_sales_header', NULL, 1, 120, 'Y', 'Y', 'page'),
(135, 'daily_report_cashier', 'daily report cashier', 'daily-report-cashier', 'fnc_cashier_out', '', 6, 120, 'Y', 'N', 'page'),
(142, 'ap_report', 'AP Report', 'ap-report', 'fnc_debt_payments_header', NULL, 2, 120, 'Y', 'Y', 'page'),
(160, NULL, 'm. logistics', '', NULL, '', 1, 11, 'Y', 'Y', 'main'),
(161, 'company', 'Perusahaan', 'company', 'em_company', '', 1, 29, 'Y', 'Y', 'page'),
(169, 'kode_pos', 'Kode Pos', 'kode-pos', 'log_kodepos', '', 5, 183, 'Y', 'Y', 'page'),
(171, 'area', 'Provinsi', 'area', 'log_area', '', 1, 183, 'Y', 'Y', 'page'),
(172, 'destination_branch', 'Kelurahan', 'destination-branch', 'log_dbranch', '', 4, 183, 'Y', 'Y', 'page'),
(174, 'branch_offices', 'Kantor Cabang', 'branch-offices', 'log_branch', '', 2, 29, 'Y', 'N', 'page'),
(176, 'vehicle_type', 'vehicle type', 'vehicle-type', 'log_jeniskendaraan', '', 1, 231, 'Y', 'Y', 'page'),
(178, 'consignee', 'consignee', 'consignee', 'em_consignee', '', 2, 16, 'Y', 'Y', 'page'),
(182, 'moda', 'moda', 'moda', 'log_moda', '', 1, 186, 'Y', 'Y', 'page'),
(183, NULL, 'logistics Area', '', NULL, '', 1, 160, 'Y', 'Y', 'main'),
(186, NULL, 'Logistics services', '', NULL, '', 4, 160, 'Y', 'Y', 'main'),
(187, 'services_delivery', 'services delivery', 'services-delivery', 'log_services', '', 2, 186, 'Y', 'Y', 'page'),
(188, 'content_delivery', 'content delivery', 'content-delivery', 'log_contentdelivery', '', 3, 186, 'Y', 'Y', 'page'),
(189, 'billing_type', 'billing type', 'billing-type', 'log_billingtype', '', 4, 186, 'Y', 'Y', 'page'),
(190, 'customer', 'customer', 'customer', 'log_customers', '', 1, 16, 'Y', 'Y', 'page'),
(192, NULL, 'transaction', '', NULL, '', 1, 71, 'Y', 'Y', 'main'),
(193, 'on_site_add', 'on site', 'on-site-add', 'em_konos_detail', '', 1, 192, 'Y', 'Y', 'page'),
(196, 'on_call', 'Booking', 'on-call', 'em_konos_detail', '', 1, 192, 'Y', 'N', 'page'),
(198, NULL, 'M. Vendor', '', NULL, '', 2, 11, 'Y', 'Y', 'main'),
(199, 'vendors', 'vendors', 'vendors', 'log_vendor', '', 1, 198, 'Y', 'Y', 'page'),
(200, 'services_vendor', 'services vendor', 'services-vendor', 'log_services_vendor', '', 2, 198, 'Y', 'Y', 'page'),
(202, 'pickup_order', 'pickup order', 'pickup-order', 'log_pickup', '', 3, 192, 'Y', 'Y', 'page'),
(205, NULL, 'operational', '', NULL, 'fa-truck', 3, 15, 'Y', 'Y', 'main'),
(208, 'manifests', 'Add Manifest', 'manifests', 'em_manifest', '', 1, 209, 'Y', 'Y', 'page'),
(209, NULL, 'manifests', '', NULL, '', 1, 205, 'Y', 'Y', 'main'),
(210, 'chek_transit', 'check transit', 'chek-transit', 'em_manifest', '', 2, 209, 'Y', 'Y', 'page'),
(211, 'cek_inbound', 'check inbound', 'cek-inbound', 'em_manifest', '', 3, 209, 'Y', 'Y', 'page'),
(212, 'delivery_sheet', 'City Courier', 'delivery-sheet', 'em_drs', '', 1, 221, 'Y', 'Y', 'page'),
(213, 'agent', 'agent', 'agent', 'em_agent', '', 3, 29, 'Y', 'N', 'page'),
(214, 'shipment_status', 'shipment status', 'shipment-status', 'em_konos_detail', '', 2, 71, 'Y', 'Y', 'page'),
(216, NULL, 'Laporan-Laporan', '', NULL, 'fa-files-o', 3, 0, 'Y', 'N', 'main'),
(217, NULL, 'Laporan Cabang', '', NULL, '', 1, 216, 'Y', 'Y', 'main'),
(218, NULL, 'reports branch', '', NULL, '', 2, 216, 'Y', 'N', 'main'),
(219, 'detail_transaction', 'Detail Transaksi', 'detail-transaction', 'em_konos_detail', '', 1, 217, 'Y', 'Y', 'page'),
(220, 'print_manifest', 'print manifest', 'print-manifest', 'em_manifest', '', 4, 209, 'Y', 'Y', 'page'),
(221, NULL, 'delivery sheet', '', NULL, '', 2, 205, 'Y', 'Y', 'main'),
(222, 'print_city_courier', 'print city courier', 'print-city-courier', 'em_drs', '', 2, 221, 'Y', 'Y', 'page'),
(223, 'print_awb', 'print awb', 'print-awb', 'em_konos_detail', '', 4, 192, 'Y', 'Y', 'page'),
(225, 'recaps_transactions', 'Rekap Transaksi', 'recaps-transactions', 'em_konos_detail', '', 2, 217, 'Y', 'Y', 'page'),
(226, 'complaint', 'complaint', 'complaint', 'log_cs_complain', '', 3, 71, 'Y', 'Y', 'page'),
(227, 'branch_manifest', 'Manifest Outbound', 'branch-manifest', 'em_manifest', '', 3, 217, 'Y', 'Y', 'page'),
(228, 'branch_manifest_recaps', 'Rekap Manifest', 'branch-manifest-recaps', 'em_manifest', '', 4, 217, 'Y', 'Y', 'page'),
(229, 'city_courier', 'Pengantaran', 'city-courier', 'em_drs', '', 5, 217, 'Y', 'Y', 'page'),
(230, 'city_courier_recaps', 'Rekap Pengantaran', 'city-courier-recaps', 'em_drs', '', 6, 217, 'Y', 'Y', 'page'),
(231, NULL, 'logistics vehicle', '', NULL, '', 4, 160, 'Y', 'Y', 'main'),
(232, 'log_vehicles', 'Vehicles', 'log-vehicles', 'log_vehicle', '', 2, 231, 'Y', 'Y', 'page'),
(233, 'inventory_resi', 'inventory resi', 'inventory-resi', 'em_inventory_resi', '', 3, 11, 'Y', 'Y', 'page'),
(236, 'manage_resi', 'manage resi', 'manage-resi', 'em_inventory_resi', '', 4, 11, 'Y', 'N', 'page'),
(237, NULL, 'report resi', '', NULL, '', 2, 216, 'Y', 'N', 'main'),
(238, 'stock_resi', 'stock resi', 'stock-resi', 'em_inventory_resi', '', 1, 237, 'Y', 'Y', 'page'),
(239, 'branch_report', 'branch report', 'branch-report', 'em_inventory_resi', '', 2, 237, 'Y', 'Y', 'page'),
(240, NULL, 'report agent', '', NULL, '', 3, 216, 'Y', 'N', 'main'),
(241, 'transaction_agent', 'transaction agent', 'transaction-agent', 'em_konos_detail', '', 1, 240, 'Y', 'Y', 'page'),
(242, 'report_user_cs', 'report user cs', 'report-user-cs', 'em_konos_detail', '', 7, 217, 'Y', 'N', 'page'),
(243, 'rekap_omzet_harian', 'Rekap Transaksi Harian', 'rekap-omzet-harian', 'em_agent', '', 8, 217, 'Y', 'Y', 'page'),
(244, 'rek_koran', 'rek koran', 'rek-koran', 'em_agent_log', '', 6, 216, 'Y', 'N', 'page'),
(245, 'berangkat', 'berangkat', 'berangkat', 'log_resi_vendor', '', 1, 246, 'Y', 'N', 'page'),
(246, NULL, 'proses vendor', '', NULL, '', 3, 205, 'Y', 'N', 'main'),
(247, 'kedatangan', 'kedatangan', 'kedatangan', 'log_resi_vendor', '', 2, 246, 'Y', 'N', 'page'),
(248, 'cek_ongkir', 'cek ongkir', 'cek-ongkir', 'log_customers_discount', '', 4, 71, 'Y', 'Y', 'page'),
(265, 'manifest_vendor', 'manifest vendor', 'manifest-vendor', 'em_manifest', '', 9, 217, 'Y', 'Y', 'page'),
(266, 'awb_pending', 'awb pending', 'awb-pending', 'em_konos_detail', '', 10, 217, 'Y', 'Y', 'page'),
(267, 'awb_termanifest', 'awb termanifest', 'awb-termanifest', 'em_konos_detail', '', 11, 217, 'Y', 'Y', 'page'),
(268, 'service_category', 'service category', 'service-category', 'log_services_category', '', 2, 186, 'Y', 'Y', 'page'),
(270, NULL, 'accounting', '', NULL, 'fa-calculator ', 5, 0, 'Y', 'N', 'main'),
(271, 'perkiraan', 'Daftar Akun', 'perkiraan', 'acc_master', '', 1, 270, 'Y', 'Y', 'page'),
(273, NULL, 'transaksi', '', NULL, '', 2, 270, 'Y', 'Y', 'main'),
(274, NULL, 'laporan', '', NULL, '', 3, 270, 'Y', 'Y', 'main'),
(275, 'jurnal_umum', 'Kasir', 'jurnal-umum', 'acc_jurnal_umum', '', 1, 273, 'Y', 'Y', 'page'),
(276, 'posting', 'Kasir', 'posting', 'acc_transaksi', '', 1, 298, 'Y', 'Y', 'page'),
(278, 'neraca_percobaan', 'Neraca', 'neraca-percobaan', 'acc_master', '', 2, 274, 'Y', 'Y', 'page'),
(279, 'rugi_laba', 'rugi laba', 'rugi-laba', 'acc_rugi_laba', '', 4, 274, 'Y', 'Y', 'page'),
(280, 'neraca', 'Trial Balance', 'neraca', 'acc_master', '', 5, 274, 'Y', 'Y', 'page'),
(281, 'jurnal_kas_keluar', 'jurnal kas keluar', 'jurnal-kas-keluar', 'acc_transaksi', '', 2, 273, 'Y', 'Y', 'page'),
(282, 'termin', 'termin', 'termin', 'em_termin', '', 6, 186, 'Y', 'Y', 'page'),
(283, 'daily_report_courier', 'Harian Kurir', 'daily-report-courier', 'log_pickup_booking', '', 1, 285, 'Y', 'Y', 'page'),
(285, NULL, 'Laporan Kurir', '', NULL, '', 3, 216, 'Y', 'Y', 'main'),
(286, 'courier_productivity', 'Produktifias Kurir', 'courier-productivity', 'log_kurir', '', 2, 285, 'Y', 'Y', 'page'),
(287, NULL, 'settings', '', NULL, 'fa-cog', 7, 0, 'Y', 'N', 'main'),
(288, 'transfer_tunai_approve', 'transfer tunai approve', 'transfer-tunai-approve', 'em_konos_detail', '', 2, 209, 'Y', 'N', 'page'),
(289, 'tracking', 'Cek Resi', 'tracking', '', '', 5, 71, 'Y', 'Y', 'page'),
(290, 'buku_besar', 'buku besar', 'buku-besar', 'acc_transaksi', '', 3, 274, 'Y', 'Y', 'page'),
(291, 'global_parameter', 'global parameter', 'global-parameter', 'global_parameter', '', 5, 186, 'Y', 'N', 'page'),
(292, 'ju', 'Jurnal Umum', 'ju', 'acc_ju', '', 2, 273, 'Y', 'Y', 'page'),
(293, NULL, 'laporan jurnal', '', NULL, '', 1, 274, 'Y', 'Y', 'main'),
(294, 'buku_jurnal', 'penjualan', 'buku-jurnal', 'acc_transaksi', '', 1, 293, 'Y', 'Y', 'page'),
(295, 'jurnal_penerimaan', 'penerimaan', 'jurnal-penerimaan', 'acc_transaksi', '', 2, 293, 'Y', 'Y', 'page'),
(296, 'jurnal_pembayaran', 'pembayaran', 'jurnal-pembayaran', 'acc_transaksi', '', 3, 293, 'Y', 'Y', 'page'),
(297, 'jurnal_umum_report', 'umum', 'jurnal-umum-report', 'acc_transaksi_ju', '', 4, 293, 'Y', 'Y', 'page'),
(298, NULL, 'adjustment', '', NULL, '', 3, 273, 'Y', 'Y', 'main'),
(299, 'history_jurnal_umum', 'Memorial', 'history-jurnal-umum', 'acc_ju', '', 2, 298, 'Y', 'Y', 'page'),
(300, 'penjualan_adjustment', 'penjualan adjustment', 'penjualan-adjustment', 'acc_transaksi_penjualan', '', 3, 298, 'Y', 'Y', 'page'),
(301, NULL, 'Bg Stacks', '', NULL, '', 1, 205, 'Y', 'N', 'main'),
(302, 'add_bg_stacks', 'add bg stacks', 'add-bg-stacks', 'em_bagging', '', 1, 301, 'Y', 'N', 'page'),
(303, 'print_bg_stacks', 'print bg stacks', 'print-bg-stacks', 'em_bagging', '', 2, 301, 'Y', 'N', 'page'),
(304, NULL, 'reports customer', '', NULL, 'fa-user', 4, 216, 'Y', 'Y', 'main'),
(305, 'pengiriman', 'pengiriman', 'pengiriman', 'em_konos_detail', '', 1, 304, 'Y', 'Y', 'page'),
(306, 'pod_return', 'pod return', 'pod-return', 'em_konos_detail', '', 2, 304, 'Y', 'Y', 'page'),
(308, 'all_status', 'all status', 'all-status', 'em_konos_detail', '', 3, 304, 'Y', 'Y', 'page'),
(309, NULL, 'website settings', '', NULL, 'fa-globe', 1, 0, 'Y', 'N', 'main'),
(310, NULL, 'master website', '', NULL, '', 1, 309, 'Y', 'N', 'main'),
(311, NULL, 'module website', '', NULL, '', 2, 309, 'Y', 'Y', 'main'),
(312, 'email', 'email', 'email', 'tbl_email', 'fa-envelope', 1, 310, 'Y', 'N', 'page'),
(314, 'maps', 'maps', 'maps', 'tbl_maps', 'fa-map-marker', 3, 310, 'Y', 'N', 'page'),
(315, 'website_identity', 'website identity', 'website-identity', 'tbl_website', 'fa-user', 2, 0, 'Y', 'Y', 'main'),
(316, 'slider', 'slider', 'slider', 'tbl_slider', 'fa-forward', 2, 311, 'Y', 'N', 'page'),
(317, 'berita', 'berita', 'berita', 'tbl_posts', 'fa-files-o', 3, 311, 'Y', 'N', 'page'),
(320, 'kantor_cabang', 'Cabang', 'kantor-cabang', 'tbl_branch', 'fa-map-marker', 6, 311, 'Y', 'N', 'page'),
(321, 'ship', 'ship', 'ship', 'log_ship', '', 3, 231, 'Y', 'N', 'page'),
(322, 'report_laut', 'report laut', 'report-laut', 'em_konos_detail', '', 2, 217, 'Y', 'N', 'page'),
(323, 'rekap_customer_bl', 'Rekap Customer Bulanan', 'rekap-customer-bl', 'em_konos_detail', '', 12, 217, 'Y', 'Y', 'page'),
(324, 'rekap_omset_harian', 'rekap omset harian', 'rekap-omset-harian', 'em_konos_detail', '', 13, 217, 'Y', 'Y', 'page'),
(325, 'report_profit', 'report profit', 'report-profit', 'em_manifest', '', 14, 217, 'Y', 'N', 'page'),
(326, 'report_komisi_agent', 'report komisi agent', 'report-komisi-agent', 'em_konos_detail', '', 1, 335, 'Y', 'Y', 'page'),
(327, 'kabupaten', 'kabupaten', 'kabupaten', 'log_kabupaten', '', 2, 183, 'Y', 'Y', 'page'),
(328, 'kecamatan', 'kecamatan', 'kecamatan', 'log_kecamatan', '', 3, 183, 'Y', 'Y', 'page'),
(329, 'stt_kembali_operational', 'POD Kembali', 'stt-kembali-operational', 'em_konos_detail', 'fa-circle-o', 4, 205, 'Y', 'Y', 'page'),
(330, 'profit_report', 'profit report', 'profit-report', 'fnc_debt_payments_header', 'fa-circle-o', 3, 120, 'Y', 'Y', 'page'),
(331, 'history_edit_resi', 'history edit resi', 'history-edit-resi', 'em_konos_detail', 'fa-circle-o', 6, 71, 'Y', 'Y', 'page'),
(332, 'proses_vendor', 'proses vendor', 'proses-vendor', 'log_vendor_transaction', 'fa-circle-o', 5, 205, 'Y', 'Y', 'page'),
(333, 'on_site_agent', 'on site agent', 'on-site-agent', 'em_konos_detail', '', 1, 334, 'Y', 'Y', 'page'),
(334, NULL, 'transaction agent', '', NULL, 'fa-users', 4, 15, 'Y', 'Y', 'main'),
(335, NULL, 'report agent', '', NULL, '', 5, 334, 'Y', 'Y', 'main'),
(336, 'report_all_status', 'report all status', 'report-all-status', 'em_konos_detail', '', 2, 335, 'Y', 'Y', 'page'),
(338, 'history_pemakaian_deposit_agent', 'history pemakaian deposit agent', 'history-pemakaian-deposit-agent', 'em_agent_log', '', 5, 334, 'Y', 'Y', 'page'),
(339, 'shipment_status_agent', 'shipment status agent', 'shipment-status-agent', 'em_log_tracking', '', 4, 334, 'Y', 'Y', 'page'),
(340, 'print_awb_agent', 'print awb agent', 'print-awb-agent', 'em_konos_detail', '', 2, 334, 'Y', 'Y', 'page'),
(341, 'manifest_agent', 'manifest agent', 'manifest-agent', 'em_manifest', '', 3, 334, 'Y', 'Y', 'page'),
(342, 'list_manifest_agent', 'list manifest agent', 'list-manifest-agent', 'em_manifest', '', 2, 205, 'Y', 'Y', 'page'),
(344, 'list_awb_agent', 'list awb agent', 'list-awb-agent', 'em_konos_detail', '', 3, 205, 'Y', 'Y', 'page'),
(345, NULL, 'ticketing', '', NULL, '', 8, 0, 'Y', 'N', 'main'),
(346, 'ticketing_support', 'ticketing support', 'ticketing-support', 'ticketingSupport', '', 1, 345, 'Y', 'Y', 'page'),
(347, 'approval_ticketing', 'approval ticketing', 'approval-ticketing', 'ticketingSupport', '', 2, 345, 'Y', 'Y', 'page'),
(348, 'e_invoice', 'e_invoice', 'e_invoice', 'fnc_sales_header', 'fa-circle-o', 6, 334, 'Y', 'Y', 'page'),
(349, 'history_delete_shipment_status', 'history delete shipment status', 'history-delete-shipment-status', 'log_shipment_status', 'fa-circle-o', 7, 71, 'Y', 'Y', 'page'),
(350, NULL, 'module android', '', NULL, 'fa-mobile', 4, 0, 'Y', 'N', 'main'),
(352, 'slider_android_bawah', 'slider android bawah', 'slider-android-bawah', 'master_slider_android_bawah', '', 2, 350, 'Y', 'Y', 'page'),
(353, 'berita_android', 'berita android', 'berita-android', 'master_berita_android', '', 3, 350, 'Y', 'Y', 'page'),
(357, 'roadmap', 'roadmap', 'roadmap', 'tbl_roadmap', 'fa-circle-o', 10, 311, 'Y', 'N', 'page'),
(358, 'publikasi', 'publikasi', 'publikasi', 'tbl_publikasi', 'fa-circle-o', 10, 311, 'Y', 'N', 'page'),
(359, 'whitepaper', 'whitepaper', 'whitepaper', 'tbl_whitepaper', 'fa-circle-o', 11, 311, 'Y', 'N', 'page'),
(360, 'android_version', 'android version', 'android-version', 'em_version', '', 4, 350, 'Y', 'Y', 'page'),
(362, 'pertanyaan', 'Pertanyaan Android', 'pertanyaan', 'log_pertanyaan_android', '', 6, 350, 'Y', 'Y', 'page'),
(363, 'bank', 'Bank Android', 'bank', 'em_bank', '', 7, 350, 'Y', 'Y', 'page'),
(364, 'menu_android', 'menu android', 'menu-android', 'em_menu_android', '', 8, 350, 'Y', 'Y', 'page'),
(365, 'user_android', 'user android', 'user-android', 'sys_users', '', 9, 350, 'Y', 'N', 'page'),
(366, 'wallet', 'Wallet Android', 'wallet', 'em_wallet', '', 9, 350, 'Y', 'Y', 'page'),
(367, 'ritel', 'Menu Top up', 'ritel', 'em_ritel', '', 10, 350, 'Y', 'Y', 'page'),
(368, 'approve_topup', 'approve topup', 'approve-topup', 'log_top_up_saldo', '', 11, 350, 'Y', 'N', 'page'),
(369, 'slider_splash', 'slider splash', 'slider-splash', 'em_slider_splash', '', 12, 350, 'Y', 'Y', 'page'),
(370, 'approve_user', 'approve user', 'approve-user', 'sys_users', '', 12, 350, 'Y', 'Y', 'page'),
(371, 'biaya_admin', 'biaya admin', 'biaya-admin', 'em_biaya_aplikasi', '', 13, 350, 'Y', 'Y', 'page'),
(372, 'jenis_sendme', 'jenis sendme', 'jenis-sendme', 'em_jenis_sendme', '', 14, 350, 'Y', 'Y', 'page'),
(373, 'bank_tarik_saldo', 'bank tarik saldo', 'bank-tarik-saldo', 'em_bank_tarik', '', 15, 350, 'Y', 'Y', 'page'),
(384, 'customer_service_website', 'customer service website', 'customer-service-website', 'tbl_chat_wa', 'fa-circle-o', 3, 0, 'Y', 'Y', 'page'),
(394, NULL, 'master data', '', NULL, 'fa fa-circle-o', 2, 0, 'Y', 'Y', 'main'),
(395, 'home_web', 'home web', 'home-web', 'tbl_homeweb', 'fa fa-circle-o', 1, 394, 'Y', 'Y', 'page'),
(396, 'sosmed', 'sosmed', 'sosmed', 'tbl_sosmed', 'fa fa-circle-o', 2, 394, 'Y', 'Y', 'page'),
(406, 'news', 'news', 'news', 'tbl_posts', 'fa fa-circle-o', 2, 408, 'Y', 'Y', 'page'),
(408, NULL, 'news', '', NULL, 'fa fa-circle-o', 8, 0, 'Y', 'Y', 'main'),
(415, 'bantuan', 'bantuan', 'bantuan', 'tbl_bantuan', 'fa fa-circle-o', 4, 394, 'Y', 'Y', 'page'),
(422, 'bisnis', 'bisnis', 'bisnis', 'tbl_bisnis', 'fa fa-circle-o', 1, 424, 'Y', 'Y', 'page'),
(423, 'master_divisi_bisnis', 'master divisi bisnis', 'master-divisi-bisnis', 'tbl_master_division', 'fa fa-circle-o', 2, 424, 'Y', 'Y', 'page'),
(424, NULL, 'master bisnis', '', NULL, 'fa fa-circle-o', 4, 0, 'Y', 'Y', 'main'),
(425, 'profil_perusahaan', 'profil perusahaan', 'profil-perusahaan', 'tbl_perusahaan', 'fa fa-circle-o', 3, 394, 'Y', 'Y', 'page'),
(426, 'visi_misi', 'visi misi', 'visi-misi', 'tbl_visi_misi', 'fa fa-circle-o', 4, 394, 'Y', 'Y', 'page'),
(427, NULL, 'Master Media', '', NULL, 'fa fa-circle-o', 7, 0, 'Y', 'Y', 'main'),
(428, 'video', 'video', 'video', 'tbl_link_video', 'fa fa-circle-o', 1, 427, 'Y', 'Y', 'page'),
(429, 'short_video', 'short video', 'short-video', 'tbl_link_short', 'fa fa-circle-o', 2, 427, 'Y', 'Y', 'page'),
(430, 'gallery_portofolio', 'gallery portofolio', 'gallery-portofolio', 'tbl_gallery_portofolio', 'fa fa-circle-o', 3, 427, 'Y', 'Y', 'page'),
(431, 'karir', 'karir', 'karir', 'tbl_karir', 'fa fa-circle-o', 9, 0, 'Y', 'Y', 'page'),
(432, 'deskripsi_content', 'deskripsi content', 'deskripsi-content', 'tbl_deskripsi_content', 'fa fa-circle-o', 11, 0, 'Y', 'Y', 'page'),
(433, 'resume', 'resume', 'resume', 'tbl_resume', 'fa fa-circle-o', 10, 0, 'Y', 'Y', 'page');

-- --------------------------------------------------------

--
-- Struktur dari tabel `sys_menu_role`
--

CREATE TABLE `sys_menu_role` (
  `id` int(11) NOT NULL,
  `id_menu` int(11) DEFAULT NULL,
  `group_id` int(11) DEFAULT NULL,
  `read_act` enum('Y','N') DEFAULT NULL,
  `insert_act` enum('Y','N') DEFAULT NULL,
  `update_act` enum('Y','N') DEFAULT NULL,
  `delete_act` enum('Y','N') DEFAULT NULL
) ENGINE=InnoDB DEFAULT CHARSET=latin1 COLLATE=latin1_swedish_ci;

--
-- Dumping data untuk tabel `sys_menu_role`
--

INSERT INTO `sys_menu_role` (`id`, `id_menu`, `group_id`, `read_act`, `insert_act`, `update_act`, `delete_act`) VALUES
(29, 15, 1, 'Y', 'Y', 'Y', 'Y'),
(31, 16, 1, 'Y', 'Y', 'Y', 'Y'),
(55, 28, 1, 'Y', 'Y', 'Y', 'Y'),
(57, 29, 1, 'Y', 'Y', 'Y', 'Y'),
(141, 71, 1, 'Y', 'Y', 'Y', 'Y'),
(688, 101, 1, 'N', 'Y', 'Y', 'Y'),
(2487, 160, 1, 'Y', 'Y', 'Y', 'Y'),
(2505, 161, 1, 'Y', 'Y', 'Y', 'Y'),
(2649, 169, 1, 'Y', 'Y', 'Y', 'Y'),
(2685, 171, 1, 'Y', 'Y', 'Y', 'Y'),
(2703, 172, 1, 'Y', 'Y', 'Y', 'Y'),
(2739, 174, 1, 'Y', 'Y', 'Y', 'Y'),
(2775, 176, 1, 'Y', 'Y', 'Y', 'Y'),
(2811, 178, 1, 'Y', 'Y', 'Y', 'Y'),
(2883, 182, 1, 'Y', 'Y', 'Y', 'Y'),
(2901, 183, 1, 'Y', 'Y', 'Y', 'Y'),
(2955, 186, 1, 'Y', 'Y', 'Y', 'Y'),
(2973, 187, 1, 'Y', 'Y', 'Y', 'Y'),
(2991, 188, 1, 'Y', 'Y', 'Y', 'Y'),
(3009, 189, 1, 'Y', 'Y', 'Y', 'Y'),
(3027, 190, 1, 'Y', 'Y', 'Y', 'Y'),
(3063, 192, 1, 'Y', 'Y', 'Y', 'Y'),
(3081, 193, 1, 'Y', 'Y', 'Y', 'Y'),
(3117, 195, 1, 'Y', 'Y', 'Y', 'Y'),
(3135, 196, 1, 'Y', 'Y', 'Y', 'Y'),
(3139, 198, 1, 'Y', 'Y', 'Y', 'Y'),
(3141, 199, 1, 'Y', 'Y', 'Y', 'Y'),
(3143, 200, 1, 'Y', 'Y', 'Y', 'Y'),
(3147, 202, 1, 'Y', 'Y', 'Y', 'Y'),
(3153, 205, 1, 'Y', 'Y', 'Y', 'Y'),
(3159, 208, 1, 'Y', 'Y', 'Y', 'Y'),
(3161, 209, 1, 'Y', 'Y', 'Y', 'Y'),
(3163, 210, 1, 'Y', 'Y', 'Y', 'Y'),
(3165, 211, 1, 'Y', 'Y', 'Y', 'Y'),
(3167, 212, 1, 'Y', 'Y', 'Y', 'Y'),
(3169, 213, 1, 'Y', 'Y', 'Y', 'Y'),
(3171, 214, 1, 'Y', 'Y', 'Y', 'Y'),
(3175, 216, 1, 'Y', 'Y', 'Y', 'Y'),
(3177, 217, 1, 'Y', 'Y', 'Y', 'Y'),
(3179, 218, 1, 'Y', 'Y', 'Y', 'Y'),
(3181, 219, 1, 'Y', 'Y', 'Y', 'Y'),
(3183, 220, 1, 'Y', 'Y', 'Y', 'Y'),
(3185, 221, 1, 'Y', 'Y', 'Y', 'Y'),
(3187, 222, 1, 'Y', 'Y', 'Y', 'Y'),
(3189, 223, 1, 'Y', 'Y', 'Y', 'Y'),
(3193, 225, 1, 'Y', 'Y', 'Y', 'Y'),
(3195, 226, 1, 'Y', 'Y', 'Y', 'Y'),
(3197, 227, 1, 'Y', 'Y', 'Y', 'Y'),
(3199, 228, 1, 'Y', 'Y', 'Y', 'Y'),
(3201, 229, 1, 'Y', 'Y', 'Y', 'Y'),
(3203, 230, 1, 'Y', 'Y', 'Y', 'Y'),
(3205, 22, 1, 'Y', 'Y', 'Y', 'Y'),
(3207, 120, 1, 'Y', 'Y', 'Y', 'Y'),
(3209, 61, 1, 'Y', 'N', 'N', 'N'),
(3211, 62, 1, 'Y', 'N', 'N', 'N'),
(3213, 63, 1, 'Y', 'N', 'N', 'N'),
(3215, 79, 1, 'Y', 'Y', 'Y', 'Y'),
(3217, 80, 1, 'Y', 'Y', 'Y', 'Y'),
(3219, 100, 1, 'Y', 'Y', 'Y', 'Y'),
(3221, 101, 1, 'Y', 'Y', 'Y', 'Y'),
(3223, 125, 1, 'Y', 'Y', 'Y', 'Y'),
(3225, 135, 1, 'Y', 'Y', 'Y', 'Y'),
(3227, 142, 1, 'Y', 'Y', 'Y', 'Y'),
(3229, 231, 1, 'Y', 'Y', 'Y', 'Y'),
(3231, 232, 1, 'Y', 'Y', 'Y', 'Y'),
(3234, 15, 8, 'Y', 'N', 'N', 'N'),
(3235, 16, 8, 'Y', 'N', 'N', 'N'),
(3236, 22, 8, 'N', 'N', 'N', 'N'),
(3237, 28, 8, 'N', 'N', 'N', 'N'),
(3238, 29, 8, 'N', 'N', 'N', 'N'),
(3239, 61, 8, 'N', 'N', 'N', 'N'),
(3240, 62, 8, 'N', 'N', 'N', 'N'),
(3241, 63, 8, 'N', 'N', 'N', 'N'),
(3242, 71, 8, 'Y', 'N', 'N', 'N'),
(3243, 79, 8, 'N', 'N', 'N', 'N'),
(3244, 80, 8, 'N', 'N', 'N', 'N'),
(3245, 100, 8, 'N', 'N', 'N', 'N'),
(3246, 101, 8, 'N', 'N', 'N', 'N'),
(3247, 120, 8, 'N', 'N', 'N', 'N'),
(3248, 125, 8, 'N', 'N', 'N', 'N'),
(3249, 135, 8, 'N', 'N', 'N', 'N'),
(3250, 142, 8, 'N', 'N', 'N', 'N'),
(3251, 160, 8, 'N', 'N', 'N', 'N'),
(3252, 161, 8, 'N', 'N', 'N', 'N'),
(3253, 169, 8, 'N', 'N', 'N', 'N'),
(3254, 171, 8, 'N', 'N', 'N', 'N'),
(3255, 172, 8, 'N', 'N', 'N', 'N'),
(3256, 174, 8, 'N', 'N', 'N', 'N'),
(3258, 176, 8, 'Y', 'N', 'N', 'N'),
(3259, 178, 8, 'Y', 'N', 'N', 'N'),
(3262, 182, 8, 'N', 'N', 'N', 'N'),
(3263, 183, 8, 'N', 'N', 'N', 'N'),
(3265, 186, 8, 'N', 'N', 'N', 'N'),
(3266, 187, 8, 'N', 'N', 'N', 'N'),
(3267, 188, 8, 'N', 'N', 'N', 'N'),
(3268, 189, 8, 'N', 'N', 'N', 'N'),
(3269, 190, 8, 'Y', 'N', 'N', 'N'),
(3270, 192, 8, 'Y', 'N', 'N', 'N'),
(3271, 193, 8, 'Y', 'Y', 'N', 'N'),
(3272, 196, 8, 'Y', 'N', 'N', 'N'),
(3273, 198, 8, 'N', 'N', 'N', 'N'),
(3274, 199, 8, 'N', 'N', 'N', 'N'),
(3275, 200, 8, 'N', 'N', 'N', 'N'),
(3276, 202, 8, 'Y', 'N', 'N', 'N'),
(3277, 205, 8, 'Y', 'N', 'N', 'N'),
(3278, 208, 8, 'Y', 'N', 'N', 'N'),
(3279, 209, 8, 'Y', 'N', 'N', 'N'),
(3280, 210, 8, 'Y', 'N', 'N', 'N'),
(3281, 211, 8, 'Y', 'N', 'N', 'N'),
(3282, 212, 8, 'Y', 'N', 'N', 'N'),
(3283, 213, 8, 'N', 'N', 'N', 'N'),
(3284, 214, 8, 'Y', 'Y', 'Y', 'N'),
(3285, 216, 8, 'Y', 'N', 'N', 'N'),
(3286, 217, 8, 'Y', 'N', 'N', 'N'),
(3287, 218, 8, 'N', 'N', 'N', 'N'),
(3288, 219, 8, 'Y', 'N', 'N', 'N'),
(3289, 220, 8, 'Y', 'N', 'N', 'N'),
(3290, 221, 8, 'Y', 'N', 'N', 'N'),
(3291, 222, 8, 'Y', 'N', 'N', 'N'),
(3292, 223, 8, 'Y', 'N', 'N', 'N'),
(3293, 225, 8, 'N', 'N', 'N', 'N'),
(3294, 226, 8, 'Y', 'Y', 'Y', 'Y'),
(3295, 227, 8, 'Y', 'N', 'N', 'N'),
(3296, 228, 8, 'Y', 'N', 'N', 'N'),
(3297, 229, 8, 'N', 'N', 'N', 'N'),
(3298, 230, 8, 'Y', 'N', 'N', 'N'),
(3299, 231, 8, 'Y', 'N', 'N', 'N'),
(3300, 232, 8, 'Y', 'N', 'N', 'N'),
(3361, 15, 9, 'Y', 'N', 'N', 'N'),
(3362, 16, 9, 'N', 'N', 'N', 'N'),
(3363, 22, 9, 'Y', 'N', 'N', 'N'),
(3364, 28, 9, 'N', 'N', 'N', 'N'),
(3365, 29, 9, 'N', 'N', 'N', 'N'),
(3366, 61, 9, 'N', 'N', 'N', 'N'),
(3367, 62, 9, 'N', 'N', 'N', 'N'),
(3368, 63, 9, 'Y', 'N', 'N', 'N'),
(3369, 71, 9, 'Y', 'N', 'N', 'N'),
(3370, 79, 9, 'N', 'N', 'N', 'N'),
(3371, 80, 9, 'N', 'N', 'N', 'N'),
(3372, 100, 9, 'Y', 'Y', 'Y', 'N'),
(3373, 101, 9, 'N', 'N', 'N', 'N'),
(3374, 120, 9, 'N', 'N', 'N', 'N'),
(3375, 125, 9, 'N', 'N', 'N', 'N'),
(3376, 135, 9, 'N', 'N', 'N', 'N'),
(3377, 142, 9, 'N', 'N', 'N', 'N'),
(3378, 160, 9, 'N', 'N', 'N', 'N'),
(3379, 161, 9, 'N', 'N', 'N', 'N'),
(3380, 169, 9, 'N', 'N', 'N', 'N'),
(3381, 171, 9, 'N', 'N', 'N', 'N'),
(3382, 172, 9, 'N', 'N', 'N', 'N'),
(3383, 174, 9, 'N', 'N', 'N', 'N'),
(3385, 176, 9, 'N', 'N', 'N', 'N'),
(3386, 178, 9, 'N', 'N', 'N', 'N'),
(3389, 182, 9, 'N', 'N', 'N', 'N'),
(3390, 183, 9, 'N', 'N', 'N', 'N'),
(3392, 186, 9, 'N', 'N', 'N', 'N'),
(3393, 187, 9, 'N', 'N', 'N', 'N'),
(3394, 188, 9, 'N', 'N', 'N', 'N'),
(3395, 189, 9, 'N', 'N', 'N', 'N'),
(3396, 190, 9, 'N', 'N', 'N', 'N'),
(3397, 192, 9, 'Y', 'N', 'N', 'N'),
(3398, 193, 9, 'Y', 'Y', 'Y', 'N'),
(3399, 196, 9, 'Y', 'Y', 'Y', 'N'),
(3400, 198, 9, 'Y', 'N', 'N', 'N'),
(3401, 199, 9, 'Y', 'Y', 'Y', 'N'),
(3402, 200, 9, 'Y', 'Y', 'Y', 'N'),
(3403, 202, 9, 'Y', 'Y', 'Y', 'N'),
(3404, 205, 9, 'Y', 'N', 'N', 'N'),
(3405, 208, 9, 'Y', 'Y', 'Y', 'N'),
(3406, 209, 9, 'Y', 'N', 'N', 'N'),
(3407, 210, 9, 'Y', 'Y', 'Y', 'N'),
(3408, 211, 9, 'Y', 'Y', 'Y', 'N'),
(3409, 212, 9, 'Y', 'Y', 'Y', 'N'),
(3410, 213, 9, 'N', 'N', 'N', 'N'),
(3411, 214, 9, 'Y', 'Y', 'Y', 'N'),
(3412, 216, 9, 'Y', 'N', 'N', 'N'),
(3413, 217, 9, 'Y', 'N', 'N', 'N'),
(3414, 218, 9, 'N', 'N', 'N', 'N'),
(3415, 219, 9, 'N', 'N', 'N', 'N'),
(3416, 220, 9, 'Y', 'Y', 'Y', 'N'),
(3417, 221, 9, 'Y', 'N', 'N', 'N'),
(3418, 222, 9, 'Y', 'Y', 'Y', 'N'),
(3419, 223, 9, 'Y', 'Y', 'Y', 'N'),
(3420, 225, 9, 'N', 'N', 'N', 'N'),
(3421, 226, 9, 'Y', 'Y', 'Y', 'N'),
(3422, 227, 9, 'Y', 'Y', 'N', 'N'),
(3423, 228, 9, 'Y', 'Y', 'N', 'N'),
(3424, 229, 9, 'Y', 'Y', 'N', 'N'),
(3425, 230, 9, 'Y', 'Y', 'N', 'N'),
(3426, 231, 9, 'N', 'N', 'N', 'N'),
(3427, 232, 9, 'N', 'N', 'N', 'N'),
(3487, 233, 1, 'Y', 'Y', 'Y', 'Y'),
(3489, 233, 8, 'Y', 'N', 'N', 'N'),
(3490, 233, 9, 'N', 'N', 'N', 'N'),
(3499, 236, 1, 'Y', 'Y', 'Y', 'Y'),
(3501, 236, 8, 'N', 'N', 'N', 'N'),
(3502, 236, 9, 'N', 'N', 'N', 'N'),
(3503, 237, 1, 'Y', 'Y', 'Y', 'Y'),
(3505, 237, 8, 'N', 'N', 'N', 'N'),
(3506, 237, 9, 'N', 'N', 'N', 'N'),
(3507, 238, 1, 'Y', 'Y', 'Y', 'Y'),
(3509, 238, 8, 'Y', 'N', 'N', 'N'),
(3510, 238, 9, 'N', 'N', 'N', 'N'),
(3511, 239, 1, 'Y', 'Y', 'Y', 'Y'),
(3513, 239, 8, 'N', 'N', 'N', 'N'),
(3514, 239, 9, 'N', 'N', 'N', 'N'),
(3715, 240, 1, 'Y', 'Y', 'Y', 'Y'),
(3717, 240, 8, 'Y', 'N', 'N', 'N'),
(3718, 240, 9, 'N', 'N', 'N', 'N'),
(3721, 241, 1, 'Y', 'Y', 'Y', 'Y'),
(3723, 241, 8, 'Y', 'Y', 'Y', 'Y'),
(3724, 241, 9, 'N', 'N', 'N', 'N'),
(3727, 242, 1, 'Y', 'Y', 'Y', 'Y'),
(3729, 242, 8, 'Y', 'N', 'N', 'N'),
(3730, 242, 9, 'N', 'N', 'N', 'N'),
(3733, 243, 1, 'Y', 'Y', 'Y', 'Y'),
(3735, 243, 8, 'Y', 'N', 'N', 'N'),
(3736, 243, 9, 'N', 'N', 'N', 'N'),
(3739, 244, 1, 'Y', 'Y', 'Y', 'Y'),
(3741, 244, 8, 'Y', 'N', 'N', 'N'),
(3742, 244, 9, 'N', 'N', 'N', 'N'),
(3745, 245, 1, 'Y', 'Y', 'Y', 'Y'),
(3747, 245, 8, 'Y', 'N', 'N', 'N'),
(3748, 245, 9, 'N', 'N', 'N', 'N'),
(3751, 246, 1, 'Y', 'Y', 'Y', 'Y'),
(3753, 246, 8, 'N', 'N', 'N', 'N'),
(3754, 246, 9, 'Y', 'N', 'N', 'N'),
(3757, 247, 1, 'Y', 'Y', 'Y', 'Y'),
(3759, 247, 8, 'Y', 'N', 'N', 'N'),
(3760, 247, 9, 'N', 'N', 'N', 'N'),
(3844, 248, 1, 'Y', 'Y', 'Y', 'Y'),
(3846, 248, 8, 'Y', 'N', 'N', 'N'),
(3847, 248, 9, 'Y', 'Y', 'Y', 'N'),
(3963, 265, 1, 'Y', 'Y', 'Y', 'Y'),
(3965, 265, 8, 'Y', 'N', 'N', 'N'),
(3966, 265, 9, 'Y', 'Y', 'N', 'N'),
(3970, 266, 1, 'Y', 'Y', 'Y', 'Y'),
(3972, 266, 8, 'Y', 'N', 'N', 'N'),
(3973, 266, 9, 'Y', 'Y', 'Y', 'N'),
(3977, 267, 1, 'Y', 'Y', 'Y', 'Y'),
(3979, 267, 8, 'Y', 'N', 'N', 'N'),
(3980, 267, 9, 'Y', 'Y', 'Y', 'N'),
(4238, 268, 1, 'Y', 'Y', 'Y', 'Y'),
(4240, 268, 8, 'N', 'N', 'N', 'N'),
(4241, 268, 9, 'N', 'N', 'N', 'N'),
(4358, 270, 1, 'Y', 'Y', 'Y', 'Y'),
(4360, 270, 8, 'N', 'N', 'N', 'N'),
(4361, 270, 9, 'N', 'N', 'N', 'N'),
(4368, 271, 1, 'Y', 'Y', 'Y', 'Y'),
(4370, 271, 8, 'N', 'N', 'N', 'N'),
(4371, 271, 9, 'N', 'N', 'N', 'N'),
(4388, 273, 1, 'Y', 'Y', 'Y', 'Y'),
(4390, 273, 8, 'N', 'N', 'N', 'N'),
(4391, 273, 9, 'N', 'N', 'N', 'N'),
(4398, 274, 1, 'Y', 'Y', 'Y', 'Y'),
(4400, 274, 8, 'N', 'N', 'N', 'N'),
(4401, 274, 9, 'N', 'N', 'N', 'N'),
(4408, 275, 1, 'Y', 'Y', 'Y', 'Y'),
(4410, 275, 8, 'N', 'N', 'N', 'N'),
(4411, 275, 9, 'N', 'N', 'N', 'N'),
(4418, 276, 1, 'Y', 'Y', 'Y', 'Y'),
(4420, 276, 8, 'N', 'N', 'N', 'N'),
(4421, 276, 9, 'N', 'N', 'N', 'N'),
(4438, 278, 1, 'Y', 'Y', 'Y', 'Y'),
(4440, 278, 8, 'N', 'N', 'N', 'N'),
(4441, 278, 9, 'N', 'N', 'N', 'N'),
(4448, 279, 1, 'Y', 'Y', 'Y', 'Y'),
(4450, 279, 8, 'N', 'N', 'N', 'N'),
(4451, 279, 9, 'N', 'N', 'N', 'N'),
(4458, 280, 1, 'Y', 'Y', 'Y', 'Y'),
(4460, 280, 8, 'N', 'N', 'N', 'N'),
(4461, 280, 9, 'N', 'N', 'N', 'N'),
(4468, 281, 1, 'Y', 'Y', 'Y', 'Y'),
(4470, 281, 8, 'N', 'N', 'N', 'N'),
(4471, 281, 9, 'N', 'N', 'N', 'N'),
(4478, 282, 1, 'Y', 'Y', 'Y', 'Y'),
(4480, 282, 8, 'N', 'N', 'N', 'N'),
(4481, 282, 9, 'N', 'N', 'N', 'N'),
(4488, 283, 1, 'Y', 'Y', 'Y', 'Y'),
(4490, 283, 8, 'N', 'N', 'N', 'N'),
(4491, 283, 9, 'N', 'N', 'N', 'N'),
(4614, 15, 17, 'Y', 'N', 'N', 'N'),
(4615, 16, 17, 'N', 'N', 'N', 'N'),
(4616, 22, 17, 'N', 'N', 'N', 'N'),
(4617, 28, 17, 'N', 'N', 'N', 'N'),
(4618, 29, 17, 'N', 'N', 'N', 'N'),
(4619, 61, 17, 'N', 'N', 'N', 'N'),
(4620, 62, 17, 'N', 'N', 'N', 'N'),
(4621, 63, 17, 'N', 'N', 'N', 'N'),
(4622, 71, 17, 'Y', 'N', 'N', 'N'),
(4623, 79, 17, 'N', 'N', 'N', 'N'),
(4624, 80, 17, 'N', 'N', 'N', 'N'),
(4625, 100, 17, 'N', 'N', 'N', 'N'),
(4626, 101, 17, 'N', 'N', 'N', 'N'),
(4627, 120, 17, 'N', 'N', 'N', 'N'),
(4628, 125, 17, 'N', 'N', 'N', 'N'),
(4629, 135, 17, 'N', 'N', 'N', 'N'),
(4630, 142, 17, 'N', 'N', 'N', 'N'),
(4631, 160, 17, 'N', 'N', 'N', 'N'),
(4632, 161, 17, 'N', 'N', 'N', 'N'),
(4633, 169, 17, 'N', 'N', 'N', 'N'),
(4634, 171, 17, 'N', 'N', 'N', 'N'),
(4635, 172, 17, 'N', 'N', 'N', 'N'),
(4636, 174, 17, 'N', 'N', 'N', 'N'),
(4638, 176, 17, 'N', 'N', 'N', 'N'),
(4639, 178, 17, 'N', 'N', 'N', 'N'),
(4642, 182, 17, 'N', 'N', 'N', 'N'),
(4643, 183, 17, 'N', 'N', 'N', 'N'),
(4645, 186, 17, 'N', 'N', 'N', 'N'),
(4646, 187, 17, 'N', 'N', 'N', 'N'),
(4647, 188, 17, 'N', 'N', 'N', 'N'),
(4648, 189, 17, 'N', 'N', 'N', 'N'),
(4649, 190, 17, 'N', 'N', 'N', 'N'),
(4650, 192, 17, 'N', 'N', 'N', 'N'),
(4651, 193, 17, 'N', 'N', 'N', 'N'),
(4652, 196, 17, 'N', 'N', 'N', 'N'),
(4653, 198, 17, 'N', 'N', 'N', 'N'),
(4654, 199, 17, 'N', 'N', 'N', 'N'),
(4655, 200, 17, 'N', 'N', 'N', 'N'),
(4656, 202, 17, 'N', 'N', 'N', 'N'),
(4657, 205, 17, 'N', 'N', 'N', 'N'),
(4658, 208, 17, 'N', 'N', 'N', 'N'),
(4659, 209, 17, 'N', 'N', 'N', 'N'),
(4660, 210, 17, 'N', 'N', 'N', 'N'),
(4661, 211, 17, 'N', 'N', 'N', 'N'),
(4662, 212, 17, 'N', 'N', 'N', 'N'),
(4663, 213, 17, 'N', 'N', 'N', 'N'),
(4664, 214, 17, 'Y', 'Y', 'Y', 'N'),
(4665, 216, 17, 'Y', 'N', 'N', 'N'),
(4666, 217, 17, 'N', 'N', 'N', 'N'),
(4667, 218, 17, 'N', 'N', 'N', 'N'),
(4668, 219, 17, 'N', 'N', 'N', 'N'),
(4669, 220, 17, 'N', 'N', 'N', 'N'),
(4670, 221, 17, 'N', 'N', 'N', 'N'),
(4671, 222, 17, 'N', 'N', 'N', 'N'),
(4672, 223, 17, 'N', 'N', 'N', 'N'),
(4673, 225, 17, 'N', 'N', 'N', 'N'),
(4674, 226, 17, 'N', 'N', 'N', 'N'),
(4675, 227, 17, 'N', 'N', 'N', 'N'),
(4676, 228, 17, 'N', 'N', 'N', 'N'),
(4677, 229, 17, 'N', 'N', 'N', 'N'),
(4678, 230, 17, 'N', 'N', 'N', 'N'),
(4679, 231, 17, 'N', 'N', 'N', 'N'),
(4680, 232, 17, 'N', 'N', 'N', 'N'),
(4681, 233, 17, 'N', 'N', 'N', 'N'),
(4682, 236, 17, 'N', 'N', 'N', 'N'),
(4683, 237, 17, 'N', 'N', 'N', 'N'),
(4684, 238, 17, 'N', 'N', 'N', 'N'),
(4685, 239, 17, 'N', 'N', 'N', 'N'),
(4686, 240, 17, 'N', 'N', 'N', 'N'),
(4687, 241, 17, 'N', 'N', 'N', 'N'),
(4688, 242, 17, 'N', 'N', 'N', 'N'),
(4689, 243, 17, 'N', 'N', 'N', 'N'),
(4690, 244, 17, 'N', 'N', 'N', 'N'),
(4691, 245, 17, 'N', 'N', 'N', 'N'),
(4692, 246, 17, 'N', 'N', 'N', 'N'),
(4693, 247, 17, 'N', 'N', 'N', 'N'),
(4694, 248, 17, 'N', 'N', 'N', 'N'),
(4710, 265, 17, 'N', 'N', 'N', 'N'),
(4711, 266, 17, 'N', 'N', 'N', 'N'),
(4712, 267, 17, 'N', 'N', 'N', 'N'),
(4713, 268, 17, 'N', 'N', 'N', 'N'),
(4715, 270, 17, 'N', 'N', 'N', 'N'),
(4716, 271, 17, 'N', 'N', 'N', 'N'),
(4717, 273, 17, 'N', 'N', 'N', 'N'),
(4718, 274, 17, 'N', 'N', 'N', 'N'),
(4719, 275, 17, 'N', 'N', 'N', 'N'),
(4720, 276, 17, 'N', 'N', 'N', 'N'),
(4722, 278, 17, 'N', 'N', 'N', 'N'),
(4723, 279, 17, 'N', 'N', 'N', 'N'),
(4724, 280, 17, 'N', 'N', 'N', 'N'),
(4725, 281, 17, 'N', 'N', 'N', 'N'),
(4726, 282, 17, 'N', 'N', 'N', 'N'),
(4727, 283, 17, 'Y', 'Y', 'Y', 'Y'),
(4752, 285, 1, 'Y', 'Y', 'Y', 'Y'),
(4754, 285, 8, 'N', 'N', 'N', 'N'),
(4755, 285, 9, 'Y', 'N', 'N', 'N'),
(4763, 285, 17, 'Y', 'N', 'N', 'N'),
(4764, 286, 1, 'Y', 'Y', 'Y', 'Y'),
(4766, 286, 8, 'N', 'N', 'N', 'N'),
(4767, 286, 9, 'N', 'N', 'N', 'N'),
(4775, 286, 17, 'Y', 'Y', 'Y', 'Y'),
(4776, 287, 1, 'Y', 'Y', 'Y', 'Y'),
(4778, 287, 8, 'N', 'N', 'N', 'N'),
(4779, 287, 9, 'N', 'N', 'N', 'N'),
(4787, 287, 17, 'N', 'N', 'N', 'N'),
(4788, 288, 1, 'Y', 'Y', 'Y', 'Y'),
(4790, 288, 8, 'N', 'N', 'N', 'N'),
(4791, 288, 9, 'N', 'N', 'N', 'N'),
(4799, 288, 17, 'N', 'N', 'N', 'N'),
(4800, 289, 1, 'Y', 'Y', 'Y', 'Y'),
(4802, 289, 8, 'Y', 'N', 'N', 'N'),
(4803, 289, 9, 'Y', 'Y', 'Y', 'N'),
(4811, 289, 17, 'N', 'N', 'N', 'N'),
(4812, 290, 1, 'Y', 'Y', 'Y', 'Y'),
(4814, 290, 8, 'N', 'N', 'N', 'N'),
(4815, 290, 9, 'N', 'N', 'N', 'N'),
(4823, 290, 17, 'N', 'N', 'N', 'N'),
(4824, 291, 1, 'Y', 'Y', 'Y', 'Y'),
(4826, 291, 8, 'N', 'N', 'N', 'N'),
(4827, 291, 9, 'N', 'N', 'N', 'N'),
(4835, 291, 17, 'N', 'N', 'N', 'N'),
(4836, 292, 1, 'Y', 'Y', 'Y', 'Y'),
(4838, 292, 8, 'N', 'N', 'N', 'N'),
(4839, 292, 9, 'N', 'N', 'N', 'N'),
(4847, 292, 17, 'N', 'N', 'N', 'N'),
(4848, 293, 1, 'Y', 'Y', 'Y', 'Y'),
(4850, 293, 8, 'N', 'N', 'N', 'N'),
(4851, 293, 9, 'N', 'N', 'N', 'N'),
(4859, 293, 17, 'N', 'N', 'N', 'N'),
(4860, 294, 1, 'Y', 'Y', 'Y', 'Y'),
(4862, 294, 8, 'N', 'N', 'N', 'N'),
(4863, 294, 9, 'N', 'N', 'N', 'N'),
(4871, 294, 17, 'N', 'N', 'N', 'N'),
(4872, 295, 1, 'Y', 'Y', 'Y', 'Y'),
(4874, 295, 8, 'N', 'N', 'N', 'N'),
(4875, 295, 9, 'N', 'N', 'N', 'N'),
(4883, 295, 17, 'N', 'N', 'N', 'N'),
(4884, 296, 1, 'Y', 'Y', 'Y', 'Y'),
(4886, 296, 8, 'N', 'N', 'N', 'N'),
(4887, 296, 9, 'N', 'N', 'N', 'N'),
(4895, 296, 17, 'N', 'N', 'N', 'N'),
(4896, 297, 1, 'Y', 'Y', 'Y', 'Y'),
(4898, 297, 8, 'N', 'N', 'N', 'N'),
(4899, 297, 9, 'N', 'N', 'N', 'N'),
(4907, 297, 17, 'N', 'N', 'N', 'N'),
(5289, 298, 1, 'Y', 'Y', 'Y', 'Y'),
(5291, 298, 8, 'N', 'N', 'N', 'N'),
(5292, 298, 9, 'N', 'N', 'N', 'N'),
(5300, 298, 17, 'N', 'N', 'N', 'N'),
(5304, 299, 1, 'Y', 'Y', 'Y', 'Y'),
(5306, 299, 8, 'N', 'N', 'N', 'N'),
(5307, 299, 9, 'N', 'N', 'N', 'N'),
(5315, 299, 17, 'N', 'N', 'N', 'N'),
(5319, 300, 1, 'Y', 'Y', 'Y', 'Y'),
(5321, 300, 8, 'N', 'N', 'N', 'N'),
(5322, 300, 9, 'N', 'N', 'N', 'N'),
(5330, 300, 17, 'N', 'N', 'N', 'N'),
(5334, 301, 1, 'Y', 'Y', 'Y', 'Y'),
(5336, 301, 8, 'N', 'N', 'N', 'N'),
(5337, 301, 9, 'N', 'N', 'N', 'N'),
(5345, 301, 17, 'N', 'N', 'N', 'N'),
(5349, 302, 1, 'Y', 'Y', 'Y', 'Y'),
(5351, 302, 8, 'N', 'N', 'N', 'N'),
(5352, 302, 9, 'N', 'N', 'N', 'N'),
(5360, 302, 17, 'N', 'N', 'N', 'N'),
(5364, 303, 1, 'Y', 'Y', 'Y', 'Y'),
(5366, 303, 8, 'N', 'N', 'N', 'N'),
(5367, 303, 9, 'N', 'N', 'N', 'N'),
(5375, 303, 17, 'N', 'N', 'N', 'N'),
(5634, 304, 1, 'Y', 'Y', 'Y', 'Y'),
(5636, 304, 8, 'N', 'N', 'N', 'N'),
(5637, 304, 9, 'N', 'N', 'N', 'N'),
(5645, 304, 17, 'N', 'N', 'N', 'N'),
(5650, 305, 1, 'Y', 'Y', 'Y', 'Y'),
(5652, 305, 8, 'N', 'N', 'N', 'N'),
(5653, 305, 9, 'N', 'N', 'N', 'N'),
(5661, 305, 17, 'N', 'N', 'N', 'N'),
(5666, 306, 1, 'Y', 'Y', 'Y', 'Y'),
(5668, 306, 8, 'N', 'N', 'N', 'N'),
(5669, 306, 9, 'N', 'N', 'N', 'N'),
(5677, 306, 17, 'N', 'N', 'N', 'N'),
(5682, 307, 1, 'N', 'Y', 'Y', 'Y'),
(5684, 307, 8, 'N', 'N', 'N', 'N'),
(5685, 307, 9, 'N', 'N', 'N', 'N'),
(5693, 307, 17, 'N', 'N', 'N', 'N'),
(5698, 308, 1, 'Y', 'Y', 'Y', 'Y'),
(5700, 308, 8, 'N', 'N', 'N', 'N'),
(5701, 308, 9, 'N', 'N', 'N', 'N'),
(5709, 308, 17, 'N', 'N', 'N', 'N'),
(5714, 309, 1, 'Y', 'Y', 'Y', 'Y'),
(5716, 309, 8, 'N', 'N', 'N', 'N'),
(5717, 309, 9, 'N', 'N', 'N', 'N'),
(5725, 309, 17, 'N', 'N', 'N', 'N'),
(5730, 310, 1, 'Y', 'Y', 'Y', 'Y'),
(5732, 310, 8, 'N', 'N', 'N', 'N'),
(5733, 310, 9, 'N', 'N', 'N', 'N'),
(5741, 310, 17, 'N', 'N', 'N', 'N'),
(5746, 311, 1, 'Y', 'Y', 'Y', 'Y'),
(5748, 311, 8, 'N', 'N', 'N', 'N'),
(5749, 311, 9, 'N', 'N', 'N', 'N'),
(5757, 311, 17, 'N', 'N', 'N', 'N'),
(5762, 312, 1, 'Y', 'Y', 'Y', 'Y'),
(5764, 312, 8, 'N', 'N', 'N', 'N'),
(5765, 312, 9, 'N', 'N', 'N', 'N'),
(5773, 312, 17, 'N', 'N', 'N', 'N'),
(5794, 314, 1, 'Y', 'Y', 'Y', 'Y'),
(5796, 314, 8, 'N', 'N', 'N', 'N'),
(5797, 314, 9, 'N', 'N', 'N', 'N'),
(5805, 314, 17, 'N', 'N', 'N', 'N'),
(5810, 315, 1, 'Y', 'Y', 'Y', 'Y'),
(5812, 315, 8, 'N', 'N', 'N', 'N'),
(5813, 315, 9, 'N', 'N', 'N', 'N'),
(5821, 315, 17, 'N', 'N', 'N', 'N'),
(5826, 316, 1, 'Y', 'Y', 'Y', 'Y'),
(5828, 316, 8, 'N', 'N', 'N', 'N'),
(5829, 316, 9, 'N', 'N', 'N', 'N'),
(5837, 316, 17, 'N', 'N', 'N', 'N'),
(5842, 317, 1, 'Y', 'Y', 'Y', 'Y'),
(5844, 317, 8, 'N', 'N', 'N', 'N'),
(5845, 317, 9, 'N', 'N', 'N', 'N'),
(5853, 317, 17, 'N', 'N', 'N', 'N'),
(5890, 320, 1, 'Y', 'Y', 'Y', 'Y'),
(5892, 320, 8, 'N', 'N', 'N', 'N'),
(5893, 320, 9, 'N', 'N', 'N', 'N'),
(5901, 320, 17, 'N', 'N', 'N', 'N'),
(5906, 321, 1, 'Y', 'Y', 'Y', 'Y'),
(5908, 321, 8, 'N', 'N', 'N', 'N'),
(5909, 321, 9, 'N', 'N', 'N', 'N'),
(5917, 321, 17, 'N', 'N', 'N', 'N'),
(5922, 322, 1, 'Y', 'Y', 'Y', 'Y'),
(5924, 322, 8, 'N', 'N', 'N', 'N'),
(5925, 322, 9, 'N', 'N', 'N', 'N'),
(5933, 322, 17, 'N', 'N', 'N', 'N'),
(5938, 323, 1, 'Y', 'Y', 'Y', 'Y'),
(5940, 323, 8, 'N', 'N', 'N', 'N'),
(5941, 323, 9, 'N', 'N', 'N', 'N'),
(5949, 323, 17, 'N', 'N', 'N', 'N'),
(5954, 324, 1, 'Y', 'Y', 'Y', 'Y'),
(5956, 324, 8, 'N', 'N', 'N', 'N'),
(5957, 324, 9, 'N', 'N', 'N', 'N'),
(5965, 324, 17, 'N', 'N', 'N', 'N'),
(5970, 325, 1, 'Y', 'Y', 'Y', 'Y'),
(5972, 325, 8, 'N', 'N', 'N', 'N'),
(5973, 325, 9, 'N', 'N', 'N', 'N'),
(5981, 325, 17, 'N', 'N', 'N', 'N'),
(5986, 326, 1, 'Y', 'Y', 'Y', 'Y'),
(5988, 326, 8, 'Y', 'Y', 'Y', 'Y'),
(5989, 326, 9, 'N', 'N', 'N', 'N'),
(5997, 326, 17, 'N', 'N', 'N', 'N'),
(6002, 327, 1, 'Y', 'Y', 'Y', 'Y'),
(6004, 327, 8, 'N', 'N', 'N', 'N'),
(6005, 327, 9, 'N', 'N', 'N', 'N'),
(6013, 327, 17, 'N', 'N', 'N', 'N'),
(6018, 328, 1, 'Y', 'Y', 'Y', 'Y'),
(6020, 328, 8, 'N', 'N', 'N', 'N'),
(6021, 328, 9, 'N', 'N', 'N', 'N'),
(6029, 328, 17, 'N', 'N', 'N', 'N'),
(6031, 15, 18, 'Y', 'N', 'N', 'N'),
(6032, 16, 18, 'N', 'N', 'N', 'N'),
(6033, 22, 18, 'N', 'N', 'N', 'N'),
(6034, 28, 18, 'N', 'N', 'N', 'N'),
(6035, 29, 18, 'Y', 'N', 'N', 'N'),
(6036, 61, 18, 'N', 'N', 'N', 'N'),
(6037, 62, 18, 'N', 'N', 'N', 'N'),
(6038, 63, 18, 'Y', 'N', 'N', 'N'),
(6039, 71, 18, 'Y', 'N', 'N', 'N'),
(6040, 79, 18, 'N', 'N', 'N', 'N'),
(6041, 80, 18, 'N', 'N', 'N', 'N'),
(6042, 100, 18, 'Y', 'Y', 'Y', 'Y'),
(6043, 101, 18, 'N', 'N', 'N', 'N'),
(6044, 120, 18, 'N', 'N', 'N', 'N'),
(6045, 125, 18, 'Y', 'Y', 'Y', 'N'),
(6046, 135, 18, 'N', 'N', 'N', 'N'),
(6047, 142, 18, 'N', 'N', 'N', 'N'),
(6048, 160, 18, 'Y', 'N', 'N', 'N'),
(6049, 161, 18, 'N', 'N', 'N', 'N'),
(6050, 169, 18, 'N', 'N', 'N', 'N'),
(6051, 171, 18, 'Y', 'Y', 'Y', 'N'),
(6052, 172, 18, 'Y', 'Y', 'Y', 'N'),
(6053, 174, 18, 'N', 'N', 'N', 'N'),
(6055, 176, 18, 'Y', 'Y', 'Y', 'N'),
(6056, 178, 18, 'Y', 'N', 'N', 'N'),
(6059, 182, 18, 'Y', 'Y', 'Y', 'N'),
(6060, 183, 18, 'Y', 'N', 'N', 'N'),
(6062, 186, 18, 'N', 'N', 'N', 'N'),
(6063, 187, 18, 'N', 'N', 'N', 'N'),
(6064, 188, 18, 'N', 'N', 'N', 'N'),
(6065, 189, 18, 'N', 'N', 'N', 'N'),
(6066, 190, 18, 'Y', 'N', 'N', 'N'),
(6067, 192, 18, 'Y', 'N', 'N', 'N'),
(6068, 193, 18, 'N', 'N', 'N', 'N'),
(6069, 196, 18, 'N', 'N', 'N', 'N'),
(6070, 198, 18, 'Y', 'N', 'N', 'N'),
(6071, 199, 18, 'Y', 'Y', 'Y', 'Y'),
(6072, 200, 18, 'Y', 'Y', 'Y', 'Y'),
(6073, 202, 18, 'Y', 'Y', 'Y', 'Y'),
(6074, 205, 18, 'Y', 'N', 'N', 'N'),
(6075, 208, 18, 'Y', 'Y', 'Y', 'N'),
(6076, 209, 18, 'Y', 'N', 'N', 'N'),
(6077, 210, 18, 'N', 'N', 'N', 'N'),
(6078, 211, 18, 'N', 'N', 'N', 'N'),
(6079, 212, 18, 'Y', 'Y', 'Y', 'Y'),
(6080, 213, 18, 'Y', 'Y', 'Y', 'N'),
(6081, 214, 18, 'Y', 'N', 'N', 'N'),
(6082, 216, 18, 'N', 'N', 'N', 'N'),
(6083, 217, 18, 'N', 'N', 'N', 'N'),
(6084, 218, 18, 'N', 'N', 'N', 'N'),
(6085, 219, 18, 'Y', 'Y', 'Y', 'N'),
(6086, 220, 18, 'Y', 'Y', 'Y', 'N'),
(6087, 221, 18, 'Y', 'N', 'N', 'N'),
(6088, 222, 18, 'Y', 'Y', 'Y', 'Y'),
(6089, 223, 18, 'Y', 'N', 'N', 'N'),
(6090, 225, 18, 'Y', 'Y', 'Y', 'N'),
(6091, 226, 18, 'Y', 'Y', 'Y', 'N'),
(6092, 227, 18, 'Y', 'Y', 'Y', 'N'),
(6093, 228, 18, 'Y', 'Y', 'Y', 'N'),
(6094, 229, 18, 'Y', 'Y', 'Y', 'N'),
(6095, 230, 18, 'Y', 'Y', 'Y', 'N'),
(6096, 231, 18, 'Y', 'N', 'N', 'N'),
(6097, 232, 18, 'Y', 'Y', 'Y', 'Y'),
(6098, 233, 18, 'Y', 'Y', 'Y', 'N'),
(6099, 236, 18, 'N', 'N', 'N', 'N'),
(6100, 237, 18, 'N', 'N', 'N', 'N'),
(6101, 238, 18, 'N', 'N', 'N', 'N'),
(6102, 239, 18, 'Y', 'Y', 'Y', 'Y'),
(6103, 240, 18, 'N', 'N', 'N', 'N'),
(6104, 241, 18, 'N', 'N', 'N', 'N'),
(6105, 242, 18, 'N', 'N', 'N', 'N'),
(6106, 243, 18, 'Y', 'Y', 'Y', 'N'),
(6107, 244, 18, 'N', 'N', 'N', 'N'),
(6108, 245, 18, 'Y', 'Y', 'Y', 'Y'),
(6109, 246, 18, 'N', 'N', 'N', 'N'),
(6110, 247, 18, 'N', 'N', 'N', 'N'),
(6111, 248, 18, 'N', 'N', 'N', 'N'),
(6112, 265, 18, 'Y', 'Y', 'Y', 'N'),
(6113, 266, 18, 'Y', 'Y', 'Y', 'N'),
(6114, 267, 18, 'Y', 'Y', 'Y', 'N'),
(6115, 268, 18, 'N', 'N', 'N', 'N'),
(6116, 270, 18, 'N', 'N', 'N', 'N'),
(6117, 271, 18, 'N', 'N', 'N', 'N'),
(6118, 273, 18, 'N', 'N', 'N', 'N'),
(6119, 274, 18, 'Y', 'N', 'N', 'N'),
(6120, 275, 18, 'N', 'N', 'N', 'N'),
(6121, 276, 18, 'N', 'N', 'N', 'N'),
(6122, 278, 18, 'N', 'N', 'N', 'N'),
(6123, 279, 18, 'N', 'N', 'N', 'N'),
(6124, 280, 18, 'N', 'N', 'N', 'N'),
(6125, 281, 18, 'N', 'N', 'N', 'N'),
(6126, 282, 18, 'N', 'N', 'N', 'N'),
(6127, 283, 18, 'N', 'N', 'N', 'N'),
(6128, 285, 18, 'Y', 'N', 'N', 'N'),
(6129, 286, 18, 'N', 'N', 'N', 'N'),
(6130, 287, 18, 'N', 'N', 'N', 'N'),
(6131, 288, 18, 'N', 'N', 'N', 'N'),
(6132, 289, 18, 'Y', 'Y', 'Y', 'N'),
(6133, 290, 18, 'N', 'N', 'N', 'N'),
(6134, 291, 18, 'N', 'N', 'N', 'N'),
(6135, 292, 18, 'N', 'N', 'N', 'N'),
(6136, 293, 18, 'N', 'N', 'N', 'N'),
(6137, 294, 18, 'N', 'N', 'N', 'N'),
(6138, 295, 18, 'N', 'N', 'N', 'N'),
(6139, 296, 18, 'N', 'N', 'N', 'N'),
(6140, 297, 18, 'N', 'N', 'N', 'N'),
(6141, 298, 18, 'N', 'N', 'N', 'N'),
(6142, 299, 18, 'N', 'N', 'N', 'N'),
(6143, 300, 18, 'N', 'N', 'N', 'N'),
(6144, 301, 18, 'N', 'N', 'N', 'N'),
(6145, 302, 18, 'N', 'N', 'N', 'N'),
(6146, 303, 18, 'N', 'N', 'N', 'N'),
(6147, 304, 18, 'N', 'N', 'N', 'N'),
(6148, 305, 18, 'N', 'N', 'N', 'N'),
(6149, 306, 18, 'N', 'N', 'N', 'N'),
(6150, 308, 18, 'N', 'N', 'N', 'N'),
(6151, 309, 18, 'N', 'N', 'N', 'N'),
(6152, 310, 18, 'N', 'N', 'N', 'N'),
(6153, 311, 18, 'N', 'N', 'N', 'N'),
(6154, 312, 18, 'N', 'N', 'N', 'N'),
(6156, 314, 18, 'N', 'N', 'N', 'N'),
(6157, 315, 18, 'N', 'N', 'N', 'N'),
(6158, 316, 18, 'Y', 'Y', 'Y', 'Y'),
(6159, 317, 18, 'N', 'N', 'N', 'N'),
(6162, 320, 18, 'N', 'N', 'N', 'N'),
(6163, 321, 18, 'N', 'N', 'N', 'N'),
(6164, 322, 18, 'N', 'N', 'N', 'N'),
(6165, 323, 18, 'Y', 'N', 'Y', 'N'),
(6166, 324, 18, 'Y', 'Y', 'Y', 'N'),
(6167, 325, 18, 'N', 'N', 'N', 'N'),
(6168, 326, 18, 'N', 'N', 'N', 'N'),
(6169, 327, 18, 'Y', 'Y', 'Y', 'Y'),
(6170, 328, 18, 'Y', 'Y', 'Y', 'N'),
(6286, 15, 19, 'Y', 'N', 'N', 'N'),
(6287, 16, 19, 'Y', 'N', 'N', 'N'),
(6288, 22, 19, 'Y', 'N', 'N', 'N'),
(6289, 28, 19, 'N', 'N', 'N', 'N'),
(6290, 29, 19, 'Y', 'N', 'N', 'N'),
(6291, 61, 19, 'N', 'N', 'N', 'N'),
(6292, 62, 19, 'Y', 'N', 'N', 'N'),
(6293, 63, 19, 'N', 'N', 'N', 'N'),
(6294, 71, 19, 'Y', 'N', 'N', 'N'),
(6295, 79, 19, 'N', 'N', 'N', 'N'),
(6296, 80, 19, 'N', 'N', 'N', 'N'),
(6297, 100, 19, 'N', 'N', 'N', 'N'),
(6298, 101, 19, 'Y', 'Y', 'Y', 'Y'),
(6299, 120, 19, 'N', 'N', 'N', 'N'),
(6300, 125, 19, 'Y', 'Y', 'Y', 'N'),
(6301, 135, 19, 'N', 'N', 'N', 'N'),
(6302, 142, 19, 'N', 'N', 'N', 'N'),
(6303, 160, 19, 'N', 'N', 'N', 'N'),
(6304, 161, 19, 'N', 'N', 'N', 'N'),
(6305, 169, 19, 'N', 'N', 'N', 'N'),
(6306, 171, 19, 'Y', 'Y', 'Y', 'Y'),
(6307, 172, 19, 'Y', 'Y', 'Y', 'N'),
(6308, 174, 19, 'N', 'N', 'N', 'N'),
(6310, 176, 19, 'Y', 'Y', 'Y', 'N'),
(6311, 178, 19, 'Y', 'Y', 'Y', 'N'),
(6314, 182, 19, 'Y', 'Y', 'Y', 'Y'),
(6315, 183, 19, 'Y', 'N', 'N', 'N'),
(6317, 186, 19, 'N', 'N', 'N', 'N'),
(6318, 187, 19, 'N', 'N', 'N', 'N'),
(6319, 188, 19, 'N', 'N', 'N', 'N'),
(6320, 189, 19, 'N', 'N', 'N', 'N'),
(6321, 190, 19, 'Y', 'Y', 'Y', 'Y'),
(6322, 192, 19, 'Y', 'N', 'N', 'N'),
(6323, 193, 19, 'Y', 'Y', 'Y', 'N'),
(6324, 196, 19, 'N', 'N', 'N', 'N'),
(6325, 198, 19, 'Y', 'N', 'N', 'N'),
(6326, 199, 19, 'Y', 'Y', 'Y', 'N'),
(6327, 200, 19, 'N', 'N', 'N', 'N'),
(6328, 202, 19, 'Y', 'Y', 'Y', 'N'),
(6329, 205, 19, 'Y', 'N', 'N', 'N'),
(6330, 208, 19, 'Y', 'Y', 'Y', 'N'),
(6331, 209, 19, 'Y', 'N', 'N', 'N'),
(6332, 210, 19, 'N', 'N', 'N', 'N'),
(6333, 211, 19, 'N', 'N', 'N', 'N'),
(6334, 212, 19, 'Y', 'Y', 'Y', 'N'),
(6335, 213, 19, 'Y', 'Y', 'Y', 'N'),
(6336, 214, 19, 'Y', 'Y', 'Y', 'Y'),
(6337, 216, 19, 'Y', 'N', 'N', 'N'),
(6338, 217, 19, 'Y', 'N', 'N', 'N'),
(6339, 218, 19, 'Y', 'N', 'N', 'N'),
(6340, 219, 19, 'Y', 'Y', 'Y', 'Y'),
(6341, 220, 19, 'Y', 'Y', 'Y', 'N'),
(6342, 221, 19, 'Y', 'N', 'N', 'N'),
(6343, 222, 19, 'Y', 'Y', 'Y', 'N'),
(6344, 223, 19, 'Y', 'Y', 'Y', 'N'),
(6345, 225, 19, 'Y', 'Y', 'Y', 'N'),
(6346, 226, 19, 'Y', 'Y', 'Y', 'N'),
(6347, 227, 19, 'N', 'N', 'N', 'N'),
(6348, 228, 19, 'N', 'N', 'N', 'N'),
(6349, 229, 19, 'N', 'N', 'N', 'N'),
(6350, 230, 19, 'N', 'N', 'N', 'N'),
(6351, 231, 19, 'Y', 'N', 'N', 'N'),
(6352, 232, 19, 'Y', 'Y', 'Y', 'Y'),
(6353, 233, 19, 'Y', 'Y', 'Y', 'N'),
(6354, 236, 19, 'N', 'N', 'N', 'N'),
(6355, 237, 19, 'N', 'N', 'N', 'N'),
(6356, 238, 19, 'N', 'N', 'N', 'N'),
(6357, 239, 19, 'Y', 'Y', 'Y', 'Y'),
(6358, 240, 19, 'N', 'N', 'N', 'N'),
(6359, 241, 19, 'N', 'N', 'N', 'N'),
(6360, 242, 19, 'N', 'N', 'N', 'N'),
(6361, 243, 19, 'N', 'N', 'N', 'N'),
(6362, 244, 19, 'N', 'N', 'N', 'N'),
(6363, 245, 19, 'Y', 'Y', 'Y', 'Y'),
(6364, 246, 19, 'N', 'N', 'N', 'N'),
(6365, 247, 19, 'N', 'N', 'N', 'N'),
(6366, 248, 19, 'Y', 'N', 'N', 'N'),
(6367, 265, 19, 'N', 'N', 'N', 'N'),
(6368, 266, 19, 'N', 'N', 'N', 'N'),
(6369, 267, 19, 'N', 'N', 'N', 'N'),
(6370, 268, 19, 'N', 'N', 'N', 'N'),
(6371, 270, 19, 'N', 'N', 'N', 'N'),
(6372, 271, 19, 'N', 'N', 'N', 'N'),
(6373, 273, 19, 'N', 'N', 'N', 'N'),
(6374, 274, 19, 'Y', 'N', 'N', 'N'),
(6375, 275, 19, 'N', 'N', 'N', 'N'),
(6376, 276, 19, 'Y', 'Y', 'Y', 'Y'),
(6377, 278, 19, 'N', 'N', 'N', 'N'),
(6378, 279, 19, 'N', 'N', 'N', 'N'),
(6379, 280, 19, 'N', 'N', 'N', 'N'),
(6380, 281, 19, 'N', 'N', 'N', 'N'),
(6381, 282, 19, 'N', 'N', 'N', 'N'),
(6382, 283, 19, 'N', 'N', 'N', 'N'),
(6383, 285, 19, 'Y', 'N', 'N', 'N'),
(6384, 286, 19, 'N', 'N', 'N', 'N'),
(6385, 287, 19, 'N', 'N', 'N', 'N'),
(6386, 288, 19, 'N', 'N', 'N', 'N'),
(6387, 289, 19, 'Y', 'Y', 'Y', 'N'),
(6388, 290, 19, 'N', 'N', 'N', 'N'),
(6389, 291, 19, 'N', 'N', 'N', 'N'),
(6390, 292, 19, 'N', 'N', 'N', 'N'),
(6391, 293, 19, 'Y', 'N', 'N', 'N'),
(6392, 294, 19, 'N', 'N', 'N', 'N'),
(6393, 295, 19, 'N', 'N', 'N', 'N'),
(6394, 296, 19, 'N', 'N', 'N', 'N'),
(6395, 297, 19, 'N', 'N', 'N', 'N'),
(6396, 298, 19, 'N', 'N', 'N', 'N'),
(6397, 299, 19, 'N', 'N', 'N', 'N'),
(6398, 300, 19, 'N', 'N', 'N', 'N'),
(6399, 301, 19, 'N', 'N', 'N', 'N'),
(6400, 302, 19, 'N', 'N', 'N', 'N'),
(6401, 303, 19, 'N', 'N', 'N', 'N'),
(6402, 304, 19, 'N', 'N', 'N', 'N'),
(6403, 305, 19, 'N', 'N', 'N', 'N'),
(6404, 306, 19, 'N', 'N', 'N', 'N'),
(6405, 308, 19, 'N', 'N', 'N', 'N'),
(6406, 309, 19, 'N', 'N', 'N', 'N'),
(6407, 310, 19, 'N', 'N', 'N', 'N'),
(6408, 311, 19, 'N', 'N', 'N', 'N'),
(6409, 312, 19, 'N', 'N', 'N', 'N'),
(6411, 314, 19, 'N', 'N', 'N', 'N'),
(6412, 315, 19, 'N', 'N', 'N', 'N'),
(6413, 316, 19, 'Y', 'Y', 'Y', 'Y'),
(6414, 317, 19, 'N', 'N', 'N', 'N'),
(6417, 320, 19, 'N', 'N', 'N', 'N'),
(6418, 321, 19, 'N', 'N', 'N', 'N'),
(6419, 322, 19, 'N', 'N', 'N', 'N'),
(6420, 323, 19, 'N', 'N', 'N', 'N'),
(6421, 324, 19, 'N', 'N', 'N', 'N'),
(6422, 325, 19, 'N', 'N', 'N', 'N'),
(6423, 326, 19, 'N', 'N', 'N', 'N'),
(6424, 327, 19, 'Y', 'Y', 'Y', 'Y'),
(6425, 328, 19, 'Y', 'Y', 'Y', 'N'),
(6427, 15, 20, 'Y', 'N', 'N', 'N'),
(6428, 16, 20, 'N', 'N', 'N', 'N'),
(6429, 22, 20, 'N', 'N', 'N', 'N'),
(6430, 28, 20, 'N', 'N', 'N', 'N'),
(6431, 29, 20, 'N', 'N', 'N', 'N'),
(6432, 61, 20, 'N', 'N', 'N', 'N'),
(6433, 62, 20, 'N', 'N', 'N', 'N'),
(6434, 63, 20, 'N', 'N', 'N', 'N'),
(6435, 71, 20, 'Y', 'N', 'N', 'N'),
(6436, 79, 20, 'N', 'N', 'N', 'N'),
(6437, 80, 20, 'N', 'N', 'N', 'N'),
(6438, 100, 20, 'N', 'N', 'N', 'N'),
(6439, 101, 20, 'N', 'N', 'N', 'N'),
(6440, 120, 20, 'N', 'N', 'N', 'N'),
(6441, 125, 20, 'N', 'N', 'N', 'N'),
(6442, 135, 20, 'N', 'N', 'N', 'N'),
(6443, 142, 20, 'N', 'N', 'N', 'N'),
(6444, 160, 20, 'N', 'N', 'N', 'N'),
(6445, 161, 20, 'N', 'N', 'N', 'N'),
(6446, 169, 20, 'N', 'N', 'N', 'N'),
(6447, 171, 20, 'N', 'N', 'N', 'N'),
(6448, 172, 20, 'N', 'N', 'N', 'N'),
(6449, 174, 20, 'N', 'N', 'N', 'N'),
(6451, 176, 20, 'N', 'N', 'N', 'N'),
(6452, 178, 20, 'N', 'N', 'N', 'N'),
(6455, 182, 20, 'N', 'N', 'N', 'N'),
(6456, 183, 20, 'N', 'N', 'N', 'N'),
(6458, 186, 20, 'N', 'N', 'N', 'N'),
(6459, 187, 20, 'N', 'N', 'N', 'N'),
(6460, 188, 20, 'N', 'N', 'N', 'N'),
(6461, 189, 20, 'N', 'N', 'N', 'N'),
(6462, 190, 20, 'N', 'N', 'N', 'N'),
(6463, 192, 20, 'Y', 'N', 'N', 'N'),
(6464, 193, 20, 'Y', 'Y', 'Y', 'N'),
(6465, 196, 20, 'N', 'N', 'N', 'N'),
(6466, 198, 20, 'N', 'N', 'N', 'N'),
(6467, 199, 20, 'N', 'N', 'N', 'N'),
(6468, 200, 20, 'N', 'N', 'N', 'N'),
(6469, 202, 20, 'N', 'N', 'N', 'N'),
(6470, 205, 20, 'N', 'N', 'N', 'N'),
(6471, 208, 20, 'N', 'N', 'N', 'N'),
(6472, 209, 20, 'N', 'N', 'N', 'N'),
(6473, 210, 20, 'N', 'N', 'N', 'N'),
(6474, 211, 20, 'N', 'N', 'N', 'N'),
(6475, 212, 20, 'N', 'N', 'N', 'N'),
(6476, 213, 20, 'N', 'N', 'N', 'N'),
(6477, 214, 20, 'Y', 'Y', 'Y', 'N'),
(6478, 216, 20, 'Y', 'N', 'N', 'N'),
(6479, 217, 20, 'N', 'N', 'N', 'N'),
(6480, 218, 20, 'N', 'N', 'N', 'N'),
(6481, 219, 20, 'N', 'N', 'N', 'N'),
(6482, 220, 20, 'N', 'N', 'N', 'N'),
(6483, 221, 20, 'N', 'N', 'N', 'N'),
(6484, 222, 20, 'N', 'N', 'N', 'N'),
(6485, 223, 20, 'Y', 'Y', 'N', 'N'),
(6486, 225, 20, 'N', 'N', 'N', 'N'),
(6487, 226, 20, 'Y', 'Y', 'Y', 'N'),
(6488, 227, 20, 'N', 'N', 'N', 'N'),
(6489, 228, 20, 'N', 'N', 'N', 'N'),
(6490, 229, 20, 'N', 'N', 'N', 'N'),
(6491, 230, 20, 'N', 'N', 'N', 'N'),
(6492, 231, 20, 'N', 'N', 'N', 'N'),
(6493, 232, 20, 'N', 'N', 'N', 'N'),
(6494, 233, 20, 'N', 'N', 'N', 'N'),
(6495, 236, 20, 'N', 'N', 'N', 'N'),
(6496, 237, 20, 'N', 'N', 'N', 'N'),
(6497, 238, 20, 'N', 'N', 'N', 'N'),
(6498, 239, 20, 'N', 'N', 'N', 'N'),
(6499, 240, 20, 'N', 'N', 'N', 'N'),
(6500, 241, 20, 'N', 'N', 'N', 'N'),
(6501, 242, 20, 'N', 'N', 'N', 'N'),
(6502, 243, 20, 'N', 'N', 'N', 'N'),
(6503, 244, 20, 'N', 'N', 'N', 'N'),
(6504, 245, 20, 'N', 'N', 'N', 'N'),
(6505, 246, 20, 'N', 'N', 'N', 'N'),
(6506, 247, 20, 'N', 'N', 'N', 'N'),
(6507, 248, 20, 'Y', 'Y', 'Y', 'N'),
(6508, 265, 20, 'N', 'N', 'N', 'N'),
(6509, 266, 20, 'N', 'N', 'N', 'N'),
(6510, 267, 20, 'N', 'N', 'N', 'N'),
(6511, 268, 20, 'N', 'N', 'N', 'N'),
(6512, 270, 20, 'N', 'N', 'N', 'N'),
(6513, 271, 20, 'N', 'N', 'N', 'N'),
(6514, 273, 20, 'N', 'N', 'N', 'N'),
(6515, 274, 20, 'N', 'N', 'N', 'N'),
(6516, 275, 20, 'N', 'N', 'N', 'N'),
(6517, 276, 20, 'N', 'N', 'N', 'N'),
(6518, 278, 20, 'N', 'N', 'N', 'N'),
(6519, 279, 20, 'N', 'N', 'N', 'N'),
(6520, 280, 20, 'N', 'N', 'N', 'N'),
(6521, 281, 20, 'N', 'N', 'N', 'N'),
(6522, 282, 20, 'N', 'N', 'N', 'N'),
(6523, 283, 20, 'N', 'N', 'N', 'N'),
(6524, 285, 20, 'N', 'N', 'N', 'N'),
(6525, 286, 20, 'N', 'N', 'N', 'N'),
(6526, 287, 20, 'N', 'N', 'N', 'N'),
(6527, 288, 20, 'N', 'N', 'N', 'N'),
(6528, 289, 20, 'Y', 'Y', 'Y', 'N'),
(6529, 290, 20, 'N', 'N', 'N', 'N'),
(6530, 291, 20, 'N', 'N', 'N', 'N'),
(6531, 292, 20, 'N', 'N', 'N', 'N'),
(6532, 293, 20, 'N', 'N', 'N', 'N'),
(6533, 294, 20, 'N', 'N', 'N', 'N'),
(6534, 295, 20, 'N', 'N', 'N', 'N'),
(6535, 296, 20, 'N', 'N', 'N', 'N'),
(6536, 297, 20, 'N', 'N', 'N', 'N'),
(6537, 298, 20, 'N', 'N', 'N', 'N'),
(6538, 299, 20, 'N', 'N', 'N', 'N'),
(6539, 300, 20, 'N', 'N', 'N', 'N'),
(6540, 301, 20, 'N', 'N', 'N', 'N'),
(6541, 302, 20, 'N', 'N', 'N', 'N'),
(6542, 303, 20, 'N', 'N', 'N', 'N'),
(6543, 304, 20, 'Y', 'N', 'N', 'N'),
(6544, 305, 20, 'Y', 'Y', 'Y', 'N'),
(6545, 306, 20, 'Y', 'Y', 'Y', 'Y'),
(6546, 308, 20, 'Y', 'Y', 'Y', 'N'),
(6547, 309, 20, 'N', 'N', 'N', 'N'),
(6548, 310, 20, 'N', 'N', 'N', 'N'),
(6549, 311, 20, 'N', 'N', 'N', 'N'),
(6550, 312, 20, 'N', 'N', 'N', 'N'),
(6552, 314, 20, 'N', 'N', 'N', 'N'),
(6553, 315, 20, 'N', 'N', 'N', 'N'),
(6554, 316, 20, 'N', 'N', 'N', 'N'),
(6555, 317, 20, 'N', 'N', 'N', 'N'),
(6558, 320, 20, 'N', 'N', 'N', 'N'),
(6559, 321, 20, 'N', 'N', 'N', 'N'),
(6560, 322, 20, 'N', 'N', 'N', 'N'),
(6561, 323, 20, 'N', 'N', 'N', 'N'),
(6562, 324, 20, 'N', 'N', 'N', 'N'),
(6563, 325, 20, 'N', 'N', 'N', 'N'),
(6564, 326, 20, 'N', 'N', 'N', 'N'),
(6565, 327, 20, 'N', 'N', 'N', 'N'),
(6566, 328, 20, 'N', 'N', 'N', 'N'),
(6568, 15, 21, 'Y', 'N', 'N', 'N'),
(6569, 16, 21, 'Y', 'N', 'N', 'N'),
(6570, 22, 21, 'N', 'N', 'N', 'N'),
(6571, 28, 21, 'N', 'N', 'N', 'N'),
(6572, 29, 21, 'Y', 'N', 'N', 'N'),
(6573, 61, 21, 'N', 'N', 'N', 'N'),
(6574, 62, 21, 'N', 'N', 'N', 'N'),
(6575, 63, 21, 'N', 'N', 'N', 'N'),
(6576, 71, 21, 'Y', 'N', 'N', 'N'),
(6577, 79, 21, 'N', 'N', 'N', 'N'),
(6578, 80, 21, 'N', 'N', 'N', 'N'),
(6579, 100, 21, 'N', 'N', 'N', 'N'),
(6580, 101, 21, 'N', 'N', 'N', 'N'),
(6581, 120, 21, 'N', 'N', 'N', 'N'),
(6582, 125, 21, 'Y', 'Y', 'Y', 'N'),
(6583, 135, 21, 'N', 'N', 'N', 'N'),
(6584, 142, 21, 'N', 'N', 'N', 'N'),
(6585, 160, 21, 'Y', 'N', 'N', 'N'),
(6586, 161, 21, 'N', 'N', 'N', 'N'),
(6587, 169, 21, 'N', 'N', 'N', 'N'),
(6588, 171, 21, 'Y', 'Y', 'Y', 'N'),
(6589, 172, 21, 'Y', 'Y', 'Y', 'N'),
(6590, 174, 21, 'N', 'N', 'N', 'N'),
(6592, 176, 21, 'Y', 'Y', 'Y', 'N'),
(6593, 178, 21, 'Y', 'Y', 'Y', 'N'),
(6596, 182, 21, 'Y', 'Y', 'Y', 'N'),
(6597, 183, 21, 'Y', 'N', 'N', 'N'),
(6599, 186, 21, 'N', 'N', 'N', 'N'),
(6600, 187, 21, 'Y', 'Y', 'N', 'N'),
(6601, 188, 21, 'Y', 'N', 'N', 'N'),
(6602, 189, 21, 'N', 'N', 'N', 'N'),
(6603, 190, 21, 'Y', 'Y', 'Y', 'N'),
(6604, 192, 21, 'Y', 'N', 'N', 'N'),
(6605, 193, 21, 'Y', 'Y', 'Y', 'N'),
(6606, 196, 21, 'N', 'N', 'N', 'N'),
(6607, 198, 21, 'Y', 'N', 'N', 'N'),
(6608, 199, 21, 'Y', 'Y', 'Y', 'Y'),
(6609, 200, 21, 'N', 'N', 'N', 'N'),
(6610, 202, 21, 'Y', 'Y', 'Y', 'Y'),
(6611, 205, 21, 'Y', 'N', 'N', 'N'),
(6612, 208, 21, 'Y', 'Y', 'Y', 'N'),
(6613, 209, 21, 'Y', 'N', 'N', 'N'),
(6614, 210, 21, 'N', 'N', 'N', 'N'),
(6615, 211, 21, 'Y', 'Y', 'N', 'N'),
(6616, 212, 21, 'Y', 'Y', 'Y', 'Y'),
(6617, 213, 21, 'Y', 'Y', 'Y', 'N'),
(6618, 214, 21, 'Y', 'Y', 'Y', 'N'),
(6619, 216, 21, 'Y', 'N', 'N', 'N'),
(6620, 217, 21, 'Y', 'N', 'N', 'N'),
(6621, 218, 21, 'N', 'N', 'N', 'N'),
(6622, 219, 21, 'Y', 'Y', 'Y', 'N'),
(6623, 220, 21, 'Y', 'Y', 'Y', 'N'),
(6624, 221, 21, 'Y', 'N', 'N', 'N'),
(6625, 222, 21, 'Y', 'Y', 'Y', 'Y'),
(6626, 223, 21, 'Y', 'Y', 'Y', 'N'),
(6627, 225, 21, 'Y', 'Y', 'Y', 'N'),
(6628, 226, 21, 'Y', 'Y', 'Y', 'N'),
(6629, 227, 21, 'N', 'N', 'N', 'N'),
(6630, 228, 21, 'Y', 'Y', 'Y', 'N'),
(6631, 229, 21, 'N', 'N', 'N', 'N'),
(6632, 230, 21, 'Y', 'Y', 'Y', 'N'),
(6633, 231, 21, 'Y', 'N', 'N', 'N'),
(6634, 232, 21, 'Y', 'Y', 'Y', 'Y'),
(6635, 233, 21, 'Y', 'Y', 'Y', 'N'),
(6636, 236, 21, 'Y', 'Y', 'Y', 'Y'),
(6637, 237, 21, 'N', 'N', 'N', 'N'),
(6638, 238, 21, 'N', 'N', 'N', 'N'),
(6639, 239, 21, 'Y', 'Y', 'Y', 'Y'),
(6640, 240, 21, 'N', 'N', 'N', 'N'),
(6641, 241, 21, 'N', 'N', 'N', 'N'),
(6642, 242, 21, 'N', 'N', 'N', 'N'),
(6643, 243, 21, 'Y', 'Y', 'Y', 'N'),
(6644, 244, 21, 'N', 'N', 'N', 'N'),
(6645, 245, 21, 'Y', 'Y', 'Y', 'Y'),
(6646, 246, 21, 'N', 'N', 'N', 'N'),
(6647, 247, 21, 'N', 'N', 'N', 'N'),
(6648, 248, 21, 'N', 'N', 'N', 'N'),
(6649, 265, 21, 'N', 'N', 'N', 'N'),
(6650, 266, 21, 'N', 'N', 'N', 'N'),
(6651, 267, 21, 'N', 'N', 'N', 'N'),
(6652, 268, 21, 'N', 'N', 'N', 'N'),
(6653, 270, 21, 'N', 'N', 'N', 'N'),
(6654, 271, 21, 'Y', 'Y', 'N', 'N'),
(6655, 273, 21, 'N', 'N', 'N', 'N'),
(6656, 274, 21, 'Y', 'N', 'N', 'N'),
(6657, 275, 21, 'N', 'N', 'N', 'N'),
(6658, 276, 21, 'N', 'N', 'N', 'N'),
(6659, 278, 21, 'N', 'N', 'N', 'N'),
(6660, 279, 21, 'N', 'N', 'N', 'N'),
(6661, 280, 21, 'N', 'N', 'N', 'N'),
(6662, 281, 21, 'N', 'N', 'N', 'N'),
(6663, 282, 21, 'N', 'N', 'N', 'N'),
(6664, 283, 21, 'N', 'N', 'N', 'N'),
(6665, 285, 21, 'N', 'N', 'N', 'N'),
(6666, 286, 21, 'N', 'N', 'N', 'N'),
(6667, 287, 21, 'N', 'N', 'N', 'N'),
(6668, 288, 21, 'N', 'N', 'N', 'N'),
(6669, 289, 21, 'Y', 'Y', 'Y', 'N'),
(6670, 290, 21, 'N', 'N', 'N', 'N'),
(6671, 291, 21, 'N', 'N', 'N', 'N'),
(6672, 292, 21, 'N', 'N', 'N', 'N'),
(6673, 293, 21, 'Y', 'N', 'N', 'N'),
(6674, 294, 21, 'N', 'N', 'N', 'N'),
(6675, 295, 21, 'N', 'N', 'N', 'N'),
(6676, 296, 21, 'N', 'N', 'N', 'N'),
(6677, 297, 21, 'N', 'N', 'N', 'N'),
(6678, 298, 21, 'N', 'N', 'N', 'N'),
(6679, 299, 21, 'N', 'N', 'N', 'N'),
(6680, 300, 21, 'N', 'N', 'N', 'N'),
(6681, 301, 21, 'N', 'N', 'N', 'N'),
(6682, 302, 21, 'N', 'N', 'N', 'N'),
(6683, 303, 21, 'N', 'N', 'N', 'N'),
(6684, 304, 21, 'N', 'N', 'N', 'N'),
(6685, 305, 21, 'N', 'N', 'N', 'N'),
(6686, 306, 21, 'N', 'N', 'N', 'N'),
(6687, 308, 21, 'N', 'N', 'N', 'N'),
(6688, 309, 21, 'Y', 'N', 'N', 'N'),
(6689, 310, 21, 'N', 'N', 'N', 'N'),
(6690, 311, 21, 'N', 'N', 'N', 'N'),
(6691, 312, 21, 'N', 'N', 'N', 'N'),
(6693, 314, 21, 'N', 'N', 'N', 'N'),
(6694, 315, 21, 'N', 'N', 'N', 'N'),
(6695, 316, 21, 'Y', 'Y', 'Y', 'Y'),
(6696, 317, 21, 'N', 'N', 'N', 'N'),
(6699, 320, 21, 'N', 'N', 'N', 'N'),
(6700, 321, 21, 'N', 'N', 'N', 'N'),
(6701, 322, 21, 'N', 'N', 'N', 'N'),
(6702, 323, 21, 'Y', 'Y', 'Y', 'N'),
(6703, 324, 21, 'Y', 'Y', 'N', 'N'),
(6704, 325, 21, 'N', 'N', 'N', 'N'),
(6705, 326, 21, 'N', 'N', 'N', 'N'),
(6706, 327, 21, 'Y', 'Y', 'Y', 'Y'),
(6707, 328, 21, 'Y', 'Y', 'Y', 'N'),
(6708, 329, 1, 'Y', 'Y', 'Y', 'Y'),
(6709, 329, 8, 'Y', 'Y', 'Y', 'N'),
(6710, 329, 9, 'N', 'N', 'N', 'N'),
(6711, 329, 17, 'N', 'N', 'N', 'N'),
(6712, 329, 18, 'N', 'N', 'N', 'N'),
(6713, 329, 19, 'N', 'N', 'N', 'N'),
(6714, 329, 20, 'N', 'N', 'N', 'N'),
(6715, 329, 21, 'Y', 'Y', 'Y', 'Y'),
(6717, 15, 22, 'Y', 'N', 'N', 'N'),
(6718, 16, 22, 'Y', 'N', 'N', 'N'),
(6719, 22, 22, 'Y', 'N', 'N', 'N'),
(6720, 28, 22, 'N', 'N', 'N', 'N'),
(6721, 29, 22, 'Y', 'N', 'N', 'N'),
(6722, 61, 22, 'N', 'N', 'N', 'N'),
(6723, 62, 22, 'Y', 'N', 'N', 'N'),
(6724, 63, 22, 'Y', 'N', 'N', 'N'),
(6725, 71, 22, 'Y', 'N', 'N', 'N'),
(6726, 79, 22, 'N', 'N', 'N', 'N'),
(6727, 80, 22, 'N', 'N', 'N', 'N'),
(6728, 100, 22, 'Y', 'Y', 'Y', 'Y'),
(6729, 101, 22, 'Y', 'Y', 'Y', 'Y'),
(6730, 120, 22, 'Y', 'N', 'N', 'N'),
(6731, 125, 22, 'Y', 'Y', 'Y', 'Y'),
(6732, 135, 22, 'N', 'N', 'N', 'N'),
(6733, 142, 22, 'Y', 'Y', 'Y', 'Y'),
(6734, 160, 22, 'N', 'N', 'N', 'N'),
(6735, 161, 22, 'N', 'N', 'N', 'N'),
(6736, 169, 22, 'N', 'N', 'N', 'N'),
(6737, 171, 22, 'N', 'N', 'N', 'N'),
(6738, 172, 22, 'N', 'N', 'N', 'N'),
(6739, 174, 22, 'Y', 'Y', 'Y', 'N'),
(6741, 176, 22, 'N', 'N', 'N', 'N'),
(6742, 178, 22, 'Y', 'N', 'N', 'N'),
(6745, 182, 22, 'N', 'N', 'N', 'N'),
(6746, 183, 22, 'N', 'N', 'N', 'N'),
(6748, 186, 22, 'N', 'N', 'N', 'N'),
(6749, 187, 22, 'N', 'N', 'N', 'N'),
(6750, 188, 22, 'N', 'N', 'N', 'N'),
(6751, 189, 22, 'N', 'N', 'N', 'N'),
(6752, 190, 22, 'Y', 'Y', 'Y', 'N'),
(6753, 192, 22, 'N', 'N', 'N', 'N'),
(6754, 193, 22, 'Y', 'Y', 'Y', 'N'),
(6755, 196, 22, 'N', 'N', 'N', 'N'),
(6756, 198, 22, 'N', 'N', 'N', 'N'),
(6757, 199, 22, 'N', 'N', 'N', 'N'),
(6758, 200, 22, 'N', 'N', 'N', 'N'),
(6759, 202, 22, 'N', 'N', 'N', 'N'),
(6760, 205, 22, 'N', 'N', 'N', 'N'),
(6761, 208, 22, 'N', 'N', 'N', 'N'),
(6762, 209, 22, 'N', 'N', 'N', 'N'),
(6763, 210, 22, 'N', 'N', 'N', 'N'),
(6764, 211, 22, 'N', 'N', 'N', 'N'),
(6765, 212, 22, 'N', 'N', 'N', 'N'),
(6766, 213, 22, 'Y', 'Y', 'Y', 'N'),
(6767, 214, 22, 'Y', 'Y', 'Y', 'N'),
(6768, 216, 22, 'Y', 'N', 'N', 'N'),
(6769, 217, 22, 'Y', 'N', 'N', 'N'),
(6770, 218, 22, 'N', 'N', 'N', 'N'),
(6771, 219, 22, 'Y', 'N', 'N', 'N'),
(6772, 220, 22, 'N', 'N', 'N', 'N'),
(6773, 221, 22, 'N', 'N', 'N', 'N'),
(6774, 222, 22, 'N', 'N', 'N', 'N'),
(6775, 223, 22, 'N', 'N', 'N', 'N'),
(6776, 225, 22, 'Y', 'Y', 'Y', 'N'),
(6777, 226, 22, 'N', 'N', 'N', 'N'),
(6778, 227, 22, 'Y', 'Y', 'Y', 'N'),
(6779, 228, 22, 'Y', 'Y', 'Y', 'N'),
(6780, 229, 22, 'Y', 'Y', 'Y', 'N'),
(6781, 230, 22, 'Y', 'Y', 'Y', 'N'),
(6782, 231, 22, 'N', 'N', 'N', 'N'),
(6783, 232, 22, 'N', 'N', 'N', 'N'),
(6784, 233, 22, 'Y', 'Y', 'Y', 'N'),
(6785, 236, 22, 'N', 'N', 'N', 'N'),
(6786, 237, 22, 'N', 'N', 'N', 'N'),
(6787, 238, 22, 'N', 'N', 'N', 'N'),
(6788, 239, 22, 'N', 'N', 'N', 'N'),
(6789, 240, 22, 'Y', 'N', 'N', 'N'),
(6790, 241, 22, 'N', 'N', 'N', 'N'),
(6791, 242, 22, 'N', 'N', 'N', 'N'),
(6792, 243, 22, 'Y', 'Y', 'Y', 'N'),
(6793, 244, 22, 'N', 'N', 'N', 'N'),
(6794, 245, 22, 'N', 'N', 'N', 'N'),
(6795, 246, 22, 'N', 'N', 'N', 'N'),
(6796, 247, 22, 'N', 'N', 'N', 'N'),
(6797, 248, 22, 'N', 'N', 'N', 'N'),
(6798, 265, 22, 'Y', 'Y', 'Y', 'N'),
(6799, 266, 22, 'Y', 'Y', 'Y', 'N'),
(6800, 267, 22, 'Y', 'Y', 'Y', 'N'),
(6801, 268, 22, 'N', 'N', 'N', 'N'),
(6802, 270, 22, 'N', 'N', 'N', 'N'),
(6803, 271, 22, 'N', 'N', 'N', 'N'),
(6804, 273, 22, 'N', 'N', 'N', 'N'),
(6805, 274, 22, 'N', 'N', 'N', 'N'),
(6806, 275, 22, 'N', 'N', 'N', 'N'),
(6807, 276, 22, 'N', 'N', 'N', 'N'),
(6808, 278, 22, 'N', 'N', 'N', 'N'),
(6809, 279, 22, 'N', 'N', 'N', 'N'),
(6810, 280, 22, 'N', 'N', 'N', 'N'),
(6811, 281, 22, 'N', 'N', 'N', 'N'),
(6812, 282, 22, 'N', 'N', 'N', 'N'),
(6813, 283, 22, 'N', 'N', 'N', 'N'),
(6814, 285, 22, 'N', 'N', 'N', 'N'),
(6815, 286, 22, 'N', 'N', 'N', 'N'),
(6816, 287, 22, 'N', 'N', 'N', 'N'),
(6817, 288, 22, 'N', 'N', 'N', 'N'),
(6818, 289, 22, 'Y', 'Y', 'N', 'N'),
(6819, 290, 22, 'N', 'N', 'N', 'N'),
(6820, 291, 22, 'N', 'N', 'N', 'N'),
(6821, 292, 22, 'N', 'N', 'N', 'N'),
(6822, 293, 22, 'N', 'N', 'N', 'N'),
(6823, 294, 22, 'N', 'N', 'N', 'N'),
(6824, 295, 22, 'N', 'N', 'N', 'N'),
(6825, 296, 22, 'N', 'N', 'N', 'N'),
(6826, 297, 22, 'N', 'N', 'N', 'N'),
(6827, 298, 22, 'N', 'N', 'N', 'N'),
(6828, 299, 22, 'N', 'N', 'N', 'N'),
(6829, 300, 22, 'N', 'N', 'N', 'N'),
(6830, 301, 22, 'N', 'N', 'N', 'N'),
(6831, 302, 22, 'N', 'N', 'N', 'N'),
(6832, 303, 22, 'N', 'N', 'N', 'N'),
(6833, 304, 22, 'N', 'N', 'N', 'N'),
(6834, 305, 22, 'N', 'N', 'N', 'N'),
(6835, 306, 22, 'N', 'N', 'N', 'N'),
(6836, 308, 22, 'N', 'N', 'N', 'N'),
(6837, 309, 22, 'N', 'N', 'N', 'N'),
(6838, 310, 22, 'N', 'N', 'N', 'N'),
(6839, 311, 22, 'N', 'N', 'N', 'N'),
(6840, 312, 22, 'N', 'N', 'N', 'N'),
(6842, 314, 22, 'N', 'N', 'N', 'N'),
(6843, 315, 22, 'N', 'N', 'N', 'N'),
(6844, 316, 22, 'N', 'N', 'N', 'N'),
(6845, 317, 22, 'N', 'N', 'N', 'N'),
(6848, 320, 22, 'N', 'N', 'N', 'N'),
(6849, 321, 22, 'N', 'N', 'N', 'N'),
(6850, 322, 22, 'N', 'N', 'N', 'N'),
(6851, 323, 22, 'Y', 'Y', 'Y', 'N'),
(6852, 324, 22, 'Y', 'Y', 'Y', 'N'),
(6853, 325, 22, 'N', 'N', 'N', 'N'),
(6854, 326, 22, 'Y', 'Y', 'Y', 'Y'),
(6855, 327, 22, 'N', 'N', 'N', 'N'),
(6856, 328, 22, 'N', 'N', 'N', 'N'),
(6857, 329, 22, 'N', 'N', 'N', 'N'),
(6858, 330, 1, 'Y', 'Y', 'Y', 'Y'),
(6859, 330, 8, 'N', 'N', 'N', 'N'),
(6860, 330, 9, 'N', 'N', 'N', 'N'),
(6861, 330, 17, 'N', 'N', 'N', 'N'),
(6862, 330, 18, 'N', 'N', 'N', 'N'),
(6863, 330, 19, 'N', 'N', 'N', 'N'),
(6864, 330, 20, 'N', 'N', 'N', 'N'),
(6865, 330, 21, 'N', 'N', 'N', 'N'),
(6866, 330, 22, 'Y', 'Y', 'Y', 'Y'),
(6868, 15, 23, 'Y', 'N', 'N', 'N'),
(6869, 16, 23, 'Y', 'N', 'N', 'N'),
(6870, 22, 23, 'Y', 'N', 'N', 'N'),
(6871, 28, 23, 'Y', 'N', 'N', 'N'),
(6872, 29, 23, 'Y', 'N', 'N', 'N'),
(6873, 61, 23, 'N', 'N', 'N', 'N'),
(6874, 62, 23, 'N', 'N', 'N', 'N'),
(6875, 63, 23, 'Y', 'N', 'N', 'N'),
(6876, 71, 23, 'Y', 'N', 'N', 'N'),
(6877, 79, 23, 'N', 'N', 'N', 'N'),
(6878, 80, 23, 'N', 'N', 'N', 'N'),
(6879, 100, 23, 'Y', 'Y', 'Y', 'Y'),
(6880, 101, 23, 'N', 'N', 'N', 'N'),
(6881, 120, 23, 'N', 'N', 'N', 'N'),
(6882, 125, 23, 'Y', 'Y', 'Y', 'N'),
(6883, 135, 23, 'N', 'N', 'N', 'N'),
(6884, 142, 23, 'N', 'N', 'N', 'N'),
(6885, 160, 23, 'Y', 'N', 'N', 'N'),
(6886, 161, 23, 'N', 'N', 'N', 'N'),
(6887, 169, 23, 'N', 'N', 'N', 'N'),
(6888, 171, 23, 'Y', 'Y', 'Y', 'N'),
(6889, 172, 23, 'N', 'N', 'N', 'N'),
(6890, 174, 23, 'Y', 'Y', 'Y', 'Y'),
(6892, 176, 23, 'Y', 'Y', 'Y', 'Y'),
(6893, 178, 23, 'Y', 'Y', 'Y', 'Y'),
(6896, 182, 23, 'Y', 'Y', 'Y', 'N'),
(6897, 183, 23, 'Y', 'N', 'N', 'N'),
(6899, 186, 23, 'Y', 'N', 'N', 'N'),
(6900, 187, 23, 'N', 'N', 'N', 'N'),
(6901, 188, 23, 'N', 'N', 'N', 'N'),
(6902, 189, 23, 'N', 'N', 'N', 'N'),
(6903, 190, 23, 'Y', 'Y', 'Y', 'N'),
(6904, 192, 23, 'Y', 'N', 'N', 'N'),
(6905, 193, 23, 'Y', 'Y', 'Y', 'N'),
(6906, 196, 23, 'N', 'N', 'N', 'N'),
(6907, 198, 23, 'Y', 'N', 'N', 'N'),
(6908, 199, 23, 'Y', 'Y', 'Y', 'Y'),
(6909, 200, 23, 'Y', 'Y', 'Y', 'Y'),
(6910, 202, 23, 'Y', 'Y', 'Y', 'Y'),
(6911, 205, 23, 'Y', 'N', 'N', 'N'),
(6912, 208, 23, 'Y', 'Y', 'Y', 'Y'),
(6913, 209, 23, 'Y', 'N', 'N', 'N'),
(6914, 210, 23, 'N', 'N', 'N', 'N'),
(6915, 211, 23, 'Y', 'Y', 'Y', 'N'),
(6916, 212, 23, 'Y', 'Y', 'Y', 'Y'),
(6917, 213, 23, 'Y', 'Y', 'Y', 'Y'),
(6918, 214, 23, 'Y', 'Y', 'Y', 'N'),
(6919, 216, 23, 'Y', 'N', 'N', 'N'),
(6920, 217, 23, 'Y', 'N', 'N', 'N'),
(6921, 218, 23, 'N', 'N', 'N', 'N'),
(6922, 219, 23, 'Y', 'Y', 'Y', 'N'),
(6923, 220, 23, 'Y', 'Y', 'Y', 'Y'),
(6924, 221, 23, 'Y', 'N', 'N', 'N'),
(6925, 222, 23, 'Y', 'Y', 'Y', 'Y'),
(6926, 223, 23, 'Y', 'Y', 'Y', 'Y'),
(6927, 225, 23, 'Y', 'Y', 'Y', 'N'),
(6928, 226, 23, 'Y', 'Y', 'Y', 'N'),
(6929, 227, 23, 'Y', 'Y', 'Y', 'Y'),
(6930, 228, 23, 'N', 'N', 'N', 'N'),
(6931, 229, 23, 'N', 'N', 'N', 'N'),
(6932, 230, 23, 'N', 'N', 'N', 'N'),
(6933, 231, 23, 'Y', 'N', 'N', 'N'),
(6934, 232, 23, 'Y', 'Y', 'Y', 'Y'),
(6935, 233, 23, 'Y', 'Y', 'Y', 'N'),
(6936, 236, 23, 'N', 'N', 'N', 'N'),
(6937, 237, 23, 'N', 'N', 'N', 'N'),
(6938, 238, 23, 'N', 'N', 'N', 'N'),
(6939, 239, 23, 'Y', 'Y', 'Y', 'Y'),
(6940, 240, 23, 'N', 'N', 'N', 'N'),
(6941, 241, 23, 'N', 'N', 'N', 'N'),
(6942, 242, 23, 'N', 'N', 'N', 'N'),
(6943, 243, 23, 'N', 'N', 'N', 'N'),
(6944, 244, 23, 'N', 'N', 'N', 'N'),
(6945, 245, 23, 'Y', 'Y', 'Y', 'Y'),
(6946, 246, 23, 'Y', 'N', 'N', 'N'),
(6947, 247, 23, 'N', 'N', 'N', 'N'),
(6948, 248, 23, 'N', 'N', 'N', 'N'),
(6949, 265, 23, 'N', 'N', 'N', 'N'),
(6950, 266, 23, 'Y', 'Y', 'Y', 'N'),
(6951, 267, 23, 'N', 'N', 'N', 'N'),
(6952, 268, 23, 'N', 'N', 'N', 'N'),
(6953, 270, 23, 'N', 'N', 'N', 'N'),
(6954, 271, 23, 'N', 'N', 'N', 'N'),
(6955, 273, 23, 'N', 'N', 'N', 'N'),
(6956, 274, 23, 'Y', 'N', 'N', 'N'),
(6957, 275, 23, 'N', 'N', 'N', 'N'),
(6958, 276, 23, 'N', 'N', 'N', 'N'),
(6959, 278, 23, 'N', 'N', 'N', 'N'),
(6960, 279, 23, 'N', 'N', 'N', 'N'),
(6961, 280, 23, 'N', 'N', 'N', 'N'),
(6962, 281, 23, 'N', 'N', 'N', 'N'),
(6963, 282, 23, 'N', 'N', 'N', 'N'),
(6964, 283, 23, 'N', 'N', 'N', 'N'),
(6965, 285, 23, 'Y', 'N', 'N', 'N'),
(6966, 286, 23, 'N', 'N', 'N', 'N'),
(6967, 287, 23, 'N', 'N', 'N', 'N'),
(6968, 288, 23, 'N', 'N', 'N', 'N'),
(6969, 289, 23, 'Y', 'Y', 'Y', 'N'),
(6970, 290, 23, 'N', 'N', 'N', 'N'),
(6971, 291, 23, 'N', 'N', 'N', 'N'),
(6972, 292, 23, 'N', 'N', 'N', 'N'),
(6973, 293, 23, 'N', 'N', 'N', 'N'),
(6974, 294, 23, 'N', 'N', 'N', 'N'),
(6975, 295, 23, 'N', 'N', 'N', 'N'),
(6976, 296, 23, 'N', 'N', 'N', 'N'),
(6977, 297, 23, 'N', 'N', 'N', 'N'),
(6978, 298, 23, 'N', 'N', 'N', 'N'),
(6979, 299, 23, 'N', 'N', 'N', 'N'),
(6980, 300, 23, 'N', 'N', 'N', 'N'),
(6981, 301, 23, 'N', 'N', 'N', 'N'),
(6982, 302, 23, 'N', 'N', 'N', 'N'),
(6983, 303, 23, 'N', 'N', 'N', 'N'),
(6984, 304, 23, 'N', 'N', 'N', 'N'),
(6985, 305, 23, 'N', 'N', 'N', 'N'),
(6986, 306, 23, 'Y', 'Y', 'Y', 'Y'),
(6987, 308, 23, 'N', 'N', 'N', 'N'),
(6988, 309, 23, 'N', 'N', 'N', 'N'),
(6989, 310, 23, 'N', 'N', 'N', 'N'),
(6990, 311, 23, 'N', 'N', 'N', 'N'),
(6991, 312, 23, 'N', 'N', 'N', 'N'),
(6993, 314, 23, 'N', 'N', 'N', 'N'),
(6994, 315, 23, 'N', 'N', 'N', 'N'),
(6995, 316, 23, 'Y', 'Y', 'Y', 'Y'),
(6996, 317, 23, 'N', 'N', 'N', 'N'),
(6999, 320, 23, 'N', 'N', 'N', 'N'),
(7000, 321, 23, 'N', 'N', 'N', 'N'),
(7001, 322, 23, 'N', 'N', 'N', 'N'),
(7002, 323, 23, 'N', 'N', 'N', 'N'),
(7003, 324, 23, 'N', 'N', 'N', 'N'),
(7004, 325, 23, 'N', 'N', 'N', 'N'),
(7005, 326, 23, 'N', 'N', 'N', 'N'),
(7006, 327, 23, 'Y', 'Y', 'Y', 'Y'),
(7007, 328, 23, 'N', 'N', 'N', 'N'),
(7008, 329, 23, 'Y', 'Y', 'Y', 'Y'),
(7009, 330, 23, 'N', 'N', 'N', 'N'),
(7010, 331, 1, 'Y', 'Y', 'Y', 'Y'),
(7011, 331, 8, 'N', 'N', 'N', 'N'),
(7012, 331, 9, 'N', 'N', 'N', 'N'),
(7013, 331, 17, 'N', 'N', 'N', 'N'),
(7014, 331, 18, 'N', 'N', 'N', 'N'),
(7015, 331, 19, 'Y', 'Y', 'Y', 'N'),
(7016, 331, 20, 'N', 'N', 'N', 'N'),
(7017, 331, 21, 'N', 'N', 'N', 'N'),
(7018, 331, 22, 'N', 'N', 'N', 'N'),
(7019, 331, 23, 'Y', 'N', 'N', 'N'),
(7021, 15, 24, 'Y', 'N', 'N', 'N'),
(7022, 16, 24, 'Y', 'N', 'N', 'N'),
(7023, 22, 24, 'Y', 'N', 'N', 'N'),
(7024, 28, 24, 'Y', 'N', 'N', 'N'),
(7025, 29, 24, 'Y', 'N', 'N', 'N'),
(7026, 61, 24, 'N', 'N', 'N', 'N'),
(7027, 62, 24, 'N', 'N', 'N', 'N'),
(7028, 63, 24, 'Y', 'N', 'N', 'N'),
(7029, 71, 24, 'Y', 'N', 'N', 'N'),
(7030, 79, 24, 'N', 'N', 'N', 'N'),
(7031, 80, 24, 'N', 'N', 'N', 'N'),
(7032, 100, 24, 'Y', 'Y', 'Y', 'N'),
(7033, 101, 24, 'N', 'N', 'N', 'N'),
(7034, 120, 24, 'N', 'N', 'N', 'N'),
(7035, 125, 24, 'Y', 'Y', 'Y', 'N'),
(7036, 135, 24, 'N', 'N', 'N', 'N'),
(7037, 142, 24, 'Y', 'Y', 'Y', 'N'),
(7038, 160, 24, 'Y', 'N', 'N', 'N'),
(7039, 161, 24, 'N', 'N', 'N', 'N'),
(7040, 169, 24, 'N', 'N', 'N', 'N'),
(7041, 171, 24, 'Y', 'Y', 'Y', 'N'),
(7042, 172, 24, 'N', 'N', 'N', 'N'),
(7043, 174, 24, 'Y', 'Y', 'Y', 'N'),
(7045, 176, 24, 'Y', 'Y', 'Y', 'N'),
(7046, 178, 24, 'Y', 'Y', 'Y', 'N'),
(7049, 182, 24, 'Y', 'Y', 'Y', 'N'),
(7050, 183, 24, 'Y', 'N', 'N', 'N'),
(7052, 186, 24, 'Y', 'N', 'N', 'N'),
(7053, 187, 24, 'N', 'N', 'N', 'N'),
(7054, 188, 24, 'N', 'N', 'N', 'N'),
(7055, 189, 24, 'N', 'N', 'N', 'N'),
(7056, 190, 24, 'Y', 'Y', 'Y', 'N'),
(7057, 192, 24, 'Y', 'N', 'N', 'N'),
(7058, 193, 24, 'Y', 'Y', 'Y', 'N'),
(7059, 196, 24, 'N', 'N', 'N', 'N'),
(7060, 198, 24, 'Y', 'N', 'N', 'N'),
(7061, 199, 24, 'Y', 'Y', 'Y', 'N'),
(7062, 200, 24, 'N', 'N', 'N', 'N'),
(7063, 202, 24, 'Y', 'Y', 'Y', 'N'),
(7064, 205, 24, 'Y', 'N', 'N', 'N'),
(7065, 208, 24, 'Y', 'Y', 'Y', 'N'),
(7066, 209, 24, 'Y', 'N', 'N', 'N'),
(7067, 210, 24, 'N', 'N', 'N', 'N'),
(7068, 211, 24, 'Y', 'Y', 'Y', 'N'),
(7069, 212, 24, 'Y', 'Y', 'Y', 'N'),
(7070, 213, 24, 'Y', 'Y', 'Y', 'N'),
(7071, 214, 24, 'Y', 'Y', 'Y', 'Y'),
(7072, 216, 24, 'Y', 'N', 'N', 'N'),
(7073, 217, 24, 'Y', 'N', 'N', 'N'),
(7074, 218, 24, 'N', 'N', 'N', 'N'),
(7075, 219, 24, 'Y', 'Y', 'Y', 'N'),
(7076, 220, 24, 'Y', 'Y', 'Y', 'Y'),
(7077, 221, 24, 'Y', 'N', 'N', 'N'),
(7078, 222, 24, 'Y', 'Y', 'Y', 'N'),
(7079, 223, 24, 'Y', 'Y', 'Y', 'Y'),
(7080, 225, 24, 'Y', 'Y', 'Y', 'N'),
(7081, 226, 24, 'Y', 'Y', 'Y', 'N'),
(7082, 227, 24, 'Y', 'Y', 'Y', 'N'),
(7083, 228, 24, 'N', 'N', 'N', 'N'),
(7084, 229, 24, 'N', 'N', 'N', 'N'),
(7085, 230, 24, 'N', 'N', 'N', 'N'),
(7086, 231, 24, 'Y', 'N', 'N', 'N'),
(7087, 232, 24, 'Y', 'Y', 'Y', 'N'),
(7088, 233, 24, 'Y', 'Y', 'Y', 'N'),
(7089, 236, 24, 'N', 'N', 'N', 'N'),
(7090, 237, 24, 'N', 'N', 'N', 'N'),
(7091, 238, 24, 'N', 'N', 'N', 'N'),
(7092, 239, 24, 'Y', 'Y', 'Y', 'N'),
(7093, 240, 24, 'N', 'N', 'N', 'N'),
(7094, 241, 24, 'N', 'N', 'N', 'N'),
(7095, 242, 24, 'N', 'N', 'N', 'N'),
(7096, 243, 24, 'N', 'N', 'N', 'N'),
(7097, 244, 24, 'N', 'N', 'N', 'N'),
(7098, 245, 24, 'Y', 'Y', 'Y', 'N');
INSERT INTO `sys_menu_role` (`id`, `id_menu`, `group_id`, `read_act`, `insert_act`, `update_act`, `delete_act`) VALUES
(7099, 246, 24, 'Y', 'N', 'N', 'N'),
(7100, 247, 24, 'N', 'N', 'N', 'N'),
(7101, 248, 24, 'N', 'N', 'N', 'N'),
(7102, 265, 24, 'N', 'N', 'N', 'N'),
(7103, 266, 24, 'Y', 'Y', 'Y', 'N'),
(7104, 267, 24, 'N', 'N', 'N', 'N'),
(7105, 268, 24, 'N', 'N', 'N', 'N'),
(7106, 270, 24, 'N', 'N', 'N', 'N'),
(7107, 271, 24, 'N', 'N', 'N', 'N'),
(7108, 273, 24, 'N', 'N', 'N', 'N'),
(7109, 274, 24, 'Y', 'N', 'N', 'N'),
(7110, 275, 24, 'N', 'N', 'N', 'N'),
(7111, 276, 24, 'N', 'N', 'N', 'N'),
(7112, 278, 24, 'N', 'N', 'N', 'N'),
(7113, 279, 24, 'N', 'N', 'N', 'N'),
(7114, 280, 24, 'N', 'N', 'N', 'N'),
(7115, 281, 24, 'N', 'N', 'N', 'N'),
(7116, 282, 24, 'N', 'N', 'N', 'N'),
(7117, 283, 24, 'N', 'N', 'N', 'N'),
(7118, 285, 24, 'Y', 'N', 'N', 'N'),
(7119, 286, 24, 'N', 'N', 'N', 'N'),
(7120, 287, 24, 'N', 'N', 'N', 'N'),
(7121, 288, 24, 'N', 'N', 'N', 'N'),
(7122, 289, 24, 'Y', 'Y', 'Y', 'N'),
(7123, 290, 24, 'N', 'N', 'N', 'N'),
(7124, 291, 24, 'N', 'N', 'N', 'N'),
(7125, 292, 24, 'N', 'N', 'N', 'N'),
(7126, 293, 24, 'N', 'N', 'N', 'N'),
(7127, 294, 24, 'N', 'N', 'N', 'N'),
(7128, 295, 24, 'N', 'N', 'N', 'N'),
(7129, 296, 24, 'N', 'N', 'N', 'N'),
(7130, 297, 24, 'N', 'N', 'N', 'N'),
(7131, 298, 24, 'N', 'N', 'N', 'N'),
(7132, 299, 24, 'N', 'N', 'N', 'N'),
(7133, 300, 24, 'N', 'N', 'N', 'N'),
(7134, 301, 24, 'N', 'N', 'N', 'N'),
(7135, 302, 24, 'N', 'N', 'N', 'N'),
(7136, 303, 24, 'N', 'N', 'N', 'N'),
(7137, 304, 24, 'N', 'N', 'N', 'N'),
(7138, 305, 24, 'N', 'N', 'N', 'N'),
(7139, 306, 24, 'N', 'N', 'N', 'N'),
(7140, 308, 24, 'N', 'N', 'N', 'N'),
(7141, 309, 24, 'N', 'N', 'N', 'N'),
(7142, 310, 24, 'N', 'N', 'N', 'N'),
(7143, 311, 24, 'N', 'N', 'N', 'N'),
(7144, 312, 24, 'N', 'N', 'N', 'N'),
(7146, 314, 24, 'N', 'N', 'N', 'N'),
(7147, 315, 24, 'N', 'N', 'N', 'N'),
(7148, 316, 24, 'Y', 'Y', 'Y', 'N'),
(7149, 317, 24, 'N', 'N', 'N', 'N'),
(7152, 320, 24, 'N', 'N', 'N', 'N'),
(7153, 321, 24, 'N', 'N', 'N', 'N'),
(7154, 322, 24, 'N', 'N', 'N', 'N'),
(7155, 323, 24, 'N', 'N', 'N', 'N'),
(7156, 324, 24, 'N', 'N', 'N', 'N'),
(7157, 325, 24, 'N', 'N', 'N', 'N'),
(7158, 326, 24, 'N', 'N', 'N', 'N'),
(7159, 327, 24, 'Y', 'Y', 'N', 'N'),
(7160, 328, 24, 'N', 'N', 'N', 'N'),
(7161, 329, 24, 'Y', 'Y', 'Y', 'Y'),
(7162, 330, 24, 'N', 'N', 'N', 'N'),
(7163, 331, 24, 'Y', 'N', 'N', 'N'),
(7276, 15, 25, 'N', 'N', 'N', 'N'),
(7277, 16, 25, 'N', 'N', 'N', 'N'),
(7278, 22, 25, 'N', 'N', 'N', 'N'),
(7279, 28, 25, 'N', 'N', 'N', 'N'),
(7280, 29, 25, 'N', 'N', 'N', 'N'),
(7281, 61, 25, 'N', 'N', 'N', 'N'),
(7282, 62, 25, 'N', 'N', 'N', 'N'),
(7283, 63, 25, 'N', 'N', 'N', 'N'),
(7284, 71, 25, 'N', 'N', 'N', 'N'),
(7285, 79, 25, 'N', 'N', 'N', 'N'),
(7286, 80, 25, 'N', 'N', 'N', 'N'),
(7287, 100, 25, 'N', 'N', 'N', 'N'),
(7288, 101, 25, 'N', 'N', 'N', 'N'),
(7289, 120, 25, 'N', 'N', 'N', 'N'),
(7290, 125, 25, 'N', 'N', 'N', 'N'),
(7291, 135, 25, 'N', 'N', 'N', 'N'),
(7292, 142, 25, 'N', 'N', 'N', 'N'),
(7293, 160, 25, 'N', 'N', 'N', 'N'),
(7294, 161, 25, 'N', 'N', 'N', 'N'),
(7295, 169, 25, 'N', 'N', 'N', 'N'),
(7296, 171, 25, 'N', 'N', 'N', 'N'),
(7297, 172, 25, 'N', 'N', 'N', 'N'),
(7298, 174, 25, 'N', 'N', 'N', 'N'),
(7300, 176, 25, 'N', 'N', 'N', 'N'),
(7301, 178, 25, 'N', 'N', 'N', 'N'),
(7304, 182, 25, 'N', 'N', 'N', 'N'),
(7305, 183, 25, 'N', 'N', 'N', 'N'),
(7307, 186, 25, 'N', 'N', 'N', 'N'),
(7308, 187, 25, 'N', 'N', 'N', 'N'),
(7309, 188, 25, 'N', 'N', 'N', 'N'),
(7310, 189, 25, 'N', 'N', 'N', 'N'),
(7311, 190, 25, 'N', 'N', 'N', 'N'),
(7312, 192, 25, 'N', 'N', 'N', 'N'),
(7313, 193, 25, 'N', 'N', 'N', 'N'),
(7314, 196, 25, 'N', 'N', 'N', 'N'),
(7315, 198, 25, 'N', 'N', 'N', 'N'),
(7316, 199, 25, 'N', 'N', 'N', 'N'),
(7317, 200, 25, 'N', 'N', 'N', 'N'),
(7318, 202, 25, 'N', 'N', 'N', 'N'),
(7319, 205, 25, 'N', 'N', 'N', 'N'),
(7320, 208, 25, 'N', 'N', 'N', 'N'),
(7321, 209, 25, 'N', 'N', 'N', 'N'),
(7322, 210, 25, 'N', 'N', 'N', 'N'),
(7323, 211, 25, 'N', 'N', 'N', 'N'),
(7324, 212, 25, 'N', 'N', 'N', 'N'),
(7325, 213, 25, 'N', 'N', 'N', 'N'),
(7326, 214, 25, 'N', 'N', 'N', 'N'),
(7327, 216, 25, 'N', 'N', 'N', 'N'),
(7328, 217, 25, 'N', 'N', 'N', 'N'),
(7329, 218, 25, 'N', 'N', 'N', 'N'),
(7330, 219, 25, 'N', 'N', 'N', 'N'),
(7331, 220, 25, 'N', 'N', 'N', 'N'),
(7332, 221, 25, 'N', 'N', 'N', 'N'),
(7333, 222, 25, 'N', 'N', 'N', 'N'),
(7334, 223, 25, 'N', 'N', 'N', 'N'),
(7335, 225, 25, 'N', 'N', 'N', 'N'),
(7336, 226, 25, 'N', 'N', 'N', 'N'),
(7337, 227, 25, 'N', 'N', 'N', 'N'),
(7338, 228, 25, 'N', 'N', 'N', 'N'),
(7339, 229, 25, 'N', 'N', 'N', 'N'),
(7340, 230, 25, 'N', 'N', 'N', 'N'),
(7341, 231, 25, 'N', 'N', 'N', 'N'),
(7342, 232, 25, 'N', 'N', 'N', 'N'),
(7343, 233, 25, 'N', 'N', 'N', 'N'),
(7344, 236, 25, 'N', 'N', 'N', 'N'),
(7345, 237, 25, 'N', 'N', 'N', 'N'),
(7346, 238, 25, 'N', 'N', 'N', 'N'),
(7347, 239, 25, 'N', 'N', 'N', 'N'),
(7348, 240, 25, 'N', 'N', 'N', 'N'),
(7349, 241, 25, 'N', 'N', 'N', 'N'),
(7350, 242, 25, 'N', 'N', 'N', 'N'),
(7351, 243, 25, 'N', 'N', 'N', 'N'),
(7352, 244, 25, 'N', 'N', 'N', 'N'),
(7353, 245, 25, 'N', 'N', 'N', 'N'),
(7354, 246, 25, 'N', 'N', 'N', 'N'),
(7355, 247, 25, 'N', 'N', 'N', 'N'),
(7356, 248, 25, 'N', 'N', 'N', 'N'),
(7357, 265, 25, 'N', 'N', 'N', 'N'),
(7358, 266, 25, 'N', 'N', 'N', 'N'),
(7359, 267, 25, 'N', 'N', 'N', 'N'),
(7360, 268, 25, 'N', 'N', 'N', 'N'),
(7361, 270, 25, 'N', 'N', 'N', 'N'),
(7362, 271, 25, 'N', 'N', 'N', 'N'),
(7363, 273, 25, 'N', 'N', 'N', 'N'),
(7364, 274, 25, 'N', 'N', 'N', 'N'),
(7365, 275, 25, 'N', 'N', 'N', 'N'),
(7366, 276, 25, 'N', 'N', 'N', 'N'),
(7367, 278, 25, 'N', 'N', 'N', 'N'),
(7368, 279, 25, 'N', 'N', 'N', 'N'),
(7369, 280, 25, 'N', 'N', 'N', 'N'),
(7370, 281, 25, 'N', 'N', 'N', 'N'),
(7371, 282, 25, 'N', 'N', 'N', 'N'),
(7372, 283, 25, 'N', 'N', 'N', 'N'),
(7373, 285, 25, 'N', 'N', 'N', 'N'),
(7374, 286, 25, 'N', 'N', 'N', 'N'),
(7375, 287, 25, 'N', 'N', 'N', 'N'),
(7376, 288, 25, 'N', 'N', 'N', 'N'),
(7377, 289, 25, 'N', 'N', 'N', 'N'),
(7378, 290, 25, 'N', 'N', 'N', 'N'),
(7379, 291, 25, 'N', 'N', 'N', 'N'),
(7380, 292, 25, 'N', 'N', 'N', 'N'),
(7381, 293, 25, 'N', 'N', 'N', 'N'),
(7382, 294, 25, 'N', 'N', 'N', 'N'),
(7383, 295, 25, 'N', 'N', 'N', 'N'),
(7384, 296, 25, 'N', 'N', 'N', 'N'),
(7385, 297, 25, 'N', 'N', 'N', 'N'),
(7386, 298, 25, 'N', 'N', 'N', 'N'),
(7387, 299, 25, 'N', 'N', 'N', 'N'),
(7388, 300, 25, 'N', 'N', 'N', 'N'),
(7389, 301, 25, 'N', 'N', 'N', 'N'),
(7390, 302, 25, 'N', 'N', 'N', 'N'),
(7391, 303, 25, 'N', 'N', 'N', 'N'),
(7392, 304, 25, 'N', 'N', 'N', 'N'),
(7393, 305, 25, 'N', 'N', 'N', 'N'),
(7394, 306, 25, 'N', 'N', 'N', 'N'),
(7395, 308, 25, 'N', 'N', 'N', 'N'),
(7396, 309, 25, 'N', 'N', 'N', 'N'),
(7397, 310, 25, 'N', 'N', 'N', 'N'),
(7398, 311, 25, 'N', 'N', 'N', 'N'),
(7399, 312, 25, 'N', 'N', 'N', 'N'),
(7401, 314, 25, 'N', 'N', 'N', 'N'),
(7402, 315, 25, 'N', 'N', 'N', 'N'),
(7403, 316, 25, 'N', 'N', 'N', 'N'),
(7404, 317, 25, 'N', 'N', 'N', 'N'),
(7407, 320, 25, 'N', 'N', 'N', 'N'),
(7408, 321, 25, 'N', 'N', 'N', 'N'),
(7409, 322, 25, 'N', 'N', 'N', 'N'),
(7410, 323, 25, 'N', 'N', 'N', 'N'),
(7411, 324, 25, 'N', 'N', 'N', 'N'),
(7412, 325, 25, 'N', 'N', 'N', 'N'),
(7413, 326, 25, 'N', 'N', 'N', 'N'),
(7414, 327, 25, 'N', 'N', 'N', 'N'),
(7415, 328, 25, 'N', 'N', 'N', 'N'),
(7416, 329, 25, 'N', 'N', 'N', 'N'),
(7417, 330, 25, 'N', 'N', 'N', 'N'),
(7418, 331, 25, 'N', 'N', 'N', 'N'),
(7419, 332, 1, 'Y', 'Y', 'Y', 'Y'),
(7420, 332, 8, 'N', 'N', 'N', 'N'),
(7421, 332, 9, 'Y', 'Y', 'Y', 'N'),
(7422, 332, 17, 'N', 'N', 'N', 'N'),
(7423, 332, 18, 'N', 'N', 'N', 'N'),
(7424, 332, 19, 'N', 'N', 'N', 'N'),
(7425, 332, 20, 'N', 'N', 'N', 'N'),
(7426, 332, 21, 'N', 'N', 'N', 'N'),
(7427, 332, 22, 'N', 'N', 'N', 'N'),
(7428, 332, 23, 'Y', 'Y', 'Y', 'N'),
(7429, 332, 24, 'Y', 'Y', 'Y', 'N'),
(7430, 332, 25, 'N', 'N', 'N', 'N'),
(7432, 15, 26, 'Y', 'N', 'N', 'N'),
(7433, 16, 26, 'N', 'N', 'N', 'N'),
(7434, 22, 26, 'Y', 'N', 'N', 'N'),
(7435, 28, 26, 'N', 'N', 'N', 'N'),
(7436, 29, 26, 'N', 'N', 'N', 'N'),
(7437, 61, 26, 'N', 'N', 'N', 'N'),
(7438, 62, 26, 'Y', 'N', 'N', 'N'),
(7439, 63, 26, 'N', 'N', 'N', 'N'),
(7440, 71, 26, 'Y', 'N', 'N', 'N'),
(7441, 79, 26, 'N', 'N', 'N', 'N'),
(7442, 80, 26, 'N', 'N', 'N', 'N'),
(7443, 100, 26, 'N', 'N', 'N', 'N'),
(7444, 101, 26, 'Y', 'Y', 'Y', 'N'),
(7445, 120, 26, 'N', 'N', 'N', 'N'),
(7446, 125, 26, 'Y', 'Y', 'Y', 'N'),
(7447, 135, 26, 'N', 'N', 'N', 'N'),
(7448, 142, 26, 'N', 'N', 'N', 'N'),
(7449, 160, 26, 'N', 'N', 'N', 'N'),
(7450, 161, 26, 'N', 'N', 'N', 'N'),
(7451, 169, 26, 'N', 'N', 'N', 'N'),
(7452, 171, 26, 'N', 'N', 'N', 'N'),
(7453, 172, 26, 'N', 'N', 'N', 'N'),
(7454, 174, 26, 'N', 'N', 'N', 'N'),
(7456, 176, 26, 'N', 'N', 'N', 'N'),
(7457, 178, 26, 'N', 'N', 'N', 'N'),
(7460, 182, 26, 'N', 'N', 'N', 'N'),
(7461, 183, 26, 'N', 'N', 'N', 'N'),
(7463, 186, 26, 'N', 'N', 'N', 'N'),
(7464, 187, 26, 'N', 'N', 'N', 'N'),
(7465, 188, 26, 'N', 'N', 'N', 'N'),
(7466, 189, 26, 'N', 'N', 'N', 'N'),
(7467, 190, 26, 'N', 'N', 'N', 'N'),
(7468, 192, 26, 'Y', 'N', 'N', 'N'),
(7469, 193, 26, 'Y', 'Y', 'N', 'N'),
(7470, 196, 26, 'N', 'N', 'N', 'N'),
(7471, 198, 26, 'N', 'N', 'N', 'N'),
(7472, 199, 26, 'N', 'N', 'N', 'N'),
(7473, 200, 26, 'N', 'N', 'N', 'N'),
(7474, 202, 26, 'N', 'N', 'N', 'N'),
(7475, 205, 26, 'N', 'N', 'N', 'N'),
(7476, 208, 26, 'N', 'N', 'N', 'N'),
(7477, 209, 26, 'N', 'N', 'N', 'N'),
(7478, 210, 26, 'N', 'N', 'N', 'N'),
(7479, 211, 26, 'N', 'N', 'N', 'N'),
(7480, 212, 26, 'N', 'N', 'N', 'N'),
(7481, 213, 26, 'N', 'N', 'N', 'N'),
(7482, 214, 26, 'N', 'N', 'N', 'N'),
(7483, 216, 26, 'N', 'N', 'N', 'N'),
(7484, 217, 26, 'N', 'N', 'N', 'N'),
(7485, 218, 26, 'N', 'N', 'N', 'N'),
(7486, 219, 26, 'N', 'N', 'N', 'N'),
(7487, 220, 26, 'N', 'N', 'N', 'N'),
(7488, 221, 26, 'N', 'N', 'N', 'N'),
(7489, 222, 26, 'N', 'N', 'N', 'N'),
(7490, 223, 26, 'N', 'N', 'N', 'N'),
(7491, 225, 26, 'N', 'N', 'N', 'N'),
(7492, 226, 26, 'N', 'N', 'N', 'N'),
(7493, 227, 26, 'N', 'N', 'N', 'N'),
(7494, 228, 26, 'N', 'N', 'N', 'N'),
(7495, 229, 26, 'N', 'N', 'N', 'N'),
(7496, 230, 26, 'N', 'N', 'N', 'N'),
(7497, 231, 26, 'N', 'N', 'N', 'N'),
(7498, 232, 26, 'N', 'N', 'N', 'N'),
(7499, 233, 26, 'N', 'N', 'N', 'N'),
(7500, 236, 26, 'N', 'N', 'N', 'N'),
(7501, 237, 26, 'N', 'N', 'N', 'N'),
(7502, 238, 26, 'N', 'N', 'N', 'N'),
(7503, 239, 26, 'N', 'N', 'N', 'N'),
(7504, 240, 26, 'N', 'N', 'N', 'N'),
(7505, 241, 26, 'N', 'N', 'N', 'N'),
(7506, 242, 26, 'N', 'N', 'N', 'N'),
(7507, 243, 26, 'N', 'N', 'N', 'N'),
(7508, 244, 26, 'N', 'N', 'N', 'N'),
(7509, 245, 26, 'N', 'N', 'N', 'N'),
(7510, 246, 26, 'N', 'N', 'N', 'N'),
(7511, 247, 26, 'N', 'N', 'N', 'N'),
(7512, 248, 26, 'N', 'N', 'N', 'N'),
(7513, 265, 26, 'N', 'N', 'N', 'N'),
(7514, 266, 26, 'N', 'N', 'N', 'N'),
(7515, 267, 26, 'N', 'N', 'N', 'N'),
(7516, 268, 26, 'N', 'N', 'N', 'N'),
(7517, 270, 26, 'N', 'N', 'N', 'N'),
(7518, 271, 26, 'N', 'N', 'N', 'N'),
(7519, 273, 26, 'N', 'N', 'N', 'N'),
(7520, 274, 26, 'N', 'N', 'N', 'N'),
(7521, 275, 26, 'N', 'N', 'N', 'N'),
(7522, 276, 26, 'N', 'N', 'N', 'N'),
(7523, 278, 26, 'N', 'N', 'N', 'N'),
(7524, 279, 26, 'N', 'N', 'N', 'N'),
(7525, 280, 26, 'N', 'N', 'N', 'N'),
(7526, 281, 26, 'N', 'N', 'N', 'N'),
(7527, 282, 26, 'N', 'N', 'N', 'N'),
(7528, 283, 26, 'N', 'N', 'N', 'N'),
(7529, 285, 26, 'N', 'N', 'N', 'N'),
(7530, 286, 26, 'N', 'N', 'N', 'N'),
(7531, 287, 26, 'N', 'N', 'N', 'N'),
(7532, 288, 26, 'N', 'N', 'N', 'N'),
(7533, 289, 26, 'Y', 'Y', 'Y', 'N'),
(7534, 290, 26, 'N', 'N', 'N', 'N'),
(7535, 291, 26, 'N', 'N', 'N', 'N'),
(7536, 292, 26, 'N', 'N', 'N', 'N'),
(7537, 293, 26, 'N', 'N', 'N', 'N'),
(7538, 294, 26, 'N', 'N', 'N', 'N'),
(7539, 295, 26, 'N', 'N', 'N', 'N'),
(7540, 296, 26, 'N', 'N', 'N', 'N'),
(7541, 297, 26, 'N', 'N', 'N', 'N'),
(7542, 298, 26, 'N', 'N', 'N', 'N'),
(7543, 299, 26, 'N', 'N', 'N', 'N'),
(7544, 300, 26, 'N', 'N', 'N', 'N'),
(7545, 301, 26, 'N', 'N', 'N', 'N'),
(7546, 302, 26, 'N', 'N', 'N', 'N'),
(7547, 303, 26, 'N', 'N', 'N', 'N'),
(7548, 304, 26, 'N', 'N', 'N', 'N'),
(7549, 305, 26, 'N', 'N', 'N', 'N'),
(7550, 306, 26, 'N', 'N', 'N', 'N'),
(7551, 308, 26, 'N', 'N', 'N', 'N'),
(7552, 309, 26, 'N', 'N', 'N', 'N'),
(7553, 310, 26, 'N', 'N', 'N', 'N'),
(7554, 311, 26, 'N', 'N', 'N', 'N'),
(7555, 312, 26, 'N', 'N', 'N', 'N'),
(7557, 314, 26, 'N', 'N', 'N', 'N'),
(7558, 315, 26, 'N', 'N', 'N', 'N'),
(7559, 316, 26, 'N', 'N', 'N', 'N'),
(7560, 317, 26, 'N', 'N', 'N', 'N'),
(7563, 320, 26, 'N', 'N', 'N', 'N'),
(7564, 321, 26, 'N', 'N', 'N', 'N'),
(7565, 322, 26, 'N', 'N', 'N', 'N'),
(7566, 323, 26, 'N', 'N', 'N', 'N'),
(7567, 324, 26, 'N', 'N', 'N', 'N'),
(7568, 325, 26, 'N', 'N', 'N', 'N'),
(7569, 326, 26, 'N', 'N', 'N', 'N'),
(7570, 327, 26, 'N', 'N', 'N', 'N'),
(7571, 328, 26, 'N', 'N', 'N', 'N'),
(7572, 329, 26, 'N', 'N', 'N', 'N'),
(7573, 330, 26, 'N', 'N', 'N', 'N'),
(7574, 331, 26, 'N', 'N', 'N', 'N'),
(7575, 332, 26, 'N', 'N', 'N', 'N'),
(7832, 15, 28, 'Y', 'N', 'N', 'N'),
(7833, 16, 28, 'N', 'N', 'N', 'N'),
(7834, 22, 28, 'N', 'N', 'N', 'N'),
(7835, 28, 28, 'N', 'N', 'N', 'N'),
(7836, 29, 28, 'N', 'N', 'N', 'N'),
(7837, 61, 28, 'N', 'N', 'N', 'N'),
(7838, 62, 28, 'N', 'N', 'N', 'N'),
(7839, 63, 28, 'N', 'N', 'N', 'N'),
(7840, 71, 28, 'Y', 'N', 'N', 'N'),
(7841, 79, 28, 'N', 'N', 'N', 'N'),
(7842, 80, 28, 'N', 'N', 'N', 'N'),
(7843, 100, 28, 'N', 'N', 'N', 'N'),
(7844, 101, 28, 'N', 'N', 'N', 'N'),
(7845, 120, 28, 'N', 'N', 'N', 'N'),
(7846, 125, 28, 'N', 'N', 'N', 'N'),
(7847, 135, 28, 'N', 'N', 'N', 'N'),
(7848, 142, 28, 'N', 'N', 'N', 'N'),
(7849, 160, 28, 'Y', 'N', 'N', 'N'),
(7850, 161, 28, 'N', 'N', 'N', 'N'),
(7851, 169, 28, 'N', 'N', 'N', 'N'),
(7852, 171, 28, 'N', 'N', 'N', 'N'),
(7853, 172, 28, 'N', 'N', 'N', 'N'),
(7854, 174, 28, 'N', 'N', 'N', 'N'),
(7856, 176, 28, 'N', 'N', 'N', 'N'),
(7857, 178, 28, 'N', 'N', 'N', 'N'),
(7860, 182, 28, 'N', 'N', 'N', 'N'),
(7861, 183, 28, 'N', 'N', 'N', 'N'),
(7863, 186, 28, 'N', 'N', 'N', 'N'),
(7864, 187, 28, 'N', 'N', 'N', 'N'),
(7865, 188, 28, 'N', 'N', 'N', 'N'),
(7866, 189, 28, 'N', 'N', 'N', 'N'),
(7867, 190, 28, 'N', 'N', 'N', 'N'),
(7868, 192, 28, 'N', 'N', 'N', 'N'),
(7869, 193, 28, 'N', 'N', 'N', 'N'),
(7870, 196, 28, 'N', 'N', 'N', 'N'),
(7871, 198, 28, 'N', 'N', 'N', 'N'),
(7872, 199, 28, 'N', 'N', 'N', 'N'),
(7873, 200, 28, 'N', 'N', 'N', 'N'),
(7874, 202, 28, 'N', 'N', 'N', 'N'),
(7875, 205, 28, 'Y', 'N', 'N', 'N'),
(7876, 208, 28, 'Y', 'N', 'N', 'N'),
(7877, 209, 28, 'Y', 'N', 'N', 'N'),
(7878, 210, 28, 'N', 'N', 'N', 'N'),
(7879, 211, 28, 'N', 'N', 'N', 'N'),
(7880, 212, 28, 'Y', 'N', 'N', 'N'),
(7881, 213, 28, 'N', 'N', 'N', 'N'),
(7882, 214, 28, 'Y', 'Y', 'Y', 'N'),
(7883, 216, 28, 'Y', 'N', 'N', 'N'),
(7884, 217, 28, 'Y', 'N', 'N', 'N'),
(7885, 218, 28, 'N', 'N', 'N', 'N'),
(7886, 219, 28, 'Y', 'N', 'N', 'N'),
(7887, 220, 28, 'N', 'N', 'N', 'N'),
(7888, 221, 28, 'Y', 'N', 'N', 'N'),
(7889, 222, 28, 'Y', 'N', 'N', 'N'),
(7890, 223, 28, 'N', 'N', 'N', 'N'),
(7891, 225, 28, 'N', 'N', 'N', 'N'),
(7892, 226, 28, 'Y', 'Y', 'Y', 'N'),
(7893, 227, 28, 'N', 'N', 'N', 'N'),
(7894, 228, 28, 'N', 'N', 'N', 'N'),
(7895, 229, 28, 'N', 'N', 'N', 'N'),
(7896, 230, 28, 'N', 'N', 'N', 'N'),
(7897, 231, 28, 'N', 'N', 'N', 'N'),
(7898, 232, 28, 'N', 'N', 'N', 'N'),
(7899, 233, 28, 'N', 'N', 'N', 'N'),
(7900, 236, 28, 'N', 'N', 'N', 'N'),
(7901, 237, 28, 'N', 'N', 'N', 'N'),
(7902, 238, 28, 'N', 'N', 'N', 'N'),
(7903, 239, 28, 'N', 'N', 'N', 'N'),
(7904, 240, 28, 'N', 'N', 'N', 'N'),
(7905, 241, 28, 'N', 'N', 'N', 'N'),
(7906, 242, 28, 'N', 'N', 'N', 'N'),
(7907, 243, 28, 'N', 'N', 'N', 'N'),
(7908, 244, 28, 'N', 'N', 'N', 'N'),
(7909, 245, 28, 'N', 'N', 'N', 'N'),
(7910, 246, 28, 'N', 'N', 'N', 'N'),
(7911, 247, 28, 'N', 'N', 'N', 'N'),
(7912, 248, 28, 'N', 'N', 'N', 'N'),
(7913, 265, 28, 'N', 'N', 'N', 'N'),
(7914, 266, 28, 'N', 'N', 'N', 'N'),
(7915, 267, 28, 'N', 'N', 'N', 'N'),
(7916, 268, 28, 'N', 'N', 'N', 'N'),
(7917, 270, 28, 'N', 'N', 'N', 'N'),
(7918, 271, 28, 'N', 'N', 'N', 'N'),
(7919, 273, 28, 'N', 'N', 'N', 'N'),
(7920, 274, 28, 'N', 'N', 'N', 'N'),
(7921, 275, 28, 'N', 'N', 'N', 'N'),
(7922, 276, 28, 'N', 'N', 'N', 'N'),
(7923, 278, 28, 'N', 'N', 'N', 'N'),
(7924, 279, 28, 'N', 'N', 'N', 'N'),
(7925, 280, 28, 'N', 'N', 'N', 'N'),
(7926, 281, 28, 'N', 'N', 'N', 'N'),
(7927, 282, 28, 'N', 'N', 'N', 'N'),
(7928, 283, 28, 'N', 'N', 'N', 'N'),
(7929, 285, 28, 'N', 'N', 'N', 'N'),
(7930, 286, 28, 'N', 'N', 'N', 'N'),
(7931, 287, 28, 'N', 'N', 'N', 'N'),
(7932, 288, 28, 'N', 'N', 'N', 'N'),
(7933, 289, 28, 'Y', 'N', 'N', 'N'),
(7934, 290, 28, 'N', 'N', 'N', 'N'),
(7935, 291, 28, 'N', 'N', 'N', 'N'),
(7936, 292, 28, 'N', 'N', 'N', 'N'),
(7937, 293, 28, 'N', 'N', 'N', 'N'),
(7938, 294, 28, 'N', 'N', 'N', 'N'),
(7939, 295, 28, 'N', 'N', 'N', 'N'),
(7940, 296, 28, 'N', 'N', 'N', 'N'),
(7941, 297, 28, 'N', 'N', 'N', 'N'),
(7942, 298, 28, 'N', 'N', 'N', 'N'),
(7943, 299, 28, 'N', 'N', 'N', 'N'),
(7944, 300, 28, 'N', 'N', 'N', 'N'),
(7945, 301, 28, 'N', 'N', 'N', 'N'),
(7946, 302, 28, 'N', 'N', 'N', 'N'),
(7947, 303, 28, 'N', 'N', 'N', 'N'),
(7948, 304, 28, 'N', 'N', 'N', 'N'),
(7949, 305, 28, 'N', 'N', 'N', 'N'),
(7950, 306, 28, 'N', 'N', 'N', 'N'),
(7951, 308, 28, 'N', 'N', 'N', 'N'),
(7952, 309, 28, 'N', 'N', 'N', 'N'),
(7953, 310, 28, 'N', 'N', 'N', 'N'),
(7954, 311, 28, 'N', 'N', 'N', 'N'),
(7955, 312, 28, 'N', 'N', 'N', 'N'),
(7957, 314, 28, 'N', 'N', 'N', 'N'),
(7958, 315, 28, 'N', 'N', 'N', 'N'),
(7959, 316, 28, 'N', 'N', 'N', 'N'),
(7960, 317, 28, 'N', 'N', 'N', 'N'),
(7963, 320, 28, 'N', 'N', 'N', 'N'),
(7964, 321, 28, 'N', 'N', 'N', 'N'),
(7965, 322, 28, 'N', 'N', 'N', 'N'),
(7966, 323, 28, 'N', 'N', 'N', 'N'),
(7967, 324, 28, 'N', 'N', 'N', 'N'),
(7968, 325, 28, 'N', 'N', 'N', 'N'),
(7969, 326, 28, 'N', 'N', 'N', 'N'),
(7970, 327, 28, 'N', 'N', 'N', 'N'),
(7971, 328, 28, 'N', 'N', 'N', 'N'),
(7972, 329, 28, 'Y', 'Y', 'Y', 'N'),
(7973, 330, 28, 'N', 'N', 'N', 'N'),
(7974, 331, 28, 'N', 'N', 'N', 'N'),
(7975, 332, 28, 'N', 'N', 'N', 'N'),
(7976, 333, 1, 'Y', 'Y', 'Y', 'Y'),
(7977, 333, 8, 'Y', 'Y', 'Y', 'Y'),
(7978, 333, 9, 'N', 'N', 'N', 'N'),
(7979, 333, 17, 'N', 'N', 'N', 'N'),
(7980, 333, 18, 'N', 'N', 'N', 'N'),
(7981, 333, 19, 'N', 'N', 'N', 'N'),
(7982, 333, 20, 'N', 'N', 'N', 'N'),
(7983, 333, 21, 'N', 'N', 'N', 'N'),
(7984, 333, 22, 'Y', 'Y', 'Y', 'Y'),
(7985, 333, 23, 'N', 'N', 'N', 'N'),
(7986, 333, 24, 'N', 'N', 'N', 'N'),
(7987, 333, 25, 'N', 'N', 'N', 'N'),
(7988, 333, 26, 'N', 'N', 'N', 'N'),
(7989, 333, 28, 'N', 'N', 'N', 'N'),
(7990, 334, 1, 'Y', 'Y', 'Y', 'Y'),
(7991, 334, 8, 'Y', 'N', 'N', 'N'),
(7992, 334, 9, 'N', 'N', 'N', 'N'),
(7993, 334, 17, 'N', 'N', 'N', 'N'),
(7994, 334, 18, 'N', 'N', 'N', 'N'),
(7995, 334, 19, 'N', 'N', 'N', 'N'),
(7996, 334, 20, 'N', 'N', 'N', 'N'),
(7997, 334, 21, 'N', 'N', 'N', 'N'),
(7998, 334, 22, 'Y', 'N', 'N', 'N'),
(7999, 334, 23, 'N', 'N', 'N', 'N'),
(8000, 334, 24, 'N', 'N', 'N', 'N'),
(8001, 334, 25, 'N', 'N', 'N', 'N'),
(8002, 334, 26, 'N', 'N', 'N', 'N'),
(8003, 334, 28, 'N', 'N', 'N', 'N'),
(8004, 335, 1, 'Y', 'Y', 'Y', 'Y'),
(8005, 335, 8, 'N', 'N', 'N', 'N'),
(8006, 335, 9, 'N', 'N', 'N', 'N'),
(8007, 335, 17, 'N', 'N', 'N', 'N'),
(8008, 335, 18, 'N', 'N', 'N', 'N'),
(8009, 335, 19, 'N', 'N', 'N', 'N'),
(8010, 335, 20, 'N', 'N', 'N', 'N'),
(8011, 335, 21, 'N', 'N', 'N', 'N'),
(8012, 335, 22, 'Y', 'N', 'N', 'N'),
(8013, 335, 23, 'N', 'N', 'N', 'N'),
(8014, 335, 24, 'N', 'N', 'N', 'N'),
(8015, 335, 25, 'N', 'N', 'N', 'N'),
(8016, 335, 26, 'N', 'N', 'N', 'N'),
(8017, 335, 28, 'N', 'N', 'N', 'N'),
(8018, 336, 1, 'Y', 'Y', 'Y', 'Y'),
(8019, 336, 8, 'N', 'N', 'N', 'N'),
(8020, 336, 9, 'N', 'N', 'N', 'N'),
(8021, 336, 17, 'N', 'N', 'N', 'N'),
(8022, 336, 18, 'N', 'N', 'N', 'N'),
(8023, 336, 19, 'N', 'N', 'N', 'N'),
(8024, 336, 20, 'N', 'N', 'N', 'N'),
(8025, 336, 21, 'N', 'N', 'N', 'N'),
(8026, 336, 22, 'N', 'N', 'N', 'N'),
(8027, 336, 23, 'N', 'N', 'N', 'N'),
(8028, 336, 24, 'N', 'N', 'N', 'N'),
(8029, 336, 25, 'N', 'N', 'N', 'N'),
(8030, 336, 26, 'N', 'N', 'N', 'N'),
(8031, 336, 28, 'N', 'N', 'N', 'N'),
(8046, 338, 1, 'Y', 'Y', 'Y', 'Y'),
(8047, 338, 8, 'N', 'N', 'N', 'N'),
(8048, 338, 9, 'N', 'N', 'N', 'N'),
(8049, 338, 17, 'N', 'N', 'N', 'N'),
(8050, 338, 18, 'N', 'N', 'N', 'N'),
(8051, 338, 19, 'N', 'N', 'N', 'N'),
(8052, 338, 20, 'N', 'N', 'N', 'N'),
(8053, 338, 21, 'N', 'N', 'N', 'N'),
(8054, 338, 22, 'N', 'N', 'N', 'N'),
(8055, 338, 23, 'N', 'N', 'N', 'N'),
(8056, 338, 24, 'N', 'N', 'N', 'N'),
(8057, 338, 25, 'N', 'N', 'N', 'N'),
(8058, 338, 26, 'N', 'N', 'N', 'N'),
(8059, 338, 28, 'N', 'N', 'N', 'N'),
(8061, 15, 29, 'Y', 'N', 'N', 'N'),
(8062, 16, 29, 'N', 'N', 'N', 'N'),
(8063, 22, 29, 'N', 'N', 'N', 'N'),
(8064, 28, 29, 'Y', 'N', 'N', 'N'),
(8065, 29, 29, 'N', 'N', 'N', 'N'),
(8066, 61, 29, 'N', 'N', 'N', 'N'),
(8067, 62, 29, 'N', 'N', 'N', 'N'),
(8068, 63, 29, 'N', 'N', 'N', 'N'),
(8069, 71, 29, 'Y', 'N', 'N', 'N'),
(8070, 79, 29, 'N', 'N', 'N', 'N'),
(8071, 80, 29, 'N', 'N', 'N', 'N'),
(8072, 100, 29, 'N', 'N', 'N', 'N'),
(8073, 101, 29, 'N', 'N', 'N', 'N'),
(8074, 120, 29, 'N', 'N', 'N', 'N'),
(8075, 125, 29, 'N', 'N', 'N', 'N'),
(8076, 135, 29, 'N', 'N', 'N', 'N'),
(8077, 142, 29, 'N', 'N', 'N', 'N'),
(8078, 160, 29, 'N', 'N', 'N', 'N'),
(8079, 161, 29, 'N', 'N', 'N', 'N'),
(8080, 169, 29, 'N', 'N', 'N', 'N'),
(8081, 171, 29, 'N', 'N', 'N', 'N'),
(8082, 172, 29, 'N', 'N', 'N', 'N'),
(8083, 174, 29, 'N', 'N', 'N', 'N'),
(8085, 176, 29, 'N', 'N', 'N', 'N'),
(8086, 178, 29, 'N', 'N', 'N', 'N'),
(8089, 182, 29, 'N', 'N', 'N', 'N'),
(8090, 183, 29, 'N', 'N', 'N', 'N'),
(8092, 186, 29, 'N', 'N', 'N', 'N'),
(8093, 187, 29, 'N', 'N', 'N', 'N'),
(8094, 188, 29, 'N', 'N', 'N', 'N'),
(8095, 189, 29, 'N', 'N', 'N', 'N'),
(8096, 190, 29, 'N', 'N', 'N', 'N'),
(8097, 192, 29, 'N', 'N', 'N', 'N'),
(8098, 193, 29, 'Y', 'Y', 'N', 'N'),
(8099, 196, 29, 'N', 'N', 'N', 'N'),
(8100, 198, 29, 'N', 'N', 'N', 'N'),
(8101, 199, 29, 'N', 'N', 'N', 'N'),
(8102, 200, 29, 'N', 'N', 'N', 'N'),
(8103, 202, 29, 'N', 'N', 'N', 'N'),
(8104, 205, 29, 'N', 'N', 'N', 'N'),
(8105, 208, 29, 'Y', 'Y', 'Y', 'N'),
(8106, 209, 29, 'Y', 'N', 'N', 'N'),
(8107, 210, 29, 'N', 'N', 'N', 'N'),
(8108, 211, 29, 'N', 'N', 'N', 'N'),
(8109, 212, 29, 'N', 'N', 'N', 'N'),
(8110, 213, 29, 'N', 'Y', 'N', 'N'),
(8111, 214, 29, 'N', 'N', 'N', 'N'),
(8112, 216, 29, 'N', 'N', 'N', 'N'),
(8113, 217, 29, 'N', 'N', 'N', 'N'),
(8114, 218, 29, 'N', 'N', 'N', 'N'),
(8115, 219, 29, 'N', 'N', 'N', 'N'),
(8116, 220, 29, 'Y', 'Y', 'Y', 'N'),
(8117, 221, 29, 'N', 'N', 'N', 'N'),
(8118, 222, 29, 'N', 'N', 'N', 'N'),
(8119, 223, 29, 'Y', 'Y', 'Y', 'N'),
(8120, 225, 29, 'N', 'N', 'N', 'N'),
(8121, 226, 29, 'Y', 'Y', 'Y', 'N'),
(8122, 227, 29, 'N', 'N', 'N', 'N'),
(8123, 228, 29, 'N', 'N', 'N', 'N'),
(8124, 229, 29, 'N', 'N', 'N', 'N'),
(8125, 230, 29, 'N', 'N', 'N', 'N'),
(8126, 231, 29, 'N', 'N', 'N', 'N'),
(8127, 232, 29, 'N', 'N', 'N', 'N'),
(8128, 233, 29, 'N', 'N', 'N', 'N'),
(8129, 236, 29, 'N', 'N', 'N', 'N'),
(8130, 237, 29, 'N', 'N', 'N', 'N'),
(8131, 238, 29, 'N', 'N', 'N', 'N'),
(8132, 239, 29, 'N', 'N', 'N', 'N'),
(8133, 240, 29, 'Y', 'N', 'N', 'N'),
(8134, 241, 29, 'Y', 'Y', 'Y', 'N'),
(8135, 242, 29, 'N', 'N', 'N', 'N'),
(8136, 243, 29, 'N', 'N', 'N', 'N'),
(8137, 244, 29, 'N', 'N', 'N', 'N'),
(8138, 245, 29, 'N', 'N', 'N', 'N'),
(8139, 246, 29, 'N', 'N', 'N', 'N'),
(8140, 247, 29, 'N', 'N', 'N', 'N'),
(8141, 248, 29, 'Y', 'Y', 'Y', 'N'),
(8142, 265, 29, 'N', 'N', 'N', 'N'),
(8143, 266, 29, 'N', 'N', 'N', 'N'),
(8144, 267, 29, 'N', 'N', 'N', 'N'),
(8145, 268, 29, 'N', 'N', 'N', 'N'),
(8146, 270, 29, 'N', 'N', 'N', 'N'),
(8147, 271, 29, 'N', 'N', 'N', 'N'),
(8148, 273, 29, 'N', 'N', 'N', 'N'),
(8149, 274, 29, 'N', 'N', 'N', 'N'),
(8150, 275, 29, 'N', 'N', 'N', 'N'),
(8151, 276, 29, 'N', 'N', 'N', 'N'),
(8152, 278, 29, 'N', 'N', 'N', 'N'),
(8153, 279, 29, 'N', 'N', 'N', 'N'),
(8154, 280, 29, 'N', 'N', 'N', 'N'),
(8155, 281, 29, 'N', 'N', 'N', 'N'),
(8156, 282, 29, 'N', 'N', 'N', 'N'),
(8157, 283, 29, 'N', 'N', 'N', 'N'),
(8158, 285, 29, 'N', 'N', 'N', 'N'),
(8159, 286, 29, 'N', 'N', 'N', 'N'),
(8160, 287, 29, 'N', 'N', 'N', 'N'),
(8161, 288, 29, 'N', 'N', 'N', 'N'),
(8162, 289, 29, 'N', 'N', 'N', 'N'),
(8163, 290, 29, 'N', 'N', 'N', 'N'),
(8164, 291, 29, 'N', 'N', 'N', 'N'),
(8165, 292, 29, 'N', 'N', 'N', 'N'),
(8166, 293, 29, 'N', 'N', 'N', 'N'),
(8167, 294, 29, 'N', 'N', 'N', 'N'),
(8168, 295, 29, 'N', 'N', 'N', 'N'),
(8169, 296, 29, 'N', 'N', 'N', 'N'),
(8170, 297, 29, 'N', 'N', 'N', 'N'),
(8171, 298, 29, 'N', 'N', 'N', 'N'),
(8172, 299, 29, 'N', 'N', 'N', 'N'),
(8173, 300, 29, 'N', 'N', 'N', 'N'),
(8174, 301, 29, 'N', 'N', 'N', 'N'),
(8175, 302, 29, 'N', 'N', 'N', 'N'),
(8176, 303, 29, 'N', 'N', 'N', 'N'),
(8177, 304, 29, 'N', 'N', 'N', 'N'),
(8178, 305, 29, 'N', 'N', 'N', 'N'),
(8179, 306, 29, 'N', 'N', 'N', 'N'),
(8180, 308, 29, 'N', 'N', 'N', 'N'),
(8181, 309, 29, 'N', 'N', 'N', 'N'),
(8182, 310, 29, 'N', 'N', 'N', 'N'),
(8183, 311, 29, 'N', 'N', 'N', 'N'),
(8184, 312, 29, 'N', 'N', 'N', 'N'),
(8186, 314, 29, 'N', 'N', 'N', 'N'),
(8187, 315, 29, 'N', 'N', 'N', 'N'),
(8188, 316, 29, 'N', 'N', 'N', 'N'),
(8189, 317, 29, 'N', 'N', 'N', 'N'),
(8192, 320, 29, 'N', 'N', 'N', 'N'),
(8193, 321, 29, 'N', 'N', 'N', 'N'),
(8194, 322, 29, 'N', 'N', 'N', 'N'),
(8195, 323, 29, 'N', 'N', 'N', 'N'),
(8196, 324, 29, 'N', 'N', 'N', 'N'),
(8197, 325, 29, 'N', 'N', 'N', 'N'),
(8198, 326, 29, 'Y', 'Y', 'Y', 'N'),
(8199, 327, 29, 'N', 'N', 'N', 'N'),
(8200, 328, 29, 'N', 'N', 'N', 'N'),
(8201, 329, 29, 'N', 'N', 'N', 'N'),
(8202, 330, 29, 'N', 'N', 'N', 'N'),
(8203, 331, 29, 'N', 'N', 'N', 'N'),
(8204, 332, 29, 'N', 'N', 'N', 'N'),
(8205, 333, 29, 'Y', 'Y', 'Y', 'Y'),
(8206, 334, 29, 'Y', 'N', 'N', 'N'),
(8207, 335, 29, 'Y', 'N', 'N', 'N'),
(8208, 336, 29, 'N', 'N', 'N', 'N'),
(8209, 338, 29, 'N', 'N', 'N', 'N'),
(8210, 339, 1, 'Y', 'Y', 'Y', 'Y'),
(8211, 339, 8, 'Y', 'N', 'N', 'N'),
(8212, 339, 9, 'N', 'N', 'N', 'N'),
(8213, 339, 17, 'N', 'N', 'N', 'N'),
(8214, 339, 18, 'N', 'N', 'N', 'N'),
(8215, 339, 19, 'N', 'N', 'N', 'N'),
(8216, 339, 20, 'N', 'N', 'N', 'N'),
(8217, 339, 21, 'N', 'N', 'N', 'N'),
(8218, 339, 22, 'N', 'N', 'N', 'N'),
(8219, 339, 23, 'N', 'N', 'N', 'N'),
(8220, 339, 24, 'N', 'N', 'N', 'N'),
(8221, 339, 25, 'N', 'N', 'N', 'N'),
(8222, 339, 26, 'N', 'N', 'N', 'N'),
(8223, 339, 28, 'N', 'N', 'N', 'N'),
(8224, 339, 29, 'Y', 'Y', 'N', 'N'),
(8225, 340, 1, 'Y', 'Y', 'Y', 'Y'),
(8226, 340, 8, 'N', 'N', 'N', 'N'),
(8227, 340, 9, 'N', 'N', 'N', 'N'),
(8228, 340, 17, 'N', 'N', 'N', 'N'),
(8229, 340, 18, 'N', 'N', 'N', 'N'),
(8230, 340, 19, 'N', 'N', 'N', 'N'),
(8231, 340, 20, 'N', 'N', 'N', 'N'),
(8232, 340, 21, 'N', 'N', 'N', 'N'),
(8233, 340, 22, 'N', 'N', 'N', 'N'),
(8234, 340, 23, 'N', 'N', 'N', 'N'),
(8235, 340, 24, 'N', 'N', 'N', 'N'),
(8236, 340, 25, 'N', 'N', 'N', 'N'),
(8237, 340, 26, 'N', 'N', 'N', 'N'),
(8238, 340, 28, 'N', 'N', 'N', 'N'),
(8239, 340, 29, 'Y', 'Y', 'Y', 'N'),
(8240, 341, 1, 'Y', 'Y', 'Y', 'Y'),
(8241, 341, 8, 'N', 'N', 'N', 'N'),
(8242, 341, 9, 'N', 'N', 'N', 'N'),
(8243, 341, 17, 'N', 'N', 'N', 'N'),
(8244, 341, 18, 'N', 'N', 'N', 'N'),
(8245, 341, 19, 'N', 'N', 'N', 'N'),
(8246, 341, 20, 'N', 'N', 'N', 'N'),
(8247, 341, 21, 'N', 'N', 'N', 'N'),
(8248, 341, 22, 'N', 'N', 'N', 'N'),
(8249, 341, 23, 'N', 'N', 'N', 'N'),
(8250, 341, 24, 'N', 'N', 'N', 'N'),
(8251, 341, 25, 'N', 'N', 'N', 'N'),
(8252, 341, 26, 'N', 'N', 'N', 'N'),
(8253, 341, 28, 'N', 'N', 'N', 'N'),
(8254, 341, 29, 'Y', 'Y', 'Y', 'N'),
(8255, 342, 1, 'Y', 'Y', 'Y', 'Y'),
(8256, 342, 8, 'N', 'N', 'N', 'N'),
(8257, 342, 9, 'N', 'N', 'N', 'N'),
(8258, 342, 17, 'N', 'N', 'N', 'N'),
(8259, 342, 18, 'N', 'N', 'N', 'N'),
(8260, 342, 19, 'N', 'N', 'N', 'N'),
(8261, 342, 20, 'N', 'N', 'N', 'N'),
(8262, 342, 21, 'N', 'N', 'N', 'N'),
(8263, 342, 22, 'N', 'N', 'N', 'N'),
(8264, 342, 23, 'N', 'N', 'N', 'N'),
(8265, 342, 24, 'N', 'N', 'N', 'N'),
(8266, 342, 25, 'N', 'N', 'N', 'N'),
(8267, 342, 26, 'N', 'N', 'N', 'N'),
(8268, 342, 28, 'N', 'N', 'N', 'N'),
(8269, 342, 29, 'Y', 'Y', 'Y', 'N'),
(8285, 344, 1, 'Y', 'Y', 'Y', 'Y'),
(8286, 344, 8, 'N', 'N', 'N', 'N'),
(8287, 344, 9, 'N', 'N', 'N', 'N'),
(8288, 344, 17, 'N', 'N', 'N', 'N'),
(8289, 344, 18, 'N', 'N', 'N', 'N'),
(8290, 344, 19, 'N', 'N', 'N', 'N'),
(8291, 344, 20, 'N', 'N', 'N', 'N'),
(8292, 344, 21, 'N', 'N', 'N', 'N'),
(8293, 344, 22, 'N', 'N', 'N', 'N'),
(8294, 344, 23, 'N', 'N', 'N', 'N'),
(8295, 344, 24, 'N', 'N', 'N', 'N'),
(8296, 344, 25, 'N', 'N', 'N', 'N'),
(8297, 344, 26, 'N', 'N', 'N', 'N'),
(8298, 344, 28, 'N', 'N', 'N', 'N'),
(8299, 344, 29, 'Y', 'Y', 'Y', 'N'),
(8301, 15, 30, 'Y', 'N', 'N', 'N'),
(8302, 16, 30, 'Y', 'N', 'N', 'N'),
(8303, 22, 30, 'N', 'N', 'N', 'N'),
(8304, 28, 30, 'Y', 'Y', 'Y', 'N'),
(8305, 29, 30, 'Y', 'N', 'N', 'N'),
(8306, 61, 30, 'N', 'N', 'N', 'N'),
(8307, 62, 30, 'Y', 'N', 'N', 'N'),
(8308, 63, 30, 'Y', 'N', 'N', 'N'),
(8309, 71, 30, 'Y', 'N', 'N', 'N'),
(8310, 79, 30, 'N', 'N', 'N', 'N'),
(8311, 80, 30, 'N', 'N', 'N', 'N'),
(8312, 100, 30, 'N', 'N', 'N', 'N'),
(8313, 101, 30, 'N', 'N', 'N', 'N'),
(8314, 120, 30, 'N', 'N', 'N', 'N'),
(8315, 125, 30, 'N', 'N', 'N', 'N'),
(8316, 135, 30, 'N', 'N', 'N', 'N'),
(8317, 142, 30, 'N', 'N', 'N', 'N'),
(8318, 160, 30, 'Y', 'N', 'N', 'N'),
(8319, 161, 30, 'N', 'N', 'N', 'N'),
(8320, 169, 30, 'N', 'N', 'N', 'N'),
(8321, 171, 30, 'N', 'N', 'N', 'N'),
(8322, 172, 30, 'N', 'N', 'N', 'N'),
(8323, 174, 30, 'N', 'N', 'N', 'N'),
(8325, 176, 30, 'Y', 'Y', 'Y', 'N'),
(8326, 178, 30, 'Y', 'Y', 'Y', 'N'),
(8329, 182, 30, 'N', 'N', 'N', 'N'),
(8330, 183, 30, 'N', 'N', 'N', 'N'),
(8332, 186, 30, 'N', 'N', 'N', 'N'),
(8333, 187, 30, 'N', 'N', 'N', 'N'),
(8334, 188, 30, 'N', 'N', 'N', 'N'),
(8335, 189, 30, 'N', 'N', 'N', 'N'),
(8336, 190, 30, 'N', 'N', 'N', 'N'),
(8337, 192, 30, 'Y', 'N', 'N', 'N'),
(8338, 193, 30, 'N', 'N', 'N', 'N'),
(8339, 196, 30, 'N', 'N', 'N', 'N'),
(8340, 198, 30, 'N', 'N', 'N', 'N'),
(8341, 199, 30, 'N', 'N', 'N', 'N'),
(8342, 200, 30, 'N', 'N', 'N', 'N'),
(8343, 202, 30, 'Y', 'Y', 'Y', 'N'),
(8344, 205, 30, 'Y', 'N', 'N', 'N'),
(8345, 208, 30, 'Y', 'Y', 'Y', 'N'),
(8346, 209, 30, 'Y', 'N', 'N', 'N'),
(8347, 210, 30, 'Y', 'Y', 'Y', 'N'),
(8348, 211, 30, 'Y', 'Y', 'Y', 'N'),
(8349, 212, 30, 'Y', 'Y', 'Y', 'N'),
(8350, 213, 30, 'Y', 'N', 'N', 'N'),
(8351, 214, 30, 'Y', 'Y', 'Y', 'N'),
(8352, 216, 30, 'Y', 'N', 'N', 'N'),
(8353, 217, 30, 'Y', 'N', 'N', 'N'),
(8354, 218, 30, 'Y', 'N', 'N', 'N'),
(8355, 219, 30, 'Y', 'Y', 'Y', 'N'),
(8356, 220, 30, 'Y', 'Y', 'Y', 'N'),
(8357, 221, 30, 'Y', 'N', 'N', 'N'),
(8358, 222, 30, 'Y', 'Y', 'Y', 'N'),
(8359, 223, 30, 'Y', 'Y', 'Y', 'N'),
(8360, 225, 30, 'Y', 'Y', 'Y', 'N'),
(8361, 226, 30, 'Y', 'Y', 'Y', 'N'),
(8362, 227, 30, 'Y', 'Y', 'Y', 'N'),
(8363, 228, 30, 'Y', 'Y', 'Y', 'N'),
(8364, 229, 30, 'Y', 'Y', 'Y', 'N'),
(8365, 230, 30, 'Y', 'Y', 'Y', 'N'),
(8366, 231, 30, 'Y', 'N', 'N', 'N'),
(8367, 232, 30, 'Y', 'Y', 'Y', 'N'),
(8368, 233, 30, 'N', 'N', 'N', 'N'),
(8369, 236, 30, 'N', 'N', 'N', 'N'),
(8370, 237, 30, 'Y', 'N', 'N', 'N'),
(8371, 238, 30, 'N', 'N', 'N', 'N'),
(8372, 239, 30, 'Y', 'Y', 'Y', 'N'),
(8373, 240, 30, 'Y', 'N', 'N', 'N'),
(8374, 241, 30, 'Y', 'Y', 'Y', 'N'),
(8375, 242, 30, 'N', 'N', 'N', 'N'),
(8376, 243, 30, 'Y', 'Y', 'Y', 'N'),
(8377, 244, 30, 'N', 'N', 'N', 'N'),
(8378, 245, 30, 'N', 'N', 'N', 'N'),
(8379, 246, 30, 'N', 'N', 'N', 'N'),
(8380, 247, 30, 'Y', 'Y', 'Y', 'N'),
(8381, 248, 30, 'Y', 'Y', 'Y', 'N'),
(8382, 265, 30, 'N', 'N', 'N', 'N'),
(8383, 266, 30, 'Y', 'Y', 'Y', 'N'),
(8384, 267, 30, 'Y', 'Y', 'Y', 'N'),
(8385, 268, 30, 'N', 'N', 'N', 'N'),
(8386, 270, 30, 'N', 'N', 'N', 'N'),
(8387, 271, 30, 'N', 'N', 'N', 'N'),
(8388, 273, 30, 'N', 'N', 'N', 'N'),
(8389, 274, 30, 'N', 'N', 'N', 'N'),
(8390, 275, 30, 'N', 'N', 'N', 'N'),
(8391, 276, 30, 'N', 'N', 'N', 'N'),
(8392, 278, 30, 'N', 'N', 'N', 'N'),
(8393, 279, 30, 'N', 'N', 'N', 'N'),
(8394, 280, 30, 'N', 'N', 'N', 'N'),
(8395, 281, 30, 'N', 'N', 'N', 'N'),
(8396, 282, 30, 'Y', 'Y', 'Y', 'N'),
(8397, 283, 30, 'N', 'N', 'N', 'N'),
(8398, 285, 30, 'Y', 'N', 'N', 'N'),
(8399, 286, 30, 'N', 'N', 'N', 'N'),
(8400, 287, 30, 'N', 'N', 'N', 'N'),
(8401, 288, 30, 'N', 'N', 'N', 'N'),
(8402, 289, 30, 'Y', 'Y', 'Y', 'N'),
(8403, 290, 30, 'N', 'N', 'N', 'N'),
(8404, 291, 30, 'N', 'N', 'N', 'N'),
(8405, 292, 30, 'N', 'N', 'N', 'N'),
(8406, 293, 30, 'N', 'N', 'N', 'N'),
(8407, 294, 30, 'N', 'N', 'N', 'N'),
(8408, 295, 30, 'N', 'N', 'N', 'N'),
(8409, 296, 30, 'N', 'N', 'N', 'N'),
(8410, 297, 30, 'N', 'N', 'N', 'N'),
(8411, 298, 30, 'N', 'N', 'N', 'N'),
(8412, 299, 30, 'N', 'N', 'N', 'N'),
(8413, 300, 30, 'N', 'N', 'N', 'N'),
(8414, 301, 30, 'N', 'N', 'N', 'N'),
(8415, 302, 30, 'N', 'N', 'N', 'N'),
(8416, 303, 30, 'N', 'N', 'N', 'N'),
(8417, 304, 30, 'Y', 'N', 'N', 'N'),
(8418, 305, 30, 'Y', 'Y', 'Y', 'N'),
(8419, 306, 30, 'N', 'N', 'N', 'N'),
(8420, 308, 30, 'N', 'N', 'N', 'N'),
(8421, 309, 30, 'N', 'N', 'N', 'N'),
(8422, 310, 30, 'N', 'N', 'N', 'N'),
(8423, 311, 30, 'Y', 'N', 'N', 'N'),
(8424, 312, 30, 'N', 'N', 'N', 'N'),
(8426, 314, 30, 'N', 'N', 'N', 'N'),
(8427, 315, 30, 'N', 'N', 'N', 'N'),
(8428, 316, 30, 'N', 'N', 'N', 'N'),
(8429, 317, 30, 'N', 'N', 'N', 'N'),
(8432, 320, 30, 'N', 'N', 'N', 'N'),
(8433, 321, 30, 'N', 'N', 'N', 'N'),
(8434, 322, 30, 'N', 'N', 'N', 'N'),
(8435, 323, 30, 'Y', 'Y', 'Y', 'N'),
(8436, 324, 30, 'Y', 'Y', 'Y', 'N'),
(8437, 325, 30, 'N', 'N', 'N', 'N'),
(8438, 326, 30, 'Y', 'Y', 'Y', 'N'),
(8439, 327, 30, 'N', 'N', 'N', 'N'),
(8440, 328, 30, 'N', 'N', 'N', 'N'),
(8441, 329, 30, 'Y', 'Y', 'Y', 'N'),
(8442, 330, 30, 'N', 'N', 'N', 'N'),
(8443, 331, 30, 'N', 'N', 'N', 'N'),
(8444, 332, 30, 'N', 'N', 'N', 'N'),
(8445, 333, 30, 'Y', 'Y', 'Y', 'N'),
(8446, 334, 30, 'Y', 'N', 'N', 'N'),
(8447, 335, 30, 'N', 'N', 'N', 'N'),
(8448, 336, 30, 'N', 'N', 'N', 'N'),
(8449, 338, 30, 'N', 'N', 'N', 'N'),
(8450, 339, 30, 'Y', 'Y', 'Y', 'N'),
(8451, 340, 30, 'Y', 'Y', 'Y', 'N'),
(8452, 341, 30, 'Y', 'Y', 'Y', 'N'),
(8453, 342, 30, 'Y', 'Y', 'Y', 'N'),
(8454, 344, 30, 'Y', 'Y', 'Y', 'N'),
(8556, 15, 31, 'Y', 'N', 'N', 'N'),
(8557, 16, 31, 'N', 'N', 'N', 'N'),
(8558, 22, 31, 'N', 'N', 'N', 'N'),
(8559, 28, 31, 'N', 'N', 'N', 'N'),
(8560, 29, 31, 'Y', 'N', 'N', 'N'),
(8561, 61, 31, 'N', 'N', 'N', 'N'),
(8562, 62, 31, 'N', 'N', 'N', 'N'),
(8563, 63, 31, 'N', 'N', 'N', 'N'),
(8564, 71, 31, 'Y', 'N', 'N', 'N'),
(8565, 79, 31, 'N', 'N', 'N', 'N'),
(8566, 80, 31, 'N', 'N', 'N', 'N'),
(8567, 100, 31, 'N', 'N', 'N', 'N'),
(8568, 101, 31, 'N', 'N', 'N', 'N'),
(8569, 120, 31, 'N', 'N', 'N', 'N'),
(8570, 125, 31, 'N', 'N', 'N', 'N'),
(8571, 135, 31, 'N', 'N', 'N', 'N'),
(8572, 142, 31, 'N', 'N', 'N', 'N'),
(8573, 160, 31, 'Y', 'N', 'N', 'N'),
(8574, 161, 31, 'N', 'N', 'N', 'N'),
(8575, 169, 31, 'N', 'N', 'N', 'N'),
(8576, 171, 31, 'N', 'N', 'N', 'N'),
(8577, 172, 31, 'N', 'N', 'N', 'N'),
(8578, 174, 31, 'N', 'N', 'N', 'N'),
(8580, 176, 31, 'Y', 'Y', 'Y', 'N'),
(8581, 178, 31, 'N', 'N', 'N', 'N'),
(8584, 182, 31, 'N', 'N', 'N', 'N'),
(8585, 183, 31, 'N', 'N', 'N', 'N'),
(8587, 186, 31, 'N', 'N', 'N', 'N'),
(8588, 187, 31, 'N', 'N', 'N', 'N'),
(8589, 188, 31, 'N', 'N', 'N', 'N'),
(8590, 189, 31, 'N', 'N', 'N', 'N'),
(8591, 190, 31, 'N', 'N', 'N', 'N'),
(8592, 192, 31, 'N', 'N', 'N', 'N'),
(8593, 193, 31, 'N', 'N', 'N', 'N'),
(8594, 196, 31, 'N', 'N', 'N', 'N'),
(8595, 198, 31, 'N', 'N', 'N', 'N'),
(8596, 199, 31, 'N', 'N', 'N', 'N'),
(8597, 200, 31, 'N', 'N', 'N', 'N'),
(8598, 202, 31, 'N', 'N', 'N', 'N'),
(8599, 205, 31, 'Y', 'N', 'N', 'N'),
(8600, 208, 31, 'Y', 'Y', 'Y', 'N'),
(8601, 209, 31, 'Y', 'N', 'N', 'N'),
(8602, 210, 31, 'N', 'N', 'N', 'N'),
(8603, 211, 31, 'Y', 'Y', 'Y', 'N'),
(8604, 212, 31, 'Y', 'Y', 'Y', 'N'),
(8605, 213, 31, 'Y', 'N', 'N', 'N'),
(8606, 214, 31, 'Y', 'Y', 'Y', 'N'),
(8607, 216, 31, 'Y', 'N', 'N', 'N'),
(8608, 217, 31, 'Y', 'N', 'N', 'N'),
(8609, 218, 31, 'N', 'N', 'N', 'N'),
(8610, 219, 31, 'Y', 'Y', 'Y', 'N'),
(8611, 220, 31, 'Y', 'Y', 'Y', 'N'),
(8612, 221, 31, 'Y', 'N', 'N', 'N'),
(8613, 222, 31, 'Y', 'Y', 'Y', 'N'),
(8614, 223, 31, 'N', 'N', 'N', 'N'),
(8615, 225, 31, 'Y', 'Y', 'Y', 'N'),
(8616, 226, 31, 'N', 'N', 'N', 'N'),
(8617, 227, 31, 'Y', 'Y', 'Y', 'N'),
(8618, 228, 31, 'Y', 'Y', 'Y', 'N'),
(8619, 229, 31, 'N', 'N', 'N', 'N'),
(8620, 230, 31, 'Y', 'Y', 'Y', 'N'),
(8621, 231, 31, 'Y', 'N', 'N', 'N'),
(8622, 232, 31, 'Y', 'Y', 'Y', 'N'),
(8623, 233, 31, 'N', 'N', 'N', 'N'),
(8624, 236, 31, 'N', 'N', 'N', 'N'),
(8625, 237, 31, 'N', 'N', 'N', 'N'),
(8626, 238, 31, 'N', 'N', 'N', 'N'),
(8627, 239, 31, 'N', 'N', 'N', 'N'),
(8628, 240, 31, 'Y', 'N', 'N', 'N'),
(8629, 241, 31, 'Y', 'Y', 'Y', 'N'),
(8630, 242, 31, 'N', 'N', 'N', 'N'),
(8631, 243, 31, 'Y', 'Y', 'Y', 'N'),
(8632, 244, 31, 'N', 'N', 'N', 'N'),
(8633, 245, 31, 'N', 'N', 'N', 'N'),
(8634, 246, 31, 'N', 'N', 'N', 'N'),
(8635, 247, 31, 'N', 'N', 'N', 'N'),
(8636, 248, 31, 'N', 'N', 'N', 'N'),
(8637, 265, 31, 'Y', 'Y', 'Y', 'N'),
(8638, 266, 31, 'Y', 'Y', 'Y', 'N'),
(8639, 267, 31, 'Y', 'Y', 'Y', 'N'),
(8640, 268, 31, 'N', 'N', 'N', 'N'),
(8641, 270, 31, 'N', 'N', 'N', 'N'),
(8642, 271, 31, 'N', 'N', 'N', 'N'),
(8643, 273, 31, 'N', 'N', 'N', 'N'),
(8644, 274, 31, 'N', 'N', 'N', 'N'),
(8645, 275, 31, 'N', 'N', 'N', 'N'),
(8646, 276, 31, 'N', 'N', 'N', 'N'),
(8647, 278, 31, 'N', 'N', 'N', 'N'),
(8648, 279, 31, 'N', 'N', 'N', 'N'),
(8649, 280, 31, 'N', 'N', 'N', 'N'),
(8650, 281, 31, 'N', 'N', 'N', 'N'),
(8651, 282, 31, 'N', 'N', 'N', 'N'),
(8652, 283, 31, 'Y', 'Y', 'Y', 'N'),
(8653, 285, 31, 'Y', 'N', 'N', 'N'),
(8654, 286, 31, 'Y', 'Y', 'Y', 'N'),
(8655, 287, 31, 'N', 'N', 'N', 'N'),
(8656, 288, 31, 'N', 'N', 'N', 'N'),
(8657, 289, 31, 'N', 'N', 'N', 'N'),
(8658, 290, 31, 'N', 'N', 'N', 'N'),
(8659, 291, 31, 'N', 'N', 'N', 'N'),
(8660, 292, 31, 'N', 'N', 'N', 'N'),
(8661, 293, 31, 'N', 'N', 'N', 'N'),
(8662, 294, 31, 'N', 'N', 'N', 'N'),
(8663, 295, 31, 'N', 'N', 'N', 'N'),
(8664, 296, 31, 'N', 'N', 'N', 'N'),
(8665, 297, 31, 'N', 'N', 'N', 'N'),
(8666, 298, 31, 'N', 'N', 'N', 'N'),
(8667, 299, 31, 'N', 'N', 'N', 'N'),
(8668, 300, 31, 'N', 'N', 'N', 'N'),
(8669, 301, 31, 'N', 'N', 'N', 'N'),
(8670, 302, 31, 'N', 'N', 'N', 'N'),
(8671, 303, 31, 'N', 'N', 'N', 'N'),
(8672, 304, 31, 'Y', 'N', 'N', 'N'),
(8673, 305, 31, 'Y', 'Y', 'Y', 'N'),
(8674, 306, 31, 'Y', 'Y', 'Y', 'N'),
(8675, 308, 31, 'N', 'N', 'N', 'N'),
(8676, 309, 31, 'N', 'N', 'N', 'N'),
(8677, 310, 31, 'N', 'N', 'N', 'N'),
(8678, 311, 31, 'N', 'N', 'N', 'N'),
(8679, 312, 31, 'N', 'N', 'N', 'N'),
(8681, 314, 31, 'N', 'N', 'N', 'N'),
(8682, 315, 31, 'N', 'N', 'N', 'N'),
(8683, 316, 31, 'N', 'N', 'N', 'N'),
(8684, 317, 31, 'N', 'N', 'N', 'N'),
(8687, 320, 31, 'N', 'N', 'N', 'N'),
(8688, 321, 31, 'N', 'N', 'N', 'N'),
(8689, 322, 31, 'N', 'N', 'N', 'N'),
(8690, 323, 31, 'Y', 'Y', 'Y', 'N'),
(8691, 324, 31, 'Y', 'Y', 'Y', 'N'),
(8692, 325, 31, 'N', 'N', 'N', 'N'),
(8693, 326, 31, 'Y', 'Y', 'Y', 'N'),
(8694, 327, 31, 'N', 'N', 'N', 'N'),
(8695, 328, 31, 'N', 'N', 'N', 'N'),
(8696, 329, 31, 'Y', 'Y', 'Y', 'N'),
(8697, 330, 31, 'N', 'N', 'N', 'N'),
(8698, 331, 31, 'N', 'N', 'N', 'N'),
(8699, 332, 31, 'N', 'N', 'N', 'N'),
(8700, 333, 31, 'Y', 'Y', 'Y', 'N'),
(8701, 334, 31, 'Y', 'N', 'N', 'N'),
(8702, 335, 31, 'Y', 'N', 'N', 'N'),
(8703, 336, 31, 'N', 'N', 'N', 'N'),
(8704, 338, 31, 'N', 'N', 'N', 'N'),
(8705, 339, 31, 'N', 'N', 'N', 'N'),
(8706, 340, 31, 'Y', 'Y', 'Y', 'N'),
(8707, 341, 31, 'Y', 'Y', 'Y', 'N'),
(8708, 342, 31, 'Y', 'Y', 'Y', 'N'),
(8709, 344, 31, 'Y', 'Y', 'Y', 'N'),
(8710, 345, 1, 'Y', 'Y', 'Y', 'Y'),
(8711, 345, 8, 'N', 'N', 'N', 'N'),
(8712, 345, 9, 'N', 'N', 'N', 'N'),
(8713, 345, 17, 'N', 'N', 'N', 'N'),
(8714, 345, 18, 'N', 'N', 'N', 'N'),
(8715, 345, 19, 'N', 'N', 'N', 'N'),
(8716, 345, 20, 'N', 'N', 'N', 'N'),
(8717, 345, 21, 'N', 'N', 'N', 'N'),
(8718, 345, 22, 'Y', 'N', 'N', 'N'),
(8719, 345, 23, 'N', 'N', 'N', 'N'),
(8720, 345, 24, 'N', 'N', 'N', 'N'),
(8721, 345, 25, 'N', 'N', 'N', 'N'),
(8722, 345, 26, 'N', 'N', 'N', 'N'),
(8723, 345, 28, 'N', 'N', 'N', 'N'),
(8724, 345, 29, 'N', 'N', 'N', 'N'),
(8725, 345, 30, 'N', 'N', 'N', 'N'),
(8726, 345, 31, 'N', 'N', 'N', 'N'),
(8727, 346, 1, 'Y', 'Y', 'Y', 'Y'),
(8728, 346, 8, 'N', 'N', 'N', 'N'),
(8729, 346, 9, 'N', 'N', 'N', 'N'),
(8730, 346, 17, 'N', 'N', 'N', 'N'),
(8731, 346, 18, 'N', 'N', 'N', 'N'),
(8732, 346, 19, 'N', 'N', 'N', 'N'),
(8733, 346, 20, 'N', 'N', 'N', 'N'),
(8734, 346, 21, 'N', 'N', 'N', 'N'),
(8735, 346, 22, 'Y', 'Y', 'Y', 'N'),
(8736, 346, 23, 'N', 'N', 'N', 'N'),
(8737, 346, 24, 'N', 'N', 'N', 'N'),
(8738, 346, 25, 'N', 'N', 'N', 'N'),
(8739, 346, 26, 'N', 'N', 'N', 'N'),
(8740, 346, 28, 'N', 'N', 'N', 'N'),
(8741, 346, 29, 'N', 'N', 'N', 'N'),
(8742, 346, 30, 'N', 'N', 'N', 'N'),
(8743, 346, 31, 'N', 'N', 'N', 'N'),
(8744, 347, 1, 'Y', 'Y', 'Y', 'Y'),
(8745, 347, 8, 'N', 'N', 'N', 'N'),
(8746, 347, 9, 'N', 'N', 'N', 'N'),
(8747, 347, 17, 'N', 'N', 'N', 'N'),
(8748, 347, 18, 'N', 'N', 'N', 'N'),
(8749, 347, 19, 'N', 'N', 'N', 'N'),
(8750, 347, 20, 'N', 'N', 'N', 'N'),
(8751, 347, 21, 'N', 'N', 'N', 'N'),
(8752, 347, 22, 'Y', 'Y', 'Y', 'N'),
(8753, 347, 23, 'N', 'N', 'N', 'N'),
(8754, 347, 24, 'N', 'N', 'N', 'N'),
(8755, 347, 25, 'N', 'N', 'N', 'N'),
(8756, 347, 26, 'N', 'N', 'N', 'N'),
(8757, 347, 28, 'N', 'N', 'N', 'N'),
(8758, 347, 29, 'N', 'N', 'N', 'N'),
(8759, 347, 30, 'N', 'N', 'N', 'N'),
(8760, 347, 31, 'N', 'N', 'N', 'N'),
(9016, 348, 1, 'Y', 'Y', 'Y', 'Y'),
(9017, 348, 8, 'N', 'N', 'N', 'N'),
(9018, 348, 9, 'N', 'N', 'N', 'N'),
(9019, 348, 17, 'N', 'N', 'N', 'N'),
(9020, 348, 18, 'N', 'N', 'N', 'N'),
(9021, 348, 19, 'N', 'N', 'N', 'N'),
(9022, 348, 20, 'N', 'N', 'N', 'N'),
(9023, 348, 21, 'N', 'N', 'N', 'N'),
(9024, 348, 22, 'N', 'N', 'N', 'N'),
(9025, 348, 23, 'N', 'N', 'N', 'N'),
(9026, 348, 24, 'N', 'N', 'N', 'N'),
(9027, 348, 25, 'N', 'N', 'N', 'N'),
(9028, 348, 26, 'N', 'N', 'N', 'N'),
(9029, 348, 28, 'N', 'N', 'N', 'N'),
(9030, 348, 29, 'Y', 'Y', 'N', 'N'),
(9031, 348, 30, 'Y', 'Y', 'Y', 'N'),
(9032, 348, 31, 'Y', 'Y', 'N', 'N'),
(9033, 349, 1, 'Y', 'Y', 'Y', 'Y'),
(9034, 349, 8, 'N', 'N', 'N', 'N'),
(9035, 349, 9, 'N', 'N', 'N', 'N'),
(9036, 349, 17, 'N', 'N', 'N', 'N'),
(9037, 349, 18, 'N', 'N', 'N', 'N'),
(9038, 349, 19, 'N', 'N', 'N', 'N'),
(9039, 349, 20, 'N', 'N', 'N', 'N'),
(9040, 349, 21, 'N', 'N', 'N', 'N'),
(9041, 349, 22, 'N', 'N', 'N', 'N'),
(9042, 349, 23, 'N', 'N', 'N', 'N'),
(9043, 349, 24, 'N', 'N', 'N', 'N'),
(9044, 349, 25, 'N', 'N', 'N', 'N'),
(9045, 349, 26, 'N', 'N', 'N', 'N'),
(9046, 349, 28, 'N', 'N', 'N', 'N'),
(9047, 349, 29, 'N', 'N', 'N', 'N'),
(9048, 349, 30, 'N', 'N', 'N', 'N'),
(9049, 349, 31, 'N', 'N', 'N', 'N'),
(9050, 350, 1, 'Y', 'Y', 'Y', 'Y'),
(9051, 350, 8, 'N', 'N', 'N', 'N'),
(9052, 350, 9, 'N', 'N', 'N', 'N'),
(9053, 350, 17, 'N', 'N', 'N', 'N'),
(9054, 350, 18, 'N', 'N', 'N', 'N'),
(9055, 350, 19, 'N', 'N', 'N', 'N'),
(9056, 350, 20, 'N', 'N', 'N', 'N'),
(9057, 350, 21, 'N', 'N', 'N', 'N'),
(9058, 350, 22, 'N', 'N', 'N', 'N'),
(9059, 350, 23, 'N', 'N', 'N', 'N'),
(9060, 350, 24, 'N', 'N', 'N', 'N'),
(9061, 350, 25, 'N', 'N', 'N', 'N'),
(9062, 350, 26, 'N', 'N', 'N', 'N'),
(9063, 350, 28, 'N', 'N', 'N', 'N'),
(9064, 350, 29, 'N', 'N', 'N', 'N'),
(9065, 350, 30, 'N', 'N', 'N', 'N'),
(9066, 350, 31, 'N', 'N', 'N', 'N'),
(9084, 352, 1, 'Y', 'Y', 'Y', 'Y'),
(9085, 352, 8, 'N', 'N', 'N', 'N'),
(9086, 352, 9, 'N', 'N', 'N', 'N'),
(9087, 352, 17, 'N', 'N', 'N', 'N'),
(9088, 352, 18, 'N', 'N', 'N', 'N'),
(9089, 352, 19, 'N', 'N', 'N', 'N'),
(9090, 352, 20, 'N', 'N', 'N', 'N'),
(9091, 352, 21, 'N', 'N', 'N', 'N'),
(9092, 352, 22, 'N', 'N', 'N', 'N'),
(9093, 352, 23, 'N', 'N', 'N', 'N'),
(9094, 352, 24, 'N', 'N', 'N', 'N'),
(9095, 352, 25, 'N', 'N', 'N', 'N'),
(9096, 352, 26, 'N', 'N', 'N', 'N'),
(9097, 352, 28, 'N', 'N', 'N', 'N'),
(9098, 352, 29, 'N', 'N', 'N', 'N'),
(9099, 352, 30, 'N', 'N', 'N', 'N'),
(9100, 352, 31, 'N', 'N', 'N', 'N'),
(9101, 353, 1, 'Y', 'Y', 'Y', 'Y'),
(9102, 353, 8, 'N', 'N', 'N', 'N'),
(9103, 353, 9, 'N', 'N', 'N', 'N'),
(9104, 353, 17, 'N', 'N', 'N', 'N'),
(9105, 353, 18, 'N', 'N', 'N', 'N'),
(9106, 353, 19, 'N', 'N', 'N', 'N'),
(9107, 353, 20, 'N', 'N', 'N', 'N'),
(9108, 353, 21, 'N', 'N', 'N', 'N'),
(9109, 353, 22, 'N', 'N', 'N', 'N'),
(9110, 353, 23, 'N', 'N', 'N', 'N'),
(9111, 353, 24, 'N', 'N', 'N', 'N'),
(9112, 353, 25, 'N', 'N', 'N', 'N'),
(9113, 353, 26, 'N', 'N', 'N', 'N'),
(9114, 353, 28, 'N', 'N', 'N', 'N'),
(9115, 353, 29, 'N', 'N', 'N', 'N'),
(9116, 353, 30, 'N', 'N', 'N', 'N'),
(9117, 353, 31, 'N', 'N', 'N', 'N'),
(9169, 357, 1, 'Y', 'Y', 'Y', 'Y'),
(9170, 357, 8, 'N', 'N', 'N', 'N'),
(9171, 357, 9, 'N', 'N', 'N', 'N'),
(9172, 357, 17, 'N', 'N', 'N', 'N'),
(9173, 357, 18, 'N', 'N', 'N', 'N'),
(9174, 357, 19, 'N', 'N', 'N', 'N'),
(9175, 357, 20, 'N', 'N', 'N', 'N'),
(9176, 357, 21, 'N', 'N', 'N', 'N'),
(9177, 357, 22, 'N', 'N', 'N', 'N'),
(9178, 357, 23, 'N', 'N', 'N', 'N'),
(9179, 357, 24, 'N', 'N', 'N', 'N'),
(9180, 357, 25, 'N', 'N', 'N', 'N'),
(9181, 357, 26, 'N', 'N', 'N', 'N'),
(9182, 357, 28, 'N', 'N', 'N', 'N'),
(9183, 357, 29, 'N', 'N', 'N', 'N'),
(9184, 357, 30, 'N', 'N', 'N', 'N'),
(9185, 357, 31, 'N', 'N', 'N', 'N'),
(9186, 358, 1, 'Y', 'Y', 'Y', 'Y'),
(9187, 358, 8, 'N', 'N', 'N', 'N'),
(9188, 358, 9, 'N', 'N', 'N', 'N'),
(9189, 358, 17, 'N', 'N', 'N', 'N'),
(9190, 358, 18, 'N', 'N', 'N', 'N'),
(9191, 358, 19, 'N', 'N', 'N', 'N'),
(9192, 358, 20, 'N', 'N', 'N', 'N'),
(9193, 358, 21, 'N', 'N', 'N', 'N'),
(9194, 358, 22, 'N', 'N', 'N', 'N'),
(9195, 358, 23, 'N', 'N', 'N', 'N'),
(9196, 358, 24, 'N', 'N', 'N', 'N'),
(9197, 358, 25, 'N', 'N', 'N', 'N'),
(9198, 358, 26, 'N', 'N', 'N', 'N'),
(9199, 358, 28, 'N', 'N', 'N', 'N'),
(9200, 358, 29, 'N', 'N', 'N', 'N'),
(9201, 358, 30, 'N', 'N', 'N', 'N'),
(9202, 358, 31, 'N', 'N', 'N', 'N'),
(9203, 359, 1, 'Y', 'Y', 'Y', 'Y'),
(9204, 359, 8, 'N', 'N', 'N', 'N'),
(9205, 359, 9, 'N', 'N', 'N', 'N'),
(9206, 359, 17, 'N', 'N', 'N', 'N'),
(9207, 359, 18, 'N', 'N', 'N', 'N'),
(9208, 359, 19, 'N', 'N', 'N', 'N'),
(9209, 359, 20, 'N', 'N', 'N', 'N'),
(9210, 359, 21, 'N', 'N', 'N', 'N'),
(9211, 359, 22, 'N', 'N', 'N', 'N'),
(9212, 359, 23, 'N', 'N', 'N', 'N'),
(9213, 359, 24, 'N', 'N', 'N', 'N'),
(9214, 359, 25, 'N', 'N', 'N', 'N'),
(9215, 359, 26, 'N', 'N', 'N', 'N'),
(9216, 359, 28, 'N', 'N', 'N', 'N'),
(9217, 359, 29, 'N', 'N', 'N', 'N'),
(9218, 359, 30, 'N', 'N', 'N', 'N'),
(9219, 359, 31, 'N', 'N', 'N', 'N'),
(9220, 360, 1, 'Y', 'Y', 'Y', 'Y'),
(9221, 360, 8, 'N', 'N', 'N', 'N'),
(9222, 360, 9, 'N', 'N', 'N', 'N'),
(9223, 360, 17, 'N', 'N', 'N', 'N'),
(9224, 360, 18, 'N', 'N', 'N', 'N'),
(9225, 360, 19, 'N', 'N', 'N', 'N'),
(9226, 360, 20, 'N', 'N', 'N', 'N'),
(9227, 360, 21, 'N', 'N', 'N', 'N'),
(9228, 360, 22, 'N', 'N', 'N', 'N'),
(9229, 360, 23, 'N', 'N', 'N', 'N'),
(9230, 360, 24, 'N', 'N', 'N', 'N'),
(9231, 360, 25, 'N', 'N', 'N', 'N'),
(9232, 360, 26, 'N', 'N', 'N', 'N'),
(9233, 360, 28, 'N', 'N', 'N', 'N'),
(9234, 360, 29, 'N', 'N', 'N', 'N'),
(9235, 360, 30, 'N', 'N', 'N', 'N'),
(9236, 360, 31, 'N', 'N', 'N', 'N'),
(9254, 362, 1, 'Y', 'Y', 'Y', 'Y'),
(9255, 362, 8, 'N', 'N', 'N', 'N'),
(9256, 362, 9, 'N', 'N', 'N', 'N'),
(9257, 362, 17, 'N', 'N', 'N', 'N'),
(9258, 362, 18, 'N', 'N', 'N', 'N'),
(9259, 362, 19, 'N', 'N', 'N', 'N'),
(9260, 362, 20, 'N', 'N', 'N', 'N'),
(9261, 362, 21, 'N', 'N', 'N', 'N'),
(9262, 362, 22, 'N', 'N', 'N', 'N'),
(9263, 362, 23, 'N', 'N', 'N', 'N'),
(9264, 362, 24, 'N', 'N', 'N', 'N'),
(9265, 362, 25, 'N', 'N', 'N', 'N'),
(9266, 362, 26, 'N', 'N', 'N', 'N'),
(9267, 362, 28, 'N', 'N', 'N', 'N'),
(9268, 362, 29, 'N', 'N', 'N', 'N'),
(9269, 362, 30, 'N', 'N', 'N', 'N'),
(9270, 362, 31, 'N', 'N', 'N', 'N'),
(9271, 363, 1, 'Y', 'Y', 'Y', 'Y'),
(9272, 363, 8, 'N', 'N', 'N', 'N'),
(9273, 363, 9, 'N', 'N', 'N', 'N'),
(9274, 363, 17, 'N', 'N', 'N', 'N'),
(9275, 363, 18, 'N', 'N', 'N', 'N'),
(9276, 363, 19, 'N', 'N', 'N', 'N'),
(9277, 363, 20, 'N', 'N', 'N', 'N'),
(9278, 363, 21, 'N', 'N', 'N', 'N'),
(9279, 363, 22, 'N', 'N', 'N', 'N'),
(9280, 363, 23, 'N', 'N', 'N', 'N'),
(9281, 363, 24, 'N', 'N', 'N', 'N'),
(9282, 363, 25, 'N', 'N', 'N', 'N'),
(9283, 363, 26, 'N', 'N', 'N', 'N'),
(9284, 363, 28, 'N', 'N', 'N', 'N'),
(9285, 363, 29, 'N', 'N', 'N', 'N'),
(9286, 363, 30, 'N', 'N', 'N', 'N'),
(9287, 363, 31, 'N', 'N', 'N', 'N'),
(9288, 364, 1, 'Y', 'Y', 'Y', 'Y'),
(9289, 364, 8, 'N', 'N', 'N', 'N'),
(9290, 364, 9, 'N', 'N', 'N', 'N'),
(9291, 364, 17, 'N', 'N', 'N', 'N'),
(9292, 364, 18, 'N', 'N', 'N', 'N'),
(9293, 364, 19, 'N', 'N', 'N', 'N'),
(9294, 364, 20, 'N', 'N', 'N', 'N'),
(9295, 364, 21, 'N', 'N', 'N', 'N'),
(9296, 364, 22, 'N', 'N', 'N', 'N'),
(9297, 364, 23, 'N', 'N', 'N', 'N'),
(9298, 364, 24, 'N', 'N', 'N', 'N'),
(9299, 364, 25, 'N', 'N', 'N', 'N'),
(9300, 364, 26, 'N', 'N', 'N', 'N'),
(9301, 364, 28, 'N', 'N', 'N', 'N'),
(9302, 364, 29, 'N', 'N', 'N', 'N'),
(9303, 364, 30, 'N', 'N', 'N', 'N'),
(9304, 364, 31, 'N', 'N', 'N', 'N'),
(9305, 365, 1, 'Y', 'Y', 'Y', 'Y'),
(9306, 365, 8, 'N', 'N', 'N', 'N'),
(9307, 365, 9, 'N', 'N', 'N', 'N'),
(9308, 365, 17, 'N', 'N', 'N', 'N'),
(9309, 365, 18, 'N', 'N', 'N', 'N'),
(9310, 365, 19, 'N', 'N', 'N', 'N'),
(9311, 365, 20, 'N', 'N', 'N', 'N'),
(9312, 365, 21, 'N', 'N', 'N', 'N'),
(9313, 365, 22, 'N', 'N', 'N', 'N'),
(9314, 365, 23, 'N', 'N', 'N', 'N'),
(9315, 365, 24, 'N', 'N', 'N', 'N'),
(9316, 365, 25, 'N', 'N', 'N', 'N'),
(9317, 365, 26, 'N', 'N', 'N', 'N'),
(9318, 365, 28, 'N', 'N', 'N', 'N'),
(9319, 365, 29, 'N', 'N', 'N', 'N'),
(9320, 365, 30, 'N', 'N', 'N', 'N'),
(9321, 365, 31, 'N', 'N', 'N', 'N'),
(9323, 15, 2, 'N', 'N', 'N', 'N'),
(9324, 16, 2, 'N', 'N', 'N', 'N'),
(9325, 22, 2, 'N', 'N', 'N', 'N'),
(9326, 28, 2, 'N', 'N', 'N', 'N'),
(9327, 29, 2, 'N', 'N', 'N', 'N'),
(9328, 61, 2, 'N', 'N', 'N', 'N'),
(9329, 62, 2, 'N', 'N', 'N', 'N'),
(9330, 63, 2, 'N', 'N', 'N', 'N'),
(9331, 71, 2, 'N', 'N', 'N', 'N'),
(9332, 79, 2, 'N', 'N', 'N', 'N'),
(9333, 80, 2, 'N', 'N', 'N', 'N'),
(9334, 100, 2, 'N', 'N', 'N', 'N'),
(9335, 101, 2, 'N', 'N', 'N', 'N'),
(9336, 120, 2, 'N', 'N', 'N', 'N'),
(9337, 125, 2, 'N', 'N', 'N', 'N'),
(9338, 135, 2, 'N', 'N', 'N', 'N'),
(9339, 142, 2, 'N', 'N', 'N', 'N'),
(9340, 160, 2, 'N', 'N', 'N', 'N'),
(9341, 161, 2, 'N', 'N', 'N', 'N'),
(9342, 169, 2, 'N', 'N', 'N', 'N'),
(9343, 171, 2, 'N', 'N', 'N', 'N'),
(9344, 172, 2, 'N', 'N', 'N', 'N'),
(9345, 174, 2, 'N', 'N', 'N', 'N'),
(9347, 176, 2, 'N', 'N', 'N', 'N'),
(9348, 178, 2, 'N', 'N', 'N', 'N'),
(9351, 182, 2, 'N', 'N', 'N', 'N'),
(9352, 183, 2, 'N', 'N', 'N', 'N'),
(9354, 186, 2, 'N', 'N', 'N', 'N'),
(9355, 187, 2, 'N', 'N', 'N', 'N'),
(9356, 188, 2, 'N', 'N', 'N', 'N'),
(9357, 189, 2, 'N', 'N', 'N', 'N'),
(9358, 190, 2, 'N', 'N', 'N', 'N'),
(9359, 192, 2, 'N', 'N', 'N', 'N'),
(9360, 193, 2, 'N', 'N', 'N', 'N'),
(9361, 196, 2, 'N', 'N', 'N', 'N'),
(9362, 198, 2, 'N', 'N', 'N', 'N'),
(9363, 199, 2, 'N', 'N', 'N', 'N'),
(9364, 200, 2, 'N', 'N', 'N', 'N'),
(9365, 202, 2, 'N', 'N', 'N', 'N'),
(9366, 205, 2, 'N', 'N', 'N', 'N'),
(9367, 208, 2, 'N', 'N', 'N', 'N'),
(9368, 209, 2, 'N', 'N', 'N', 'N'),
(9369, 210, 2, 'N', 'N', 'N', 'N'),
(9370, 211, 2, 'N', 'N', 'N', 'N'),
(9371, 212, 2, 'N', 'N', 'N', 'N'),
(9372, 213, 2, 'N', 'N', 'N', 'N'),
(9373, 214, 2, 'N', 'N', 'N', 'N'),
(9374, 216, 2, 'N', 'N', 'N', 'N'),
(9375, 217, 2, 'N', 'N', 'N', 'N'),
(9376, 218, 2, 'N', 'N', 'N', 'N'),
(9377, 219, 2, 'N', 'N', 'N', 'N'),
(9378, 220, 2, 'N', 'N', 'N', 'N'),
(9379, 221, 2, 'N', 'N', 'N', 'N'),
(9380, 222, 2, 'N', 'N', 'N', 'N'),
(9381, 223, 2, 'N', 'N', 'N', 'N'),
(9382, 225, 2, 'N', 'N', 'N', 'N'),
(9383, 226, 2, 'N', 'N', 'N', 'N'),
(9384, 227, 2, 'N', 'N', 'N', 'N'),
(9385, 228, 2, 'N', 'N', 'N', 'N'),
(9386, 229, 2, 'N', 'N', 'N', 'N'),
(9387, 230, 2, 'N', 'N', 'N', 'N'),
(9388, 231, 2, 'N', 'N', 'N', 'N'),
(9389, 232, 2, 'N', 'N', 'N', 'N'),
(9390, 233, 2, 'N', 'N', 'N', 'N'),
(9391, 236, 2, 'N', 'N', 'N', 'N'),
(9392, 237, 2, 'N', 'N', 'N', 'N'),
(9393, 238, 2, 'N', 'N', 'N', 'N'),
(9394, 239, 2, 'N', 'N', 'N', 'N'),
(9395, 240, 2, 'N', 'N', 'N', 'N'),
(9396, 241, 2, 'N', 'N', 'N', 'N'),
(9397, 242, 2, 'N', 'N', 'N', 'N'),
(9398, 243, 2, 'N', 'N', 'N', 'N'),
(9399, 244, 2, 'N', 'N', 'N', 'N'),
(9400, 245, 2, 'N', 'N', 'N', 'N'),
(9401, 246, 2, 'N', 'N', 'N', 'N'),
(9402, 247, 2, 'N', 'N', 'N', 'N'),
(9403, 248, 2, 'N', 'N', 'N', 'N'),
(9404, 265, 2, 'N', 'N', 'N', 'N'),
(9405, 266, 2, 'N', 'N', 'N', 'N'),
(9406, 267, 2, 'N', 'N', 'N', 'N'),
(9407, 268, 2, 'N', 'N', 'N', 'N'),
(9408, 270, 2, 'N', 'N', 'N', 'N'),
(9409, 271, 2, 'N', 'N', 'N', 'N'),
(9410, 273, 2, 'N', 'N', 'N', 'N'),
(9411, 274, 2, 'N', 'N', 'N', 'N'),
(9412, 275, 2, 'N', 'N', 'N', 'N'),
(9413, 276, 2, 'N', 'N', 'N', 'N'),
(9414, 278, 2, 'N', 'N', 'N', 'N'),
(9415, 279, 2, 'N', 'N', 'N', 'N'),
(9416, 280, 2, 'N', 'N', 'N', 'N'),
(9417, 281, 2, 'N', 'N', 'N', 'N'),
(9418, 282, 2, 'N', 'N', 'N', 'N'),
(9419, 283, 2, 'N', 'N', 'N', 'N'),
(9420, 285, 2, 'N', 'N', 'N', 'N'),
(9421, 286, 2, 'N', 'N', 'N', 'N');
INSERT INTO `sys_menu_role` (`id`, `id_menu`, `group_id`, `read_act`, `insert_act`, `update_act`, `delete_act`) VALUES
(9422, 287, 2, 'N', 'N', 'N', 'N'),
(9423, 288, 2, 'N', 'N', 'N', 'N'),
(9424, 289, 2, 'N', 'N', 'N', 'N'),
(9425, 290, 2, 'N', 'N', 'N', 'N'),
(9426, 291, 2, 'N', 'N', 'N', 'N'),
(9427, 292, 2, 'N', 'N', 'N', 'N'),
(9428, 293, 2, 'N', 'N', 'N', 'N'),
(9429, 294, 2, 'N', 'N', 'N', 'N'),
(9430, 295, 2, 'N', 'N', 'N', 'N'),
(9431, 296, 2, 'N', 'N', 'N', 'N'),
(9432, 297, 2, 'N', 'N', 'N', 'N'),
(9433, 298, 2, 'N', 'N', 'N', 'N'),
(9434, 299, 2, 'N', 'N', 'N', 'N'),
(9435, 300, 2, 'N', 'N', 'N', 'N'),
(9436, 301, 2, 'N', 'N', 'N', 'N'),
(9437, 302, 2, 'N', 'N', 'N', 'N'),
(9438, 303, 2, 'N', 'N', 'N', 'N'),
(9439, 304, 2, 'N', 'N', 'N', 'N'),
(9440, 305, 2, 'N', 'N', 'N', 'N'),
(9441, 306, 2, 'N', 'N', 'N', 'N'),
(9442, 308, 2, 'N', 'N', 'N', 'N'),
(9443, 309, 2, 'N', 'N', 'N', 'N'),
(9444, 310, 2, 'N', 'N', 'N', 'N'),
(9445, 311, 2, 'N', 'N', 'N', 'N'),
(9446, 312, 2, 'N', 'N', 'N', 'N'),
(9448, 314, 2, 'N', 'N', 'N', 'N'),
(9449, 315, 2, 'N', 'N', 'N', 'N'),
(9450, 316, 2, 'N', 'N', 'N', 'N'),
(9451, 317, 2, 'N', 'N', 'N', 'N'),
(9454, 320, 2, 'N', 'N', 'N', 'N'),
(9455, 321, 2, 'N', 'N', 'N', 'N'),
(9456, 322, 2, 'N', 'N', 'N', 'N'),
(9457, 323, 2, 'N', 'N', 'N', 'N'),
(9458, 324, 2, 'N', 'N', 'N', 'N'),
(9459, 325, 2, 'N', 'N', 'N', 'N'),
(9460, 326, 2, 'N', 'N', 'N', 'N'),
(9461, 327, 2, 'N', 'N', 'N', 'N'),
(9462, 328, 2, 'N', 'N', 'N', 'N'),
(9463, 329, 2, 'N', 'N', 'N', 'N'),
(9464, 330, 2, 'N', 'N', 'N', 'N'),
(9465, 331, 2, 'N', 'N', 'N', 'N'),
(9466, 332, 2, 'N', 'N', 'N', 'N'),
(9467, 333, 2, 'N', 'N', 'N', 'N'),
(9468, 334, 2, 'N', 'N', 'N', 'N'),
(9469, 335, 2, 'N', 'N', 'N', 'N'),
(9470, 336, 2, 'N', 'N', 'N', 'N'),
(9471, 338, 2, 'N', 'N', 'N', 'N'),
(9472, 339, 2, 'N', 'N', 'N', 'N'),
(9473, 340, 2, 'N', 'N', 'N', 'N'),
(9474, 341, 2, 'N', 'N', 'N', 'N'),
(9475, 342, 2, 'N', 'N', 'N', 'N'),
(9476, 344, 2, 'N', 'N', 'N', 'N'),
(9477, 345, 2, 'N', 'N', 'N', 'N'),
(9478, 346, 2, 'N', 'N', 'N', 'N'),
(9479, 347, 2, 'N', 'N', 'N', 'N'),
(9480, 348, 2, 'N', 'N', 'N', 'N'),
(9481, 349, 2, 'N', 'N', 'N', 'N'),
(9482, 350, 2, 'N', 'N', 'N', 'N'),
(9484, 352, 2, 'N', 'N', 'N', 'N'),
(9485, 353, 2, 'N', 'N', 'N', 'N'),
(9488, 357, 2, 'N', 'N', 'N', 'N'),
(9489, 358, 2, 'N', 'N', 'N', 'N'),
(9490, 359, 2, 'N', 'N', 'N', 'N'),
(9491, 360, 2, 'N', 'N', 'N', 'N'),
(9493, 362, 2, 'N', 'N', 'N', 'N'),
(9494, 363, 2, 'N', 'N', 'N', 'N'),
(9495, 364, 2, 'N', 'N', 'N', 'N'),
(9496, 365, 2, 'N', 'N', 'N', 'N'),
(9497, 366, 1, 'Y', 'Y', 'Y', 'Y'),
(9498, 366, 2, 'N', 'N', 'N', 'N'),
(9499, 366, 8, 'N', 'N', 'N', 'N'),
(9500, 366, 9, 'N', 'N', 'N', 'N'),
(9501, 366, 17, 'N', 'N', 'N', 'N'),
(9502, 366, 18, 'N', 'N', 'N', 'N'),
(9503, 366, 19, 'N', 'N', 'N', 'N'),
(9504, 366, 20, 'N', 'N', 'N', 'N'),
(9505, 366, 21, 'N', 'N', 'N', 'N'),
(9506, 366, 22, 'N', 'N', 'N', 'N'),
(9507, 366, 23, 'N', 'N', 'N', 'N'),
(9508, 366, 24, 'N', 'N', 'N', 'N'),
(9509, 366, 25, 'N', 'N', 'N', 'N'),
(9510, 366, 26, 'N', 'N', 'N', 'N'),
(9511, 366, 28, 'N', 'N', 'N', 'N'),
(9512, 366, 29, 'N', 'N', 'N', 'N'),
(9513, 366, 30, 'N', 'N', 'N', 'N'),
(9514, 366, 31, 'N', 'N', 'N', 'N'),
(9515, 367, 1, 'Y', 'Y', 'Y', 'Y'),
(9516, 367, 2, 'N', 'N', 'N', 'N'),
(9517, 367, 8, 'N', 'N', 'N', 'N'),
(9518, 367, 9, 'N', 'N', 'N', 'N'),
(9519, 367, 17, 'N', 'N', 'N', 'N'),
(9520, 367, 18, 'N', 'N', 'N', 'N'),
(9521, 367, 19, 'N', 'N', 'N', 'N'),
(9522, 367, 20, 'N', 'N', 'N', 'N'),
(9523, 367, 21, 'N', 'N', 'N', 'N'),
(9524, 367, 22, 'N', 'N', 'N', 'N'),
(9525, 367, 23, 'N', 'N', 'N', 'N'),
(9526, 367, 24, 'N', 'N', 'N', 'N'),
(9527, 367, 25, 'N', 'N', 'N', 'N'),
(9528, 367, 26, 'N', 'N', 'N', 'N'),
(9529, 367, 28, 'N', 'N', 'N', 'N'),
(9530, 367, 29, 'N', 'N', 'N', 'N'),
(9531, 367, 30, 'N', 'N', 'N', 'N'),
(9532, 367, 31, 'N', 'N', 'N', 'N'),
(9533, 368, 1, 'Y', 'Y', 'Y', 'Y'),
(9534, 368, 2, 'N', 'N', 'N', 'N'),
(9535, 368, 8, 'N', 'N', 'N', 'N'),
(9536, 368, 9, 'N', 'N', 'N', 'N'),
(9537, 368, 17, 'N', 'N', 'N', 'N'),
(9538, 368, 18, 'N', 'N', 'N', 'N'),
(9539, 368, 19, 'N', 'N', 'N', 'N'),
(9540, 368, 20, 'N', 'N', 'N', 'N'),
(9541, 368, 21, 'N', 'N', 'N', 'N'),
(9542, 368, 22, 'N', 'N', 'N', 'N'),
(9543, 368, 23, 'N', 'N', 'N', 'N'),
(9544, 368, 24, 'N', 'N', 'N', 'N'),
(9545, 368, 25, 'N', 'N', 'N', 'N'),
(9546, 368, 26, 'N', 'N', 'N', 'N'),
(9547, 368, 28, 'N', 'N', 'N', 'N'),
(9548, 368, 29, 'N', 'N', 'N', 'N'),
(9549, 368, 30, 'N', 'N', 'N', 'N'),
(9550, 368, 31, 'N', 'N', 'N', 'N'),
(9551, 369, 1, 'Y', 'Y', 'Y', 'Y'),
(9552, 369, 2, 'N', 'N', 'N', 'N'),
(9553, 369, 8, 'N', 'N', 'N', 'N'),
(9554, 369, 9, 'N', 'N', 'N', 'N'),
(9555, 369, 17, 'N', 'N', 'N', 'N'),
(9556, 369, 18, 'N', 'N', 'N', 'N'),
(9557, 369, 19, 'N', 'N', 'N', 'N'),
(9558, 369, 20, 'N', 'N', 'N', 'N'),
(9559, 369, 21, 'N', 'N', 'N', 'N'),
(9560, 369, 22, 'N', 'N', 'N', 'N'),
(9561, 369, 23, 'N', 'N', 'N', 'N'),
(9562, 369, 24, 'N', 'N', 'N', 'N'),
(9563, 369, 25, 'N', 'N', 'N', 'N'),
(9564, 369, 26, 'N', 'N', 'N', 'N'),
(9565, 369, 28, 'N', 'N', 'N', 'N'),
(9566, 369, 29, 'N', 'N', 'N', 'N'),
(9567, 369, 30, 'N', 'N', 'N', 'N'),
(9568, 369, 31, 'N', 'N', 'N', 'N'),
(9569, 370, 1, 'Y', 'Y', 'Y', 'Y'),
(9570, 370, 2, 'N', 'N', 'N', 'N'),
(9571, 370, 8, 'N', 'N', 'N', 'N'),
(9572, 370, 9, 'N', 'N', 'N', 'N'),
(9573, 370, 17, 'N', 'N', 'N', 'N'),
(9574, 370, 18, 'N', 'N', 'N', 'N'),
(9575, 370, 19, 'N', 'N', 'N', 'N'),
(9576, 370, 20, 'N', 'N', 'N', 'N'),
(9577, 370, 21, 'N', 'N', 'N', 'N'),
(9578, 370, 22, 'N', 'N', 'N', 'N'),
(9579, 370, 23, 'N', 'N', 'N', 'N'),
(9580, 370, 24, 'N', 'N', 'N', 'N'),
(9581, 370, 25, 'N', 'N', 'N', 'N'),
(9582, 370, 26, 'N', 'N', 'N', 'N'),
(9583, 370, 28, 'N', 'N', 'N', 'N'),
(9584, 370, 29, 'N', 'N', 'N', 'N'),
(9585, 370, 30, 'N', 'N', 'N', 'N'),
(9586, 370, 31, 'N', 'N', 'N', 'N'),
(9587, 371, 1, 'Y', 'Y', 'Y', 'Y'),
(9588, 371, 2, 'N', 'N', 'N', 'N'),
(9589, 371, 8, 'N', 'N', 'N', 'N'),
(9590, 371, 9, 'N', 'N', 'N', 'N'),
(9591, 371, 17, 'N', 'N', 'N', 'N'),
(9592, 371, 18, 'N', 'N', 'N', 'N'),
(9593, 371, 19, 'N', 'N', 'N', 'N'),
(9594, 371, 20, 'N', 'N', 'N', 'N'),
(9595, 371, 21, 'N', 'N', 'N', 'N'),
(9596, 371, 22, 'N', 'N', 'N', 'N'),
(9597, 371, 23, 'N', 'N', 'N', 'N'),
(9598, 371, 24, 'N', 'N', 'N', 'N'),
(9599, 371, 25, 'N', 'N', 'N', 'N'),
(9600, 371, 26, 'N', 'N', 'N', 'N'),
(9601, 371, 28, 'N', 'N', 'N', 'N'),
(9602, 371, 29, 'N', 'N', 'N', 'N'),
(9603, 371, 30, 'N', 'N', 'N', 'N'),
(9604, 371, 31, 'N', 'N', 'N', 'N'),
(9605, 372, 1, 'Y', 'Y', 'Y', 'Y'),
(9606, 372, 2, 'N', 'N', 'N', 'N'),
(9607, 372, 8, 'N', 'N', 'N', 'N'),
(9608, 372, 9, 'N', 'N', 'N', 'N'),
(9609, 372, 17, 'N', 'N', 'N', 'N'),
(9610, 372, 18, 'N', 'N', 'N', 'N'),
(9611, 372, 19, 'N', 'N', 'N', 'N'),
(9612, 372, 20, 'N', 'N', 'N', 'N'),
(9613, 372, 21, 'N', 'N', 'N', 'N'),
(9614, 372, 22, 'N', 'N', 'N', 'N'),
(9615, 372, 23, 'N', 'N', 'N', 'N'),
(9616, 372, 24, 'N', 'N', 'N', 'N'),
(9617, 372, 25, 'N', 'N', 'N', 'N'),
(9618, 372, 26, 'N', 'N', 'N', 'N'),
(9619, 372, 28, 'N', 'N', 'N', 'N'),
(9620, 372, 29, 'N', 'N', 'N', 'N'),
(9621, 372, 30, 'N', 'N', 'N', 'N'),
(9622, 372, 31, 'N', 'N', 'N', 'N'),
(9623, 373, 1, 'Y', 'Y', 'Y', 'Y'),
(9624, 373, 2, 'N', 'N', 'N', 'N'),
(9625, 373, 8, 'N', 'N', 'N', 'N'),
(9626, 373, 9, 'N', 'N', 'N', 'N'),
(9627, 373, 17, 'N', 'N', 'N', 'N'),
(9628, 373, 18, 'N', 'N', 'N', 'N'),
(9629, 373, 19, 'N', 'N', 'N', 'N'),
(9630, 373, 20, 'N', 'N', 'N', 'N'),
(9631, 373, 21, 'N', 'N', 'N', 'N'),
(9632, 373, 22, 'N', 'N', 'N', 'N'),
(9633, 373, 23, 'N', 'N', 'N', 'N'),
(9634, 373, 24, 'N', 'N', 'N', 'N'),
(9635, 373, 25, 'N', 'N', 'N', 'N'),
(9636, 373, 26, 'N', 'N', 'N', 'N'),
(9637, 373, 28, 'N', 'N', 'N', 'N'),
(9638, 373, 29, 'N', 'N', 'N', 'N'),
(9639, 373, 30, 'N', 'N', 'N', 'N'),
(9640, 373, 31, 'N', 'N', 'N', 'N'),
(9821, 384, 1, 'Y', 'Y', 'Y', 'Y'),
(9822, 384, 2, 'N', 'N', 'N', 'N'),
(9823, 384, 8, 'N', 'N', 'N', 'N'),
(9824, 384, 9, 'N', 'N', 'N', 'N'),
(9825, 384, 17, 'N', 'N', 'N', 'N'),
(9826, 384, 18, 'N', 'N', 'N', 'N'),
(9827, 384, 19, 'N', 'N', 'N', 'N'),
(9828, 384, 20, 'N', 'N', 'N', 'N'),
(9829, 384, 21, 'N', 'N', 'N', 'N'),
(9830, 384, 22, 'N', 'N', 'N', 'N'),
(9831, 384, 23, 'N', 'N', 'N', 'N'),
(9832, 384, 24, 'N', 'N', 'N', 'N'),
(9833, 384, 25, 'N', 'N', 'N', 'N'),
(9834, 384, 26, 'N', 'N', 'N', 'N'),
(9835, 384, 28, 'N', 'N', 'N', 'N'),
(9836, 384, 29, 'N', 'N', 'N', 'N'),
(9837, 384, 30, 'N', 'N', 'N', 'N'),
(9838, 384, 31, 'N', 'N', 'N', 'N'),
(10001, 394, 1, 'Y', 'Y', 'Y', 'Y'),
(10002, 394, 2, 'N', 'N', 'N', 'N'),
(10003, 394, 8, 'N', 'N', 'N', 'N'),
(10004, 394, 9, 'N', 'N', 'N', 'N'),
(10005, 394, 17, 'N', 'N', 'N', 'N'),
(10006, 394, 18, 'N', 'N', 'N', 'N'),
(10007, 394, 19, 'N', 'N', 'N', 'N'),
(10008, 394, 20, 'N', 'N', 'N', 'N'),
(10009, 394, 21, 'N', 'N', 'N', 'N'),
(10010, 394, 22, 'N', 'N', 'N', 'N'),
(10011, 394, 23, 'N', 'N', 'N', 'N'),
(10012, 394, 24, 'N', 'N', 'N', 'N'),
(10013, 394, 25, 'N', 'N', 'N', 'N'),
(10014, 394, 26, 'N', 'N', 'N', 'N'),
(10015, 394, 28, 'N', 'N', 'N', 'N'),
(10016, 394, 29, 'N', 'N', 'N', 'N'),
(10017, 394, 30, 'N', 'N', 'N', 'N'),
(10018, 394, 31, 'N', 'N', 'N', 'N'),
(10019, 395, 1, 'Y', 'Y', 'Y', 'Y'),
(10020, 395, 2, 'N', 'N', 'N', 'N'),
(10021, 395, 8, 'N', 'N', 'N', 'N'),
(10022, 395, 9, 'N', 'N', 'N', 'N'),
(10023, 395, 17, 'N', 'N', 'N', 'N'),
(10024, 395, 18, 'N', 'N', 'N', 'N'),
(10025, 395, 19, 'N', 'N', 'N', 'N'),
(10026, 395, 20, 'N', 'N', 'N', 'N'),
(10027, 395, 21, 'N', 'N', 'N', 'N'),
(10028, 395, 22, 'N', 'N', 'N', 'N'),
(10029, 395, 23, 'N', 'N', 'N', 'N'),
(10030, 395, 24, 'N', 'N', 'N', 'N'),
(10031, 395, 25, 'N', 'N', 'N', 'N'),
(10032, 395, 26, 'N', 'N', 'N', 'N'),
(10033, 395, 28, 'N', 'N', 'N', 'N'),
(10034, 395, 29, 'N', 'N', 'N', 'N'),
(10035, 395, 30, 'N', 'N', 'N', 'N'),
(10036, 395, 31, 'N', 'N', 'N', 'N'),
(10037, 396, 1, 'Y', 'Y', 'Y', 'Y'),
(10038, 396, 2, 'N', 'N', 'N', 'N'),
(10039, 396, 8, 'N', 'N', 'N', 'N'),
(10040, 396, 9, 'N', 'N', 'N', 'N'),
(10041, 396, 17, 'N', 'N', 'N', 'N'),
(10042, 396, 18, 'N', 'N', 'N', 'N'),
(10043, 396, 19, 'N', 'N', 'N', 'N'),
(10044, 396, 20, 'N', 'N', 'N', 'N'),
(10045, 396, 21, 'N', 'N', 'N', 'N'),
(10046, 396, 22, 'N', 'N', 'N', 'N'),
(10047, 396, 23, 'N', 'N', 'N', 'N'),
(10048, 396, 24, 'N', 'N', 'N', 'N'),
(10049, 396, 25, 'N', 'N', 'N', 'N'),
(10050, 396, 26, 'N', 'N', 'N', 'N'),
(10051, 396, 28, 'N', 'N', 'N', 'N'),
(10052, 396, 29, 'N', 'N', 'N', 'N'),
(10053, 396, 30, 'N', 'N', 'N', 'N'),
(10054, 396, 31, 'N', 'N', 'N', 'N'),
(10217, 406, 1, 'Y', 'Y', 'Y', 'Y'),
(10218, 406, 2, 'N', 'N', 'N', 'N'),
(10219, 406, 8, 'N', 'N', 'N', 'N'),
(10220, 406, 9, 'N', 'N', 'N', 'N'),
(10221, 406, 17, 'N', 'N', 'N', 'N'),
(10222, 406, 18, 'N', 'N', 'N', 'N'),
(10223, 406, 19, 'N', 'N', 'N', 'N'),
(10224, 406, 20, 'N', 'N', 'N', 'N'),
(10225, 406, 21, 'N', 'N', 'N', 'N'),
(10226, 406, 22, 'N', 'N', 'N', 'N'),
(10227, 406, 23, 'N', 'N', 'N', 'N'),
(10228, 406, 24, 'N', 'N', 'N', 'N'),
(10229, 406, 25, 'N', 'N', 'N', 'N'),
(10230, 406, 26, 'N', 'N', 'N', 'N'),
(10231, 406, 28, 'N', 'N', 'N', 'N'),
(10232, 406, 29, 'N', 'N', 'N', 'N'),
(10233, 406, 30, 'N', 'N', 'N', 'N'),
(10234, 406, 31, 'N', 'N', 'N', 'N'),
(10253, 408, 1, 'Y', 'Y', 'Y', 'Y'),
(10254, 408, 2, 'N', 'N', 'N', 'N'),
(10255, 408, 8, 'N', 'N', 'N', 'N'),
(10256, 408, 9, 'N', 'N', 'N', 'N'),
(10257, 408, 17, 'N', 'N', 'N', 'N'),
(10258, 408, 18, 'N', 'N', 'N', 'N'),
(10259, 408, 19, 'N', 'N', 'N', 'N'),
(10260, 408, 20, 'N', 'N', 'N', 'N'),
(10261, 408, 21, 'N', 'N', 'N', 'N'),
(10262, 408, 22, 'N', 'N', 'N', 'N'),
(10263, 408, 23, 'N', 'N', 'N', 'N'),
(10264, 408, 24, 'N', 'N', 'N', 'N'),
(10265, 408, 25, 'N', 'N', 'N', 'N'),
(10266, 408, 26, 'N', 'N', 'N', 'N'),
(10267, 408, 28, 'N', 'N', 'N', 'N'),
(10268, 408, 29, 'N', 'N', 'N', 'N'),
(10269, 408, 30, 'N', 'N', 'N', 'N'),
(10270, 408, 31, 'N', 'N', 'N', 'N'),
(10379, 415, 1, 'Y', 'Y', 'Y', 'Y'),
(10380, 415, 2, 'N', 'N', 'N', 'N'),
(10381, 415, 8, 'N', 'N', 'N', 'N'),
(10382, 415, 9, 'N', 'N', 'N', 'N'),
(10383, 415, 17, 'N', 'N', 'N', 'N'),
(10384, 415, 18, 'N', 'N', 'N', 'N'),
(10385, 415, 19, 'N', 'N', 'N', 'N'),
(10386, 415, 20, 'N', 'N', 'N', 'N'),
(10387, 415, 21, 'N', 'N', 'N', 'N'),
(10388, 415, 22, 'N', 'N', 'N', 'N'),
(10389, 415, 23, 'N', 'N', 'N', 'N'),
(10390, 415, 24, 'N', 'N', 'N', 'N'),
(10391, 415, 25, 'N', 'N', 'N', 'N'),
(10392, 415, 26, 'N', 'N', 'N', 'N'),
(10393, 415, 28, 'N', 'N', 'N', 'N'),
(10394, 415, 29, 'N', 'N', 'N', 'N'),
(10395, 415, 30, 'N', 'N', 'N', 'N'),
(10396, 415, 31, 'N', 'N', 'N', 'N'),
(10505, 422, 1, 'Y', 'Y', 'Y', 'Y'),
(10506, 422, 2, 'N', 'N', 'N', 'N'),
(10507, 422, 8, 'N', 'N', 'N', 'N'),
(10508, 422, 9, 'N', 'N', 'N', 'N'),
(10509, 422, 17, 'N', 'N', 'N', 'N'),
(10510, 422, 18, 'N', 'N', 'N', 'N'),
(10511, 422, 19, 'N', 'N', 'N', 'N'),
(10512, 422, 20, 'N', 'N', 'N', 'N'),
(10513, 422, 21, 'N', 'N', 'N', 'N'),
(10514, 422, 22, 'N', 'N', 'N', 'N'),
(10515, 422, 23, 'N', 'N', 'N', 'N'),
(10516, 422, 24, 'N', 'N', 'N', 'N'),
(10517, 422, 25, 'N', 'N', 'N', 'N'),
(10518, 422, 26, 'N', 'N', 'N', 'N'),
(10519, 422, 28, 'N', 'N', 'N', 'N'),
(10520, 422, 29, 'N', 'N', 'N', 'N'),
(10521, 422, 30, 'N', 'N', 'N', 'N'),
(10522, 422, 31, 'N', 'N', 'N', 'N'),
(10523, 423, 1, 'Y', 'Y', 'Y', 'Y'),
(10524, 423, 2, 'N', 'N', 'N', 'N'),
(10525, 423, 8, 'N', 'N', 'N', 'N'),
(10526, 423, 9, 'N', 'N', 'N', 'N'),
(10527, 423, 17, 'N', 'N', 'N', 'N'),
(10528, 423, 18, 'N', 'N', 'N', 'N'),
(10529, 423, 19, 'N', 'N', 'N', 'N'),
(10530, 423, 20, 'N', 'N', 'N', 'N'),
(10531, 423, 21, 'N', 'N', 'N', 'N'),
(10532, 423, 22, 'N', 'N', 'N', 'N'),
(10533, 423, 23, 'N', 'N', 'N', 'N'),
(10534, 423, 24, 'N', 'N', 'N', 'N'),
(10535, 423, 25, 'N', 'N', 'N', 'N'),
(10536, 423, 26, 'N', 'N', 'N', 'N'),
(10537, 423, 28, 'N', 'N', 'N', 'N'),
(10538, 423, 29, 'N', 'N', 'N', 'N'),
(10539, 423, 30, 'N', 'N', 'N', 'N'),
(10540, 423, 31, 'N', 'N', 'N', 'N'),
(10541, 424, 1, 'Y', 'Y', 'Y', 'Y'),
(10542, 424, 2, 'N', 'N', 'N', 'N'),
(10543, 424, 8, 'N', 'N', 'N', 'N'),
(10544, 424, 9, 'N', 'N', 'N', 'N'),
(10545, 424, 17, 'N', 'N', 'N', 'N'),
(10546, 424, 18, 'N', 'N', 'N', 'N'),
(10547, 424, 19, 'N', 'N', 'N', 'N'),
(10548, 424, 20, 'N', 'N', 'N', 'N'),
(10549, 424, 21, 'N', 'N', 'N', 'N'),
(10550, 424, 22, 'N', 'N', 'N', 'N'),
(10551, 424, 23, 'N', 'N', 'N', 'N'),
(10552, 424, 24, 'N', 'N', 'N', 'N'),
(10553, 424, 25, 'N', 'N', 'N', 'N'),
(10554, 424, 26, 'N', 'N', 'N', 'N'),
(10555, 424, 28, 'N', 'N', 'N', 'N'),
(10556, 424, 29, 'N', 'N', 'N', 'N'),
(10557, 424, 30, 'N', 'N', 'N', 'N'),
(10558, 424, 31, 'N', 'N', 'N', 'N'),
(10559, 425, 1, 'Y', 'Y', 'Y', 'Y'),
(10560, 425, 2, 'N', 'N', 'N', 'N'),
(10561, 425, 8, 'N', 'N', 'N', 'N'),
(10562, 425, 9, 'N', 'N', 'N', 'N'),
(10563, 425, 17, 'N', 'N', 'N', 'N'),
(10564, 425, 18, 'N', 'N', 'N', 'N'),
(10565, 425, 19, 'N', 'N', 'N', 'N'),
(10566, 425, 20, 'N', 'N', 'N', 'N'),
(10567, 425, 21, 'N', 'N', 'N', 'N'),
(10568, 425, 22, 'N', 'N', 'N', 'N'),
(10569, 425, 23, 'N', 'N', 'N', 'N'),
(10570, 425, 24, 'N', 'N', 'N', 'N'),
(10571, 425, 25, 'N', 'N', 'N', 'N'),
(10572, 425, 26, 'N', 'N', 'N', 'N'),
(10573, 425, 28, 'N', 'N', 'N', 'N'),
(10574, 425, 29, 'N', 'N', 'N', 'N'),
(10575, 425, 30, 'N', 'N', 'N', 'N'),
(10576, 425, 31, 'N', 'N', 'N', 'N'),
(10577, 426, 1, 'Y', 'Y', 'Y', 'Y'),
(10578, 426, 2, 'N', 'N', 'N', 'N'),
(10579, 426, 8, 'N', 'N', 'N', 'N'),
(10580, 426, 9, 'N', 'N', 'N', 'N'),
(10581, 426, 17, 'N', 'N', 'N', 'N'),
(10582, 426, 18, 'N', 'N', 'N', 'N'),
(10583, 426, 19, 'N', 'N', 'N', 'N'),
(10584, 426, 20, 'N', 'N', 'N', 'N'),
(10585, 426, 21, 'N', 'N', 'N', 'N'),
(10586, 426, 22, 'N', 'N', 'N', 'N'),
(10587, 426, 23, 'N', 'N', 'N', 'N'),
(10588, 426, 24, 'N', 'N', 'N', 'N'),
(10589, 426, 25, 'N', 'N', 'N', 'N'),
(10590, 426, 26, 'N', 'N', 'N', 'N'),
(10591, 426, 28, 'N', 'N', 'N', 'N'),
(10592, 426, 29, 'N', 'N', 'N', 'N'),
(10593, 426, 30, 'N', 'N', 'N', 'N'),
(10594, 426, 31, 'N', 'N', 'N', 'N'),
(10595, 427, 1, 'Y', 'Y', 'Y', 'Y'),
(10596, 427, 2, 'N', 'N', 'N', 'N'),
(10597, 427, 8, 'N', 'N', 'N', 'N'),
(10598, 427, 9, 'N', 'N', 'N', 'N'),
(10599, 427, 17, 'N', 'N', 'N', 'N'),
(10600, 427, 18, 'N', 'N', 'N', 'N'),
(10601, 427, 19, 'N', 'N', 'N', 'N'),
(10602, 427, 20, 'N', 'N', 'N', 'N'),
(10603, 427, 21, 'N', 'N', 'N', 'N'),
(10604, 427, 22, 'N', 'N', 'N', 'N'),
(10605, 427, 23, 'N', 'N', 'N', 'N'),
(10606, 427, 24, 'N', 'N', 'N', 'N'),
(10607, 427, 25, 'N', 'N', 'N', 'N'),
(10608, 427, 26, 'N', 'N', 'N', 'N'),
(10609, 427, 28, 'N', 'N', 'N', 'N'),
(10610, 427, 29, 'N', 'N', 'N', 'N'),
(10611, 427, 30, 'N', 'N', 'N', 'N'),
(10612, 427, 31, 'N', 'N', 'N', 'N'),
(10613, 428, 1, 'Y', 'Y', 'Y', 'Y'),
(10614, 428, 2, 'N', 'N', 'N', 'N'),
(10615, 428, 8, 'N', 'N', 'N', 'N'),
(10616, 428, 9, 'N', 'N', 'N', 'N'),
(10617, 428, 17, 'N', 'N', 'N', 'N'),
(10618, 428, 18, 'N', 'N', 'N', 'N'),
(10619, 428, 19, 'N', 'N', 'N', 'N'),
(10620, 428, 20, 'N', 'N', 'N', 'N'),
(10621, 428, 21, 'N', 'N', 'N', 'N'),
(10622, 428, 22, 'N', 'N', 'N', 'N'),
(10623, 428, 23, 'N', 'N', 'N', 'N'),
(10624, 428, 24, 'N', 'N', 'N', 'N'),
(10625, 428, 25, 'N', 'N', 'N', 'N'),
(10626, 428, 26, 'N', 'N', 'N', 'N'),
(10627, 428, 28, 'N', 'N', 'N', 'N'),
(10628, 428, 29, 'N', 'N', 'N', 'N'),
(10629, 428, 30, 'N', 'N', 'N', 'N'),
(10630, 428, 31, 'N', 'N', 'N', 'N'),
(10631, 429, 1, 'Y', 'Y', 'Y', 'Y'),
(10632, 429, 2, 'N', 'N', 'N', 'N'),
(10633, 429, 8, 'N', 'N', 'N', 'N'),
(10634, 429, 9, 'N', 'N', 'N', 'N'),
(10635, 429, 17, 'N', 'N', 'N', 'N'),
(10636, 429, 18, 'N', 'N', 'N', 'N'),
(10637, 429, 19, 'N', 'N', 'N', 'N'),
(10638, 429, 20, 'N', 'N', 'N', 'N'),
(10639, 429, 21, 'N', 'N', 'N', 'N'),
(10640, 429, 22, 'N', 'N', 'N', 'N'),
(10641, 429, 23, 'N', 'N', 'N', 'N'),
(10642, 429, 24, 'N', 'N', 'N', 'N'),
(10643, 429, 25, 'N', 'N', 'N', 'N'),
(10644, 429, 26, 'N', 'N', 'N', 'N'),
(10645, 429, 28, 'N', 'N', 'N', 'N'),
(10646, 429, 29, 'N', 'N', 'N', 'N'),
(10647, 429, 30, 'N', 'N', 'N', 'N'),
(10648, 429, 31, 'N', 'N', 'N', 'N'),
(10649, 430, 1, 'Y', 'Y', 'Y', 'Y'),
(10650, 430, 2, 'N', 'N', 'N', 'N'),
(10651, 430, 8, 'N', 'N', 'N', 'N'),
(10652, 430, 9, 'N', 'N', 'N', 'N'),
(10653, 430, 17, 'N', 'N', 'N', 'N'),
(10654, 430, 18, 'N', 'N', 'N', 'N'),
(10655, 430, 19, 'N', 'N', 'N', 'N'),
(10656, 430, 20, 'N', 'N', 'N', 'N'),
(10657, 430, 21, 'N', 'N', 'N', 'N'),
(10658, 430, 22, 'N', 'N', 'N', 'N'),
(10659, 430, 23, 'N', 'N', 'N', 'N'),
(10660, 430, 24, 'N', 'N', 'N', 'N'),
(10661, 430, 25, 'N', 'N', 'N', 'N'),
(10662, 430, 26, 'N', 'N', 'N', 'N'),
(10663, 430, 28, 'N', 'N', 'N', 'N'),
(10664, 430, 29, 'N', 'N', 'N', 'N'),
(10665, 430, 30, 'N', 'N', 'N', 'N'),
(10666, 430, 31, 'N', 'N', 'N', 'N'),
(10667, 431, 1, 'Y', 'Y', 'Y', 'Y'),
(10668, 431, 2, 'N', 'N', 'N', 'N'),
(10669, 431, 8, 'N', 'N', 'N', 'N'),
(10670, 431, 9, 'N', 'N', 'N', 'N'),
(10671, 431, 17, 'N', 'N', 'N', 'N'),
(10672, 431, 18, 'N', 'N', 'N', 'N'),
(10673, 431, 19, 'N', 'N', 'N', 'N'),
(10674, 431, 20, 'N', 'N', 'N', 'N'),
(10675, 431, 21, 'N', 'N', 'N', 'N'),
(10676, 431, 22, 'N', 'N', 'N', 'N'),
(10677, 431, 23, 'N', 'N', 'N', 'N'),
(10678, 431, 24, 'N', 'N', 'N', 'N'),
(10679, 431, 25, 'N', 'N', 'N', 'N'),
(10680, 431, 26, 'N', 'N', 'N', 'N'),
(10681, 431, 28, 'N', 'N', 'N', 'N'),
(10682, 431, 29, 'N', 'N', 'N', 'N'),
(10683, 431, 30, 'N', 'N', 'N', 'N'),
(10684, 431, 31, 'N', 'N', 'N', 'N'),
(10685, 432, 1, 'Y', 'Y', 'Y', 'Y'),
(10686, 432, 2, 'N', 'N', 'N', 'N'),
(10687, 432, 8, 'N', 'N', 'N', 'N'),
(10688, 432, 9, 'N', 'N', 'N', 'N'),
(10689, 432, 17, 'N', 'N', 'N', 'N'),
(10690, 432, 18, 'N', 'N', 'N', 'N'),
(10691, 432, 19, 'N', 'N', 'N', 'N'),
(10692, 432, 20, 'N', 'N', 'N', 'N'),
(10693, 432, 21, 'N', 'N', 'N', 'N'),
(10694, 432, 22, 'N', 'N', 'N', 'N'),
(10695, 432, 23, 'N', 'N', 'N', 'N'),
(10696, 432, 24, 'N', 'N', 'N', 'N'),
(10697, 432, 25, 'N', 'N', 'N', 'N'),
(10698, 432, 26, 'N', 'N', 'N', 'N'),
(10699, 432, 28, 'N', 'N', 'N', 'N'),
(10700, 432, 29, 'N', 'N', 'N', 'N'),
(10701, 432, 30, 'N', 'N', 'N', 'N'),
(10702, 432, 31, 'N', 'N', 'N', 'N'),
(10703, 433, 1, 'Y', 'Y', 'Y', 'Y'),
(10704, 433, 2, 'N', 'N', 'N', 'N'),
(10705, 433, 8, 'N', 'N', 'N', 'N'),
(10706, 433, 9, 'N', 'N', 'N', 'N'),
(10707, 433, 17, 'N', 'N', 'N', 'N'),
(10708, 433, 18, 'N', 'N', 'N', 'N'),
(10709, 433, 19, 'N', 'N', 'N', 'N'),
(10710, 433, 20, 'N', 'N', 'N', 'N'),
(10711, 433, 21, 'N', 'N', 'N', 'N'),
(10712, 433, 22, 'N', 'N', 'N', 'N'),
(10713, 433, 23, 'N', 'N', 'N', 'N'),
(10714, 433, 24, 'N', 'N', 'N', 'N'),
(10715, 433, 25, 'N', 'N', 'N', 'N'),
(10716, 433, 26, 'N', 'N', 'N', 'N'),
(10717, 433, 28, 'N', 'N', 'N', 'N'),
(10718, 433, 29, 'N', 'N', 'N', 'N'),
(10719, 433, 30, 'N', 'N', 'N', 'N'),
(10720, 433, 31, 'N', 'N', 'N', 'N');

-- --------------------------------------------------------

--
-- Struktur dari tabel `sys_users`
--

CREATE TABLE `sys_users` (
  `id` int(11) NOT NULL,
  `codeInitial` char(7) NOT NULL,
  `code` char(25) NOT NULL,
  `first_name` varchar(150) NOT NULL DEFAULT '0',
  `last_name` varchar(50) NOT NULL DEFAULT '0',
  `username` varchar(50) DEFAULT NULL,
  `password` varchar(50) DEFAULT NULL,
  `email` varchar(50) DEFAULT NULL,
  `date_created` date DEFAULT NULL,
  `foto_user` varchar(150) DEFAULT NULL,
  `id_group` int(11) NOT NULL,
  `id_branch` int(11) NOT NULL DEFAULT 0,
  `id_area` char(11) NOT NULL,
  `id_agent` int(12) NOT NULL DEFAULT 0,
  `id_gerai` int(12) NOT NULL,
  `id_cust` int(12) DEFAULT NULL,
  `id_vendor` int(11) NOT NULL,
  `id_courier` int(11) NOT NULL,
  `Latitude` double NOT NULL,
  `Longitude` double NOT NULL,
  `api_reg` text NOT NULL,
  `token` text NOT NULL,
  `aktif` enum('Y','N') NOT NULL,
  `verifikasi` enum('Y','N') NOT NULL DEFAULT 'N',
  `ketVerifikasi` varchar(200) NOT NULL,
  `userVerifikasi` int(11) NOT NULL,
  `dateVerifikasi` datetime NOT NULL,
  `telp` varchar(20) NOT NULL,
  `noWallet` varchar(100) NOT NULL DEFAULT '',
  `saldoWallet` double(12,2) NOT NULL,
  `noKtp` varchar(100) NOT NULL,
  `noNpwp` varchar(100) NOT NULL,
  `alamat` text NOT NULL,
  `jenisKelamin` varchar(10) NOT NULL,
  `foto_ktp` varchar(100) NOT NULL,
  `virtualCode` varchar(100) NOT NULL,
  `tokenNotif` varchar(200) NOT NULL,
  `id_comp` int(11) NOT NULL,
  `custID` int(11) NOT NULL DEFAULT 1,
  `codeReferral` varchar(100) NOT NULL,
  `pinWallet` varchar(200) NOT NULL
) ENGINE=InnoDB DEFAULT CHARSET=latin1 COLLATE=latin1_swedish_ci ROW_FORMAT=COMPACT;

--
-- Dumping data untuk tabel `sys_users`
--

INSERT INTO `sys_users` (`id`, `codeInitial`, `code`, `first_name`, `last_name`, `username`, `password`, `email`, `date_created`, `foto_user`, `id_group`, `id_branch`, `id_area`, `id_agent`, `id_gerai`, `id_cust`, `id_vendor`, `id_courier`, `Latitude`, `Longitude`, `api_reg`, `token`, `aktif`, `verifikasi`, `ketVerifikasi`, `userVerifikasi`, `dateVerifikasi`, `telp`, `noWallet`, `saldoWallet`, `noKtp`, `noNpwp`, `alamat`, `jenisKelamin`, `foto_ktp`, `virtualCode`, `tokenNotif`, `id_comp`, `custID`, `codeReferral`, `pinWallet`) VALUES
(1, '', '', 'admin', '0', 'admin', 'e10adc3949ba59abbe56e057f20f883e', 'hafid@digitalindo.co.id', NULL, NULL, 1, 0, '', 0, 0, NULL, 0, 0, 0, 0, '300dfaa09d3079dbf9af803a6ae42209', '300dfaa09d3079dbf9af803a6ae42209', 'Y', 'Y', '', 0, '0000-00-00 00:00:00', '085946103030', '', 0.00, '123', '123', 'jl botin', 'L', 'hafid.jpg', '46103030', 'f8cuoxQ5R2WpMqiPjvdyCC:APA91bGD1A2LvjC0m9UUqqbEBgbb9MN58tAq9SbHUVqHbig7rIEZFLArKuPvjaJ_eP_K-qMoKMly_5GA3q3-wJia4accf6VPmntd5rMQj12pcd3lbSzoJouSWcYmg0U-H8cTNScKgayM', 0, 1, '', ''),
(3, '-', '', 'fajri', 'huang', 'faj', '30b064daf0d7c69e9ea417bdbe6d9019', 'fajriah1404@gmail.com', NULL, '.jpg', 2, 0, '', 0, 0, 0, 0, 0, 0, 0, '', '', 'Y', 'Y', '', 0, '0000-00-00 00:00:00', '08986372536125', '', 0.00, '1234567890123458', '927412313131', 'jalan kenanga', 'P', 'faj.jpg', '6372536125', 'f8cuoxQ5R2WpMqiPjvdyCC:APA91bGD1A2LvjC0m9UUqqbEBgbb9MN58tAq9SbHUVqHbig7rIEZFLArKuPvjaJ_eP_K-qMoKMly_5GA3q3-wJia4accf6VPmntd5rMQj12pcd3lbSzoJouSWcYmg0U-H8cTNScKgayM', 0, 1, '', '96e79218965eb72c92a549dd5a330112'),
(4, '', '', 'Selamat Riyanto', '0', 'antosk', 'ed08ca91a19e22787ced2aa89b8d8bf8', 'cic.pkx@gmail.com', NULL, NULL, 2, 0, '', 0, 0, 0, 0, 0, 0, 0, '', '', 'Y', 'Y', '', 0, '0000-00-00 00:00:00', '08125155339', '', 0.00, '', '', '', '', '', '5155339', '', 0, 1, '', ''),
(5, '', '', 'Fadil akhmadi', '0', 'fadil', '3ab05051788b8bcb580222407c6ff2c6', 'fadil.akhmadi76@gmail.com', NULL, NULL, 2, 0, '', 0, 0, 0, 0, 0, 0, 0, '', '', 'Y', 'Y', '', 0, '0000-00-00 00:00:00', '081293605076', '', 0.00, '', '', '', '', '', '93605076', 'fkmVfG7zR7ylLsvJXXC2f9:APA91bGCsyZhZH55VayKt6ktLudgl2cqLBF2LYu-rYCagpTz3egjNqNb2NmSF7RttMjwrQ8UUZh7WW-XNC2_NkJJCgGDeoc0eAUTJvM5UF8B4N96hPMe_dPGM7yK1AgUh-HrrDy4H_9i', 0, 1, '', ''),
(11, '', '', 'admin5', 'Digitalindo', 'admin5', '753453551d67646fb16eaf3c4a6a7405', 'admin@digitalindo.co.id', '2022-02-11', '.jpeg', 17, 0, '', 0, 0, 5, 0, 0, 0, 0, '', '', 'Y', 'Y', '', 0, '0000-00-00 00:00:00', '0819391672321', '', 0.00, '8786756746453453', '-', 'tes', 'L', 'admin5.jpeg', '391672321', 'f8cuoxQ5R2WpMqiPjvdyCC:APA91bGD1A2LvjC0m9UUqqbEBgbb9MN58tAq9SbHUVqHbig7rIEZFLArKuPvjaJ_eP_K-qMoKMly_5GA3q3-wJia4accf6VPmntd5rMQj12pcd3lbSzoJouSWcYmg0U-H8cTNScKgayM', 0, 1, '', ''),
(12, '', '', 'ADHITYA', 'prima', 'adit-jog', 'e10adc3949ba59abbe56e057f20f883e', 'aadit7050@gmail.com', '2022-02-14', 'adit-jog.jpg', 17, 0, '', 0, 0, 3, 0, 0, 0, 0, '', '', 'Y', 'Y', '', 0, '0000-00-00 00:00:00', '081227138805', '', 0.00, '', '', '', '', '', '27138805', 'cFO24WMDRLmIh_weHUH2KR:APA91bG7fbiQLtVn17WNuoZIMQgwPnaei5MpDMRVp4lkVBBXke_OmU63gJ2NkTI_qjs50OjLwq-P11H4qefKOQAGqNV2ighjJCf_FYaIafgc3aSooLV0mpWC5T7p27QWsHlqlORGPpbF', 0, 1, '', ''),
(13, '', '', 'aminatus', '0', 'aminatus', 'fb68dba71905c78f60e4a4bbc66807cb', 'asholikha83@gmail.com', '2022-02-16', NULL, 2, 0, '', 0, 0, 0, 0, 0, 0, 0, '', '', 'Y', 'Y', '', 0, '0000-00-00 00:00:00', '083854580783', '', 0.00, '', '', '', '', '', '54580783', '', 0, 1, '', ''),
(14, '', '', 'hafid', 'Hidayat', 'hafid', 'e10adc3949ba59abbe56e057f20f883e', 'hafid@digitalindo.co.id', '2022-02-16', 'hafid.jpg', 17, 0, '', 0, 0, 22, 0, 0, 0, 0, '', '', 'Y', 'Y', '', 0, '0000-00-00 00:00:00', '085946103030', '', 0.00, '123', '123', 'jl botin', 'L', 'hafid.jpg', '46103030', '', 0, 1, '', ''),
(15, '', '', 'Yansun', 'pahurian', 'yansun-cgk', 'd41d8cd98f00b204e9800998ecf8427e', '', '2022-02-26', 'yansun-cgk.jpg', 17, 0, '', 0, 0, 3, 0, 0, 0, 0, '', '', 'Y', 'Y', '', 0, '0000-00-00 00:00:00', '085718627064', '', 0.00, '', '', '', '', '', '18627064', '', 0, 1, '', ''),
(17, '', '', 'mamey', '0', 'mama', 'eeafbf4d9b3957b139da7b7f2e7f2d4a', 'many@gmail.com', '2022-02-28', NULL, 2, 0, '', 0, 0, 0, 0, 0, 0, 0, '', '', 'Y', 'Y', '', 0, '0000-00-00 00:00:00', '081249657947', '', 0.00, '', '', '', '', '', '49657947', '', 0, 1, '', ''),
(18, '', '', 'well', '0', 'well', 'f9323f5b51fc23e30c10623bd38de6ff', 'welssuper9@gmail.com', '2022-02-28', NULL, 2, 0, '', 0, 0, 0, 0, 0, 0, 0, '', '', 'Y', 'Y', '', 0, '0000-00-00 00:00:00', '081249657947', '', 0.00, '', '', '', '', '', '49657947', '', 0, 1, '', ''),
(19, '', '', 'Ika HASIKA', '0', 'HASIKA', '90ca4ad3655bab863d02889654cd2fbb', 'ikadewi3784@gmail.com', '2022-04-04', NULL, 2, 0, '', 0, 0, 0, 0, 0, 0, 0, '', '', 'Y', 'Y', '', 0, '0000-00-00 00:00:00', '081334505650', '', 0.00, '', '', '', '', '', '34505650', '', 0, 1, '', ''),
(24, '-', '', 'Aska', 'hafid', 'aska', '202cb962ac59075b964b07152d234b70', 'hafid.hidayat165@gmail.com', '2022-04-05', 'aska.jpg', 2, 0, '', 0, 0, 0, 0, 0, 0, 0, '', '', 'Y', 'Y', '', 0, '0000-00-00 00:00:00', '081212979974', '', 19667.00, '5457875554870457', '71538172-', 'jakarta', 'L', 'aska.jpg', '12979974', 'fpFHLKJZTCyZCECAagqf_Q:APA91bGpjUFi8DHx35kiOUqJZKOAuIT1wm2SgE9AoUqhJOQZzbgCBoWwiTP063G9HXAcfgFGOQ4MX1OmXobC701mTrSKq9lf-WW3zsZOhiythMSagmbdnMiP4efFkBibc_OFV3OfrFJZ', 0, 1, '', 'd275abc57639bb00e7464d67f9c94bfe'),
(25, '', '', 'Admin', 'Digitalindo2', 'admin2', '753453551d67646fb16eaf3c4a6a7405', 'fikri@mas-kargo.co.id', '2022-04-08', 'admin2.jpg', 17, 0, '', 0, 0, 5, 0, 0, 0, 0, '', '', 'Y', 'Y', '', 0, '0000-00-00 00:00:00', '0852699', '', 0.00, '123456', '123456', 'Merpati', 'L', 'admin2.jpeg', '699', '', 0, 1, '', ''),
(26, '', '', 'm. yanto', '0', 'yanto', '3ea758d94425cf650a2aa68730540477', 'yanto_bks@gmail.com', '2022-04-19', NULL, 2, 0, '', 0, 0, NULL, 0, 0, 0, 0, '', '', 'Y', 'Y', '', 0, '0000-00-00 00:00:00', '081368082758', '', 0.00, '', '', '', '', '', '68082758', '', 0, 1, '', ''),
(27, '', '', 'Agustin Prawita Sari', '0', 'agustinps', '2addf11d386b9691bd180edd86cfcdc1', 'Agustin Prawita Sari', '2022-05-10', NULL, 2, 0, '', 0, 0, NULL, 0, 0, 0, 0, '', '', 'Y', 'Y', '', 0, '0000-00-00 00:00:00', 'Agustin Prawita Sari', '', 0.00, '', '', '', '', '', 'tin Prawita Sari', '', 0, 1, '', ''),
(28, '', '', 'truezdale', '0', 'truezdale', '13685e6d6e35eddae65f413f27d5578d', 'truesdaleee@gmail.com', '2022-05-11', NULL, 2, 0, '', 0, 0, NULL, 0, 0, 0, 0, '', '', 'Y', 'Y', '', 0, '0000-00-00 00:00:00', '085156167913', '', 0.00, '', '', '', '', '', '56167913', '', 0, 1, '', ''),
(29, '', '', 'Ayu Nurjanah', '0', 'Ayu Nurjanah', '8b896c34d30f96173a80584a73e9f7c1', 'ayunurjanah1000@gmail.com', '2022-05-23', NULL, 2, 0, '', 0, 0, NULL, 0, 0, 0, 0, '', '', 'Y', 'Y', '', 0, '0000-00-00 00:00:00', '089699311550', '', 0.00, '', '', '', '', '', '99311550', 'c_aoqhIeS666q7gtKYRbkv:APA91bHY4xArCvf71fTCufCsabAStD8fSPRtOejyNvvMUFsazDqy4cPjxG0km57K1VNFRw4FwvWpaGOd_VtdfpHsXIhYF3O5ZTZTTR14_x9fHwCVawnwhmD7-bQwA8aYJ7GnAp41fAWm', 0, 1, '', ''),
(31, '', '', 'gati', '0', 'gati', 'cea68a5328406ca3b4eb5c306b102716', 'srigatibantul@gmail.com', '2022-05-23', NULL, 2, 0, '', 0, 0, NULL, 0, 0, 0, 0, '', '', 'Y', 'Y', '', 0, '0000-00-00 00:00:00', '083869480922', '', 0.00, '', '', '', '', '', '69480922', '', 0, 1, '', ''),
(32, '', '', 'Welldy', '0', 'welldy', 'c5fd05fab1648edf8f82ad9e27af263d', 'weldiantoteene@gmail.com', '2022-05-23', NULL, 2, 0, '', 0, 0, NULL, 0, 0, 0, 0, '', '', 'Y', 'Y', '', 0, '0000-00-00 00:00:00', '085228054737', '', 0.00, '', '', '', '', '', '28054737', '', 0, 1, '', ''),
(70, '', '', 'Rizky', '0', 'Iky', '0efdfdf3d23b6f588cf9b61ae0ac1df5', 'mr3182338@gmail.com', '2022-06-05', NULL, 2, 0, '', 0, 0, NULL, 0, 0, 0, 0, '', '', 'Y', 'Y', '', 0, '0000-00-00 00:00:00', '085260137349', '', 0.00, '', '', '', '', '', '60137349', '', 0, 1, '', ''),
(71, '', '', 'Rizky ', '0', 'Iky1612', '6e81f8ed43cfb49d6928fa817b0f370f', 'muhammadrisky161297@gmail.com', '2022-06-05', NULL, 2, 0, '', 0, 0, NULL, 0, 0, 0, 0, '', '', 'Y', 'Y', '', 0, '0000-00-00 00:00:00', '085260137349', '', 0.00, '', '', '', '', '', '60137349', '', 0, 1, '', ''),
(75, '', '', 'admin', '0', 'admin', '753453551d67646fb16eaf3c4a6a7405', 'hafid@digitalindo.co.id', NULL, NULL, 17, 0, '', 0, 0, 30, 0, 0, 0, 0, '', '', 'Y', 'Y', '', 0, '0000-00-00 00:00:00', '085946103030', '', 0.00, '123', '123', 'jl botin', 'L', 'hafid.jpg', '46103030', 'dSeYdUxURxOBCtU2cFsGu3:APA91bFfsmuOLM0b3SbYlkL-NyLuzRtag3m8R3al-kpZSKfwUgTu3Npn00OStBtPteSstu7U8zpb8l32WBlV5h1hWlyERlpIpu6xSprPyjzzpcWFZL3vkvZI_SoO0hMdPCC3gX81_wty', 0, 1, '', ''),
(76, '', '', 'PIC', 'Dani Sartika Nurdin', 'pic_bdo', 'c33367701511b4f6020ec61ded352059', 'danisartikanurdin10@gmail.com', '2022-06-10', 'pic_bdo.jpeg', 17, 0, '', 0, 0, 30, 0, 0, 0, 0, '', '', 'Y', 'Y', '', 0, '0000-00-00 00:00:00', '081313970753', '', 0.00, '3273170204800003', '', 'Jl cibaduyut lama Rt07 / 06', 'L', 'pic_bdo.jpeg', '13970753', 'eNrJi04wTdSj7lOFLHxDVg:APA91bFG4BVl3ourXag_fcVFiYr6H_Jn-AtO8ppK3JynMU02h0w7bGGxaVk6eOESZV8acAKIHaL2bl7c2wZ7kp0VXNJtM2JUHf5gtK0j4oP9s8hsBuRIk7wSzzwSSBF-QrhugIelS8Cz', 0, 1, '', ''),
(77, '', '', 'nia ayu Wulandari', '0', 'nia', 'fae38bd94701cdf2a9d114425cb40292', 'niaayuwulandari10@gmail.com', '2022-06-10', NULL, 2, 0, '', 0, 0, NULL, 0, 0, 0, 0, '', '', 'Y', 'Y', '', 0, '0000-00-00 00:00:00', '083869480922', '', 0.00, '', '', '', '', '', '69480922', '', 0, 1, '', ''),
(78, '', '', 'dewi maharani', '0', 'Dewi', '086ce44dabd5e979b8db2e23488bfd2b', 'dewibantul06@gmail.com', '2022-06-10', NULL, 2, 0, '', 0, 0, NULL, 0, 0, 0, 0, '', '', 'Y', 'Y', '', 0, '0000-00-00 00:00:00', '083869480922', '', 0.00, '', '', '', '', '', '69480922', '', 0, 1, '', ''),
(79, '', '', 'Nicolaus', 'Ruruk', 'ops_djj1', 'c33367701511b4f6020ec61ded352059', 'nicoruruk76@gmail.com', '2022-06-11', 'ops_djj1.jpg', 17, 0, '', 0, 0, 30, 0, 0, 0, 0, '', '', 'Y', 'Y', '', 0, '0000-00-00 00:00:00', '085244402330', '', 0.00, '9171030311760001', '', 'btn grand doyo baru sentani', 'L', 'ops_djj1.jpg', '44402330', 'dy5nsag-S4CBasGH9Fpgqz:APA91bGZzlDXPVVbQxZPDTZSc751mMka8u2f8lr8Tf6NFzx5kkeFDfZOg1vVyeAXuuzzAt4tTvy0H26x61lCno4HgGOXQVbGKnaPgpDna0X4GRZ76lFjUToXOdTCwavs3PAIsrIG8JPI', 0, 1, '', ''),
(83, '', '', 'abdul gafur', 'gafur', 'abdul gafur', '70f6f2a6e2af3b0fe59f4cd0357db17a', 'gafurdjj78@gmail.com', '2022-06-11', 'abdul gafur.jpg', 2, 0, '', 0, 0, NULL, 0, 0, 0, 0, '', '', 'Y', 'Y', '', 0, '0000-00-00 00:00:00', '08124801729', '', 0.00, '123456789', '123456789', 'wirosaban barat indah kav. 51 umbulharjo yogyakarta', 'L', 'abdul gafur.jpg', '4801729', 'eu4DTm8kRSiR9Wd3hoqT0o:APA91bGwTZqnQqxQeG_h4g8Wj9n7fRUFrwIHCTRHlIDiW9rH-fB6-4Px5GoGUqnenKTW7RRnuGVPv95SWYQe0zVWTOEitXhLeHQE_ByUR8yTgrx2vPky5Zrs_JpsaAjZleq_hfcqG1Hf', 0, 1, '', ''),
(84, '', '', 'Andre Riswanto', '0', 'andreriswanto14', 'c317beb294bc852f8c1f3a0b7aab7d39', 'andreriswanto14@gmail.com', '2022-06-11', 'andreriswanto14.jpg', 2, 0, '', 0, 0, NULL, 0, 0, 0, 0, '', '', 'Y', 'Y', '', 0, '0000-00-00 00:00:00', '083175182875', '', 0.00, '1901020401990007', '', 'Jl. Ibu Ruswo, Gondomanan, Kota Yogyakarta', 'L', 'andreriswanto14.jpg', '75182875', 'cKKrRF6xTGyN8QAHXIopBT:APA91bGwLKviZeGvkW-21gLMzeXs5Yie_QZFQUDpfxUplPT23TbEsNWuMXxSyrsFpuiXCZ6nfxgu2vrQBxWwhEKk2X145IFQ-pvxkbJdmKtSEpwnq0LHb1ARWwW6zFs15JX1JxBKKDXk', 0, 1, '', ''),
(86, '', '', 'Jasp Corp', '0', 'Jasp Corp', '8c977342d22a2074f9645b60c5dbb9c5', 'gafurtikidjj@gmail.com', '2022-06-13', NULL, 2, 0, '', 0, 0, NULL, 0, 0, 0, 0, '', '', 'Y', 'Y', '', 0, '0000-00-00 00:00:00', '08112547477', '', 0.00, '', '', '', '', '', '2547477', '', 30, 1, '22ASP1205', ''),
(87, '', '', 'Ayu Nurjanah 2', '0', 'Ayu Nurjanah 2', '8b896c34d30f96173a80584a73e9f7c1', 'ayuchic10@gmail.com', '2022-06-13', 'Ayu Nurjanah 2.jpg', 2, 0, '', 0, 0, NULL, 0, 0, 0, 0, '', '', 'Y', 'Y', '', 0, '0000-00-00 00:00:00', '08812627642', '', 0.00, '3404085404990002', '', 'Tanjungtirto RT 7 RW 23 Kalitirto Berbah Sleman Yogyakarta', '', 'Ayu Nurjanah 2.jpg', '2627642', 'c_aoqhIeS666q7gtKYRbkv:APA91bHY4xArCvf71fTCufCsabAStD8fSPRtOejyNvvMUFsazDqy4cPjxG0km57K1VNFRw4FwvWpaGOd_VtdfpHsXIhYF3O5ZTZTTR14_x9fHwCVawnwhmD7-bQwA8aYJ7GnAp41fAWm', 30, 1, '22ASP1205', ''),
(88, '', '', 'ARIYANTO', '. ', 'ARIYANTO', 'e10adc3949ba59abbe56e057f20f883e', 'info@terbang.co.id', '2022-06-13', '', 17, 0, '', 0, 0, 31, 0, 0, 0, 0, '', '', 'Y', 'Y', '', 0, '0000-00-00 00:00:00', '085172198013', '', 0.00, '1271161308790004', '', 'Medan', 'L', '', '72198013', 'dtyKIAD3SgOsai0aH_ovXX:APA91bG_zuQL8-Kve-xqmUGwFRZHva7c79LFAPnh5aGbDoidqgemTaNn2VefRfE4bK9sbhVEc94kYTRk1eCEEgvFi_NsjyDLs15CyimkrtNdjNPYKEx2h8SZudpumn291LNdPSqEoEgW', 0, 1, '', ''),
(89, '', '', 'komalasari', '0', 'chanyoung_acc', 'e6293a5e86ea009d4e3f8f536a24a53d', 'remalla644@gmail.com', '2022-06-13', NULL, 2, 0, '', 0, 0, NULL, 0, 0, 0, 0, '', '', 'Y', 'Y', '', 0, '0000-00-00 00:00:00', '089653809826', '', 0.00, '', '', '', '', '', '53809826', '', 0, 1, '', ''),
(90, '', '', 'Andre Riswanto', '0', 'andreASP', 'c317beb294bc852f8c1f3a0b7aab7d39', 'andrefilm@gmail.com', '2022-06-15', NULL, 2, 0, '', 0, 0, NULL, 0, 0, 0, 0, '', '', 'Y', 'Y', '', 0, '0000-00-00 00:00:00', '083175182875', '', 0.00, '', '', '', '', '', '75182875', '', 30, 1, '22ASP1205', ''),
(91, '', '', 'Andre Riswanto', '0', 'andreASP1', 'c317beb294bc852f8c1f3a0b7aab7d39', 'andrefilm14@gmail.com', '2022-06-15', NULL, 2, 0, '', 0, 0, NULL, 0, 0, 0, 0, '', '', 'Y', 'Y', '', 0, '0000-00-00 00:00:00', '083175182875', '', 0.00, '', '', '', '', '', '75182875', 'e-7Vi-IxRy6Rm1ByA_p5E3:APA91bEld2u5BQAfofe4OyFxTWLV5hNSiL56s6Q3RnhWTl3N2dmvqRtrHA1cOgVBwI3r4jpWDcDp-EOfVMAAJtHqk5kf1tpxJk4DqG0-g30-SkOE7UJ3Tgj6H_Tt79u9WeSvbztFi7OO', 30, 1, '22ASP1205', ''),
(92, '', '', 'ops', 'ibrahim', 'ops_djj3', 'c33367701511b4f6020ec61ded352059', 'ibrahimsquad83@gmail.com', '2022-06-16', 'ops_djj3.jpg', 17, 0, '', 0, 0, 30, 0, 0, 0, 0, '', '', 'Y', 'Y', '', 0, '0000-00-00 00:00:00', '081343146969', '', 0.00, '9171020111830004', '', 'tanah hitam', 'L', 'ops_djj3.jpg', '43146969', 'eIFnfAOWRl2YKUrTs5AkB6:APA91bFkNrNJwy6CtUZUIWNb1ZGx8r34GBeAwUMDvqon1uURDQfylfcNqbPudTnlp88dhJiKyJ63PBKUux45l8dWbMph4r-64_-g_r1YYqeq-Jz8-ir7ZiuQdROW8F6QUR5e5MJMkzfK', 0, 1, '', ''),
(95, '', '', 'Bayu Putra', 'Iriansyah', 'ops_djj2', 'c33367701511b4f6020ec61ded352059', 'bayu.iriansyah40@gmail.com', '2022-06-17', 'ops_djj2.jpg', 17, 0, '', 0, 0, 30, 0, 0, 0, 0, '', '', 'Y', 'Y', '', 0, '0000-00-00 00:00:00', '081247776757', '', 0.00, '9171050910960002', '', 'Gang Melati 2 No 111 Waena', 'L', 'ops_djj2.jpg', '47776757', 'eK1WhOtFSYCxcWnZFh1Mp8:APA91bH54r6i-YYQ_TIfA3bcq0LsAZaDYPpJfph0jogK1Y45D8f7z5NFcNm-9LNVDwHwQEEjFmA0Pb2-oloQDYu4sxKboUB9REaM9N_qUWglwHn9sWxI_VfMIA2gh1wjGuYx66BgdiM6', 0, 1, '', ''),
(97, '', '', 'Anita Mayasari', '0', 'anita mayasari', '5956470088e96f8c0f35cc19b7d996f5', 'aghasa.elma@gmail.com', '2022-06-17', NULL, 2, 0, '', 0, 0, NULL, 0, 0, 0, 0, '', '', 'Y', 'Y', '', 0, '0000-00-00 00:00:00', '083869480922', '', 0.00, '', '', '', '', '', '69480922', '', 30, 1, '22ASP1205', ''),
(99, '', '', 'Anto', 'Riyanto', 'riyanto', 'e10adc3949ba59abbe56e057f20f883e', 'doc.pkx@gmail.com', '2022-06-17', 'riyanto.jpeg', 2, 0, '', 0, 0, NULL, 0, 0, 0, 0, '', '', 'Y', 'Y', '', 0, '0000-00-00 00:00:00', '08125155339', '', 0.00, '0000000000000000', '', 'Pangkalan Bun', '', 'riyanto.jpeg', '5155339', 'd6lXyVwcQg-EbgW5AbaLCX:APA91bHqvyf80BmKU4topRslB0KVmSLOYla5Y9WvALvSl1rYT9K7m53tX_8NsHdguP5liPCoNx0yF6ZaWpcOhM0zoKogiMW0cY7skGee1BMZ701UatDiBs4bmAP0AR49VYViC43du_NA', 0, 1, '', ''),
(101, '', '', 'Heru', 'Suprayogi', 'heru.suprayogi', 'eb7c43323b2164b7b9108938c9aa3807', 'heru.suprayogi85@gmail.com', '2022-06-17', '', 2, 0, '', 0, 0, NULL, 0, 0, 0, 0, '', '', 'Y', 'Y', '', 0, '0000-00-00 00:00:00', '081380715596', '', 0.00, '6201022310850004', '-', 'Pangkalan Bun', 'L', '', '80715596', 'fVks_DM2QA--GBr1Bl8uK0:APA91bEQUUHZDh5xYbcscD5tRV1nSbLgp7Ay5fyg8HvmlyZe8rRKmUGNCY60KZpJhyFr85duYUVuVMiIuNErHQngLh66sErIDRW5rrtXf9In2xPT5xL3UuadquuAaqcY0t_p38dslmBb', 30, 1, '22ASP1205', ''),
(102, '', '', 'ryuki', '0', 'ryuki', '5f873a85a070305be04d0dd1f86b5f61', 'ryuki.sanada05@gmail.com', '2022-06-17', NULL, 2, 0, '', 0, 0, NULL, 0, 0, 0, 0, '', '', 'Y', 'Y', '', 0, '0000-00-00 00:00:00', '082255522881', '', 0.00, '', '', '', '', '', '55522881', '', 0, 1, '', ''),
(106, '', '', 'Qiandra Zayn Almahyra Olshop Store', '0', 'qiandra olshop', '14a78480865d245e7b5812b1aa1f1e45', 'arief92ghifari@gmail.com', '2022-06-19', 'qiandra olshop.jpg', 2, 0, '', 0, 0, NULL, 0, 0, 0, 0, '', '', 'Y', 'Y', '', 0, '0000-00-00 00:00:00', '081344266979', '', 0.00, '9171031601920009', '845406313952000', 'jl kemiri mall borobudur (Sports Station) ', '', 'qiandra olshop.jpg', '44266979', 'dXkHApHLSfiCLh-gIu1mJw:APA91bGs1MNgjvvlcoP84zaw8F0n4e5RRf7WXawR1PUpUQa9J1OyLAx_WK6rmqMEJu6E0WNORjcFG-i0AFKEOkxb1x4ZYVkjxCe-n-0RxYEdixI1DjaGW_id2UnU9BsQ2Mj8fb7U9d3v', 30, 1, '22ASP1205', ''),
(107, '', '', 'yogi syahputra', '0', 'togi', 'ccd00a2f09c53c867663ae9876ce98c5', 'y091syahputra@gmail.com', '2022-06-20', NULL, 2, 0, '', 0, 0, NULL, 0, 0, 0, 0, '', '', 'Y', 'Y', '', 0, '0000-00-00 00:00:00', '082361830205', '', 0.00, '', '', '', '', '', '61830205', '', 0, 1, '', ''),
(108, '', '', 'andreJASP', '0', 'andreJASP14', '9e9f743ba4e940c121b3a85a3b1a28db', 'andreJASP14@gmail.com', '2022-06-20', NULL, 2, 0, '', 0, 0, NULL, 0, 0, 0, 0, '', '', 'Y', 'Y', '', 0, '0000-00-00 00:00:00', '083175182875', '', 0.00, '', '', '', '', '', '75182875', 'cKKrRF6xTGyN8QAHXIopBT:APA91bGwLKviZeGvkW-21gLMzeXs5Yie_QZFQUDpfxUplPT23TbEsNWuMXxSyrsFpuiXCZ6nfxgu2vrQBxWwhEKk2X145IFQ-pvxkbJdmKtSEpwnq0LHb1ARWwW6zFs15JX1JxBKKDXk', 30, 1, '22ASP1205', ''),
(111, '', '', 'THANIA ', 'NURAINUN ', 'nitch3973 ', '1f6abf81aefd89b935f5a097276db02c', 'nitch3973@gmail.com', '2022-06-20', 'nitch3973 .jpg', 2, 0, '', 0, 0, NULL, 0, 0, 0, 0, '', '', 'Y', 'Y', '', 0, '0000-00-00 00:00:00', '085756731935', '', 0.00, '9271097006980002', '63.335.761. 1-951.000', 'JL. F. KALASUAT ', 'P', 'nitch3973 .jpg', '56731935', 'f5huBxvCQhKZWMK4skucP8:APA91bGvMX9UzTMJeX2vk6Qj5Vz9CLOgk4SyEgn_oEfmIFAdgQKqhpGrZ-fxpUzNCk2eeoSo1n-qmkBcSbSDzz8tm3GCy6kFGBhbMyAIq7wICUypGXY860AF7YSusERTzLgGtpJ4KzDb', 0, 1, '', ''),
(112, '', '', 'yogi syahputra', '0', 'yogi', 'd2a7b8eeec3e8a2f4c0a0b34c9b20e6b', 'nasutionirsyana@gmail.com', '2022-06-20', NULL, 2, 0, '', 0, 0, NULL, 0, 0, 0, 0, '', '', 'Y', 'Y', '', 0, '0000-00-00 00:00:00', '082361830205', '', 0.00, '', '', '', '', '', '61830205', '', 30, 1, '22ASP1205', ''),
(113, '', '', 'nanang', 'wahono', 'ops_timika1', 'e10adc3949ba59abbe56e057f20f883e', 'wahononanang1@gmail.com', '2022-06-20', 'ops_timika1.jpg', 17, 0, '', 0, 0, 30, 0, 0, 0, 0, '', '', 'Y', 'Y', '', 0, '0000-00-00 00:00:00', '081215685320', '', 0.00, '9109011910730002', '9109011910730002', 'jl. dulu sp2', 'L', 'ops_timika1.jpg', '15685320', 'fxI30X2URPKux2Bzj3QHWt:APA91bH42Z8PyxZikSVX_1jm9hsFfwiFtDX5U2r5bcwrRskGBf4DtgttVLZkmbqEB3_LKG9nDDWlbaBwcvd6SYG6LEke30TNBWSxUSq1x0Po3UJqxjwEEcpxU0ztyRmZTaiVJsCeV8m9', 0, 1, '', ''),
(114, '', '', 'Ardi', 'Whira', 'ops_timika', 'e10adc3949ba59abbe56e057f20f883e', 'wkumorojati26@gmail.com', '2022-06-20', '', 17, 0, '', 0, 0, 30, 0, 0, 0, 0, '', '', 'Y', 'Y', '', 0, '0000-00-00 00:00:00', '081343211826', '', 0.00, '9109012606940003', '', 'Sp2', 'L', 'ops_timika.jpg', '43211826', 'ffB6wPAGS7y4LcgwNUMl2V:APA91bEe0cPymdLoR6JILRWrP2mImY0HdEnw7V3Wp7xtcMQfdZ_cvdI3dEVxT-fOLSTfTqPtqnd1_w5qC2KGTaylOWB9CP2Tg_Nn_lnefjTPcOp1puhUrXNq9anriaLUKfEx0RJbhvyW', 0, 1, '', ''),
(115, '', '', 'Dani', 'Sartika Nurdin', 'pic_bdo1', '6c44e5cd17f0019c64b042e4a745412a', 'danisartikanurdin10@gmail.com', '2022-06-20', 'pic_bdo1.jpg', 17, 0, '', 0, 0, 30, 0, 0, 0, 0, '', '', 'Y', 'Y', '', 0, '0000-00-00 00:00:00', '081313970753', '', 0.00, '3273170204800003', '', 'Jl Cibaduyut Lama Rt 07 / 06', 'L', '', '13970753', 'eQWHK8xUT2KabChs6I87sl:APA91bEO0pyR0Wz8feJ_WVAZlmHjcrV1bsORPl-bqyK5fKTMijT974rdGPHEREiWNvdDHqwIYS2m8LvyL5GUspgo8VdyKCBFgjrLN-Y0mGA6qVVfsfxY5L_8ywQz7PKAgT6QK171E6Lp', 0, 1, '', ''),
(117, '', '', 'penta', '0', 'penta', 'fb8c2d9c288aa6722905f15fbd65eb74', 'penta@bbi.com', '2022-06-21', NULL, 2, 0, '', 0, 0, NULL, 0, 0, 0, 0, '', '', 'Y', 'Y', '', 0, '0000-00-00 00:00:00', '081298600941', '', 0.00, '', '', '', '', '', '98600941', '', 14, 1, '10BBI1011', ''),
(118, '', '', 'penta', '0', 'penta123', '7d62f1ce89b2534fcdd6a75eabcc1698', 'penta122@bbi.com', '2022-06-21', NULL, 2, 0, '', 0, 0, NULL, 0, 0, 0, 0, '', '', 'Y', 'Y', '', 0, '0000-00-00 00:00:00', '081298600941', '', 0.00, '', '', '', '', '', '98600941', '', 14, 1, '10BBI1011', ''),
(120, '', '', 'Berry Afrian Iikikwatil', '0', 'beryl', '2ab30fa70583e5d0767fef75d99b89aa', 'berryafrian39@gmail.com', '2022-06-21', NULL, 2, 0, '', 0, 0, NULL, 0, 0, 0, 0, '', '', 'Y', 'Y', '', 0, '0000-00-00 00:00:00', '08124850330p', '', 0.00, '', '', '', '', '', '4850330p', 'dSWfgOfsTm-fyF7wg6LGYV:APA91bGN8lcyJa3ESjySZkHHlLqC8HUUxoLT6FlmT-VBAzI2sggaGxwLN5WXz15K9fX5gNAIiXdM_OFPHL2so42bmnaD7RHUREVdoWvNMcoP803F6HoE6EUjHLJYI1fCLPr58aw2aiaj', 0, 1, '', ''),
(124, '', '', 'ASEF SAEFUL R', '0', 'asef2022', '71f098266c18679d5372ae3738c5b047', 'asef_rochman@yahoo.co.id', '2022-06-21', NULL, 2, 0, '', 0, 0, NULL, 0, 0, 0, 0, '', '', 'Y', 'Y', '', 0, '0000-00-00 00:00:00', '087757005418', '', 0.00, '', '', '', '', '', '57005418', 'fpNXEFwmTfK6ispZKVrLNP:APA91bEUc5vAjDNs6lBynjebsDMmfTHfGwuwtaR2AWEGUJIt041e5bFmMO9JwPQOFoO9zK5yjxSEUXdMBH3sAwS-yYM4SpCOaS4koyiUelNY8WHpo8BnIlz1Pdd4Afu2JTDG85FfVq8K', 0, 1, '', ''),
(125, '', '', 'Mariani Sulle', '0', 'Mariani AY', '322133675cf12636c266fc39d46d1b80', 'mariani.ym5@gmail.com', '2022-06-21', NULL, 2, 0, '', 0, 0, NULL, 0, 0, 0, 0, '', '', 'Y', 'Y', '', 0, '0000-00-00 00:00:00', '081248382518', '', 0.00, '', '', '', '', '', '48382518', 'cRxkUJXjQ1acT05guXL4fZ:APA91bFmYTJP20RnNphD3SpL4jF5tFRVhp13KcY2GLvTMpRWaoyeIW-BaX8Yb208RYTSavzkJP1Kvit6iSBSyIS0TM2UkJNSrNuedeBE1s-RS6AfGysDlwefPiZ67qUeY-pYaypCAm-n', 30, 1, '22ASP1205', ''),
(126, '', '', 'Fahrur Romadhoni ', '0', 'fahrurdhoni01', '995257d1e29d1f0495bad19808f75a8f', 'fahrurdhoni01@gmail.com', '2022-06-21', NULL, 2, 0, '', 0, 0, NULL, 0, 0, 0, 0, '', '', 'Y', 'Y', '', 0, '0000-00-00 00:00:00', '082139383235', '', 0.00, '', '', '', '', '', '39383235', '', 0, 1, '', ''),
(127, '', '', 'Fahrur Romadhoni ', '0', 'fahrurdhoni', '507c2fb2b9e20fe5210ae2697290497e', 'everywheremusic17@gmail.com', '2022-06-21', NULL, 2, 0, '', 0, 0, NULL, 0, 0, 0, 0, '', '', 'Y', 'Y', '', 0, '0000-00-00 00:00:00', '082139383235', '', 0.00, '', '', '', '', '', '39383235', '', 0, 1, '', ''),
(128, '', '', 'safingi', '0', 'safing2906', '314c4f46550fce10ba70d825fe2c849b', 'peipramudja@gmail.com', '2022-06-21', NULL, 2, 0, '', 0, 0, NULL, 0, 0, 0, 0, '', '', 'Y', 'Y', '', 0, '0000-00-00 00:00:00', '081315414027', '', 0.00, '', '', '', '', '', '15414027', 'dIR_r1pKQGyLDSK5iTjil3:APA91bGreIDYvLD8ClC1XToYnOVjXy7Ca0zO1fQ3IMilSfU817GdNK1dAeFCIsJndegeDDTKykpzTXj5YeyIxUuentpd2nKjF2V8k1AbS--4mHMq9db-pavBTLvY6fIhiihJM4tV6u3A', 0, 1, '', ''),
(129, '', '', 'safingi', '0', 'safingi05', '314c4f46550fce10ba70d825fe2c849b', 'sinabaponok@gmail.com', '2022-06-21', NULL, 2, 0, '', 0, 0, NULL, 0, 0, 0, 0, '', '', 'Y', 'Y', '', 0, '0000-00-00 00:00:00', '085771037689', '', 0.00, '', '', '', '', '', '71037689', '', 0, 1, '', ''),
(130, '', '', 'gistar', '0', 'gistar', 'c96b2c1d283f610bb06a576f93b7f46c', 'gita.anjell@gmail.com', '2022-06-21', NULL, 2, 0, '', 0, 0, NULL, 0, 0, 0, 0, '', '', 'Y', 'Y', '', 0, '0000-00-00 00:00:00', '+6281240948820', '', 0.00, '', '', '', '', '', '1240948820', 'cXHxo4hqTXmXIt5qEYV8Rq:APA91bFLYhgy6YxR_KS4HUXVMAdQGN1LvZiDJiXcxeigPHDdPaAhKIyORNhEP0WagxdgMnBM5ipG4yt0kC_IQu7jZpRf4jIEB7YWaAm3xa654y2pq-moLgRETorXN0oBOzpdQW0hvSJP', 30, 1, '22ASP1205', ''),
(131, '', '', 'safingi', '0', 'ganxzeal', '314c4f46550fce10ba70d825fe2c849b', 'hasanalsadly81@gmail.com', '2022-06-22', NULL, 2, 0, '', 0, 0, NULL, 0, 0, 0, 0, '', '', 'Y', 'Y', '', 0, '0000-00-00 00:00:00', '085771037689', '', 0.00, '', '', '', '', '', '71037689', 'dIR_r1pKQGyLDSK5iTjil3:APA91bGreIDYvLD8ClC1XToYnOVjXy7Ca0zO1fQ3IMilSfU817GdNK1dAeFCIsJndegeDDTKykpzTXj5YeyIxUuentpd2nKjF2V8k1AbS--4mHMq9db-pavBTLvY6fIhiihJM4tV6u3A', 30, 1, '22ASP1205', ''),
(132, '', '', 'Asmi Azizah Nurhasani', '0', 'ASMI AZIZAH', 'fe6428c113c370d920ebe4c7b487f7b3', 'Azizahalazizy.aa@gmail.com', '2022-06-22', NULL, 2, 0, '', 0, 0, NULL, 0, 0, 0, 0, '', '', 'Y', 'Y', '', 0, '0000-00-00 00:00:00', '085354595331', '', 0.00, '', '', '', '', '', '54595331', 'fDLtbWefQEiV0wabQNcbv8:APA91bFkl9ERHdkCZ4eFMqeRzMm2iju5-6pKwpy9tSJ4PDBzxdV4k1VUZidePUSXKJCbLRMi9leaMSg8VUOH6jjMONhuQjneV1r3gF4A4VHD9vhAXTL2gkEqWNs-eFYHiUusz3t9PLRx', 0, 1, '', ''),
(133, '', '', 'srigati', '0', 'srigati', 'cea68a5328406ca3b4eb5c306b102716', 'jasp.fin.acc@gmail.com', '2022-06-22', NULL, 2, 0, '', 0, 0, NULL, 0, 0, 0, 0, '', '', 'Y', 'Y', '', 0, '0000-00-00 00:00:00', '083869480922', '', 0.00, '', '', '', '', '', '69480922', '', 30, 1, '22ASP1205', ''),
(134, '', '', 'Novitha Ekajaya', '0', 'Novitha Eka', 'a1f722d8314b6d9e9248954734421f28', 'ekajayanovitha@gmail.com', '2022-06-22', NULL, 2, 0, '', 0, 0, NULL, 0, 0, 0, 0, '', '', 'Y', 'Y', '', 0, '0000-00-00 00:00:00', '082136841874', '', 0.00, '', '', '', '', '', '36841874', 'cuP7QTyTRT6OGUNejq37Gq:APA91bGXn37Hc_v9KDi5FbMq80rm_OQgzBTvkLsPTLlMYoUVJiduUZI-PtTyHc6eIG_A55Lhn5GcUD7u_97BeaHewozhI1ozhLz2z4lFcBmIAA71yhEqxxEGUy5fC4EsbTsDSFQlwsNz', 0, 1, '', ''),
(135, '', '', 'Hijrah Muttaqin', '0', 'ESHA GLAGAHSARI', 'da190b391575d236f8a6f0da53f2d67d', 'hubwarungboto@gmail.com', '2022-06-22', NULL, 2, 0, '', 0, 0, NULL, 0, 0, 0, 0, '', '', 'Y', 'Y', '', 0, '0000-00-00 00:00:00', '081802730302', '', 0.00, '', '', '', '', '', '02730302', '', 0, 1, '', ''),
(136, '', '', 'Dila Apriyana', '0', 'dila jog', '25d55ad283aa400af464c76d713c07ad', 'dilahapriyana@gmail.com', '2022-06-22', NULL, 2, 0, '', 0, 0, NULL, 0, 0, 0, 0, '', '', 'Y', 'Y', '', 0, '0000-00-00 00:00:00', '085645200772', '', 0.00, '', '', '', '', '', '45200772', 'fNA49_MQTW2RZ5Mv6bI7kT:APA91bGvd_XygtYJ8FgnXBtBWyKnsqUHddOz7jrrwVHxUESfvZEYAvuYMunpg41LQD33ECRK09v4_O-oSiR2BLPMy-hLxoxsYrqr3-_FFCcK7YMew0LEMparvrNj2rhpkWPvB6SaF7bo', 30, 1, '22ASP1205', ''),
(137, '', '', 'HIJRAH MUTTAQIN', '0', 'eshaglagahsari', 'da190b391575d236f8a6f0da53f2d67d', 'hubjambidan@gmail.com', '2022-06-22', NULL, 2, 0, '', 0, 0, NULL, 0, 0, 0, 0, '', '', 'Y', 'Y', '', 0, '0000-00-00 00:00:00', '081802730302', '', 0.00, '', '', '', '', '', '02730302', '', 30, 1, '22ASP1205', ''),
(138, '', '', 'Ayu azari sihombing', '0', 'ayuazarisihombing', 'cd3cef7d8e7bc695800b96bb57ee7a44', 'ayuazari210698@gmail.com', '2022-06-22', NULL, 2, 0, '', 0, 0, NULL, 0, 0, 0, 0, '', '', 'Y', 'Y', '', 0, '0000-00-00 00:00:00', '085213967568', '', 0.00, '', '', '', '', '', '13967568', 'ezMCzkGkRAaXq6Xxydez99:APA91bFpajINjFwvF_5cansunBEmRg79tbOAdWDIUfJvMPib6_3h2KipqtuTSisZtj9NNV6GaFVnBPcWAK2M1zgkKVsN0kdaF4cYB_tr13hayBsV_tKvfmJ4VDeN_2xgaYttlVMPHn1n', 0, 1, '', ''),
(139, '', '', 'abdul gafur', '0', 'gafur jasp', '70f6f2a6e2af3b0fe59f4cd0357db17a', 'gafur.aspxpresslogistics@gmail.com', '2022-06-22', NULL, 2, 0, '', 0, 0, NULL, 0, 0, 0, 0, '', '', 'Y', 'Y', '', 0, '0000-00-00 00:00:00', '08124801729', '', 0.00, '', '', '', '', '', '4801729', 'eu4DTm8kRSiR9Wd3hoqT0o:APA91bGwTZqnQqxQeG_h4g8Wj9n7fRUFrwIHCTRHlIDiW9rH-fB6-4Px5GoGUqnenKTW7RRnuGVPv95SWYQe0zVWTOEitXhLeHQE_ByUR8yTgrx2vPky5Zrs_JpsaAjZleq_hfcqG1Hf', 30, 1, '22ASP1205', ''),
(140, '', '', 'Bianca Hersandita Imania ', '0', 'biancaimania ', 'ab8db9712b9affddda78a22eb7778282', 'biancaimania95@gmail.com', '2022-06-22', NULL, 2, 0, '', 0, 0, NULL, 0, 0, 0, 0, '', '', 'Y', 'Y', '', 0, '0000-00-00 00:00:00', '081247723856', '', 0.00, '', '', '', '', '', '47723856', 'f-MEAb9HT7uRe3kf7sAtY2:APA91bEC367I9BP3MKy0LwTjUR0BZeniIaxLNW-ks6mwwoQDck_tiVn9kWJ-sS5sqQ5sS8nJo7aUD_w8jatJFK_-zW2TMjJkw6AUcrBDZg-g6jpnV8VoO9mMz83yxCC42wglVX6xHGwm', 30, 1, '22ASP1205', ''),
(141, '', '', 'Bianca ', '0', 'yudazjpr', '1a33e3f3abb8933ea5bdcb9daeb43458', 'bishopjprr@gmail.com', '2022-06-22', NULL, 2, 0, '', 0, 0, NULL, 0, 0, 0, 0, '', '', 'Y', 'Y', '', 0, '0000-00-00 00:00:00', '081247723856', '', 0.00, '', '', '', '', '', '47723856', 'f-MEAb9HT7uRe3kf7sAtY2:APA91bEC367I9BP3MKy0LwTjUR0BZeniIaxLNW-ks6mwwoQDck_tiVn9kWJ-sS5sqQ5sS8nJo7aUD_w8jatJFK_-zW2TMjJkw6AUcrBDZg-g6jpnV8VoO9mMz83yxCC42wglVX6xHGwm', 30, 1, '22ASP1205', ''),
(142, '', '', 'gafur jog jasp', '0', 'gafur jog', '70f6f2a6e2af3b0fe59f4cd0357db17a', 'gafur.jaspcorp@gmail.com', '2022-06-22', NULL, 2, 0, '', 0, 0, NULL, 0, 0, 0, 0, '', '', 'Y', 'Y', '', 0, '0000-00-00 00:00:00', '08124801729', '', 0.00, '', '', '', '', '', '4801729', 'eu4DTm8kRSiR9Wd3hoqT0o:APA91bGwTZqnQqxQeG_h4g8Wj9n7fRUFrwIHCTRHlIDiW9rH-fB6-4Px5GoGUqnenKTW7RRnuGVPv95SWYQe0zVWTOEitXhLeHQE_ByUR8yTgrx2vPky5Zrs_JpsaAjZleq_hfcqG1Hf', 30, 1, '22ASP1205', ''),
(143, '', '', 'ryanf', '0', 'ryanf', '202cb962ac59075b964b07152d234b70', 'yanstudio88@gmail.com', '2022-06-22', 'ryanf.jpg', 2, 0, '', 0, 0, NULL, 0, 0, 0, 0, '', '', 'Y', 'Y', '', 0, '0000-00-00 00:00:00', '085249103399', '', 15560.00, '0000000000000000', '123456', 'Jl. xxz', 'L', 'ryanf.jpg', '49103399', 'e22kbcBCQjyEMuUQ6_0mZI:APA91bE6IFXXMC0ZoX7YxC14ArqIP3YmSM2KZWGzb_VluEol7yMYuJPPhjNgtMLqt_MT8eQs-4kg8R8Lb00_m2f6hLdTVT1I8YnBgyT_gRXH_ftLKPP14HMLzp451urFLwEdXr50iKW1', 0, 1, '', 'e10adc3949ba59abbe56e057f20f883e'),
(144, '', '', 'dwi hepi nurcahyo', '0', 'farobook store', '1ef22b7fb5af7dec77589204a3bb0c31', 'royanfarih30@gmail.com', '2022-06-22', NULL, 2, 0, '', 0, 0, NULL, 0, 0, 0, 0, '', '', 'Y', 'Y', '', 0, '0000-00-00 00:00:00', '081227810761', '', 0.00, '', '', '', '', '', '27810761', '', 0, 1, '', ''),
(145, '', '', 'safingi', '0', 'safingi52', '314c4f46550fce10ba70d825fe2c849b', 'peipramudja@gmail.co.', '2022-06-23', NULL, 2, 0, '', 0, 0, NULL, 0, 0, 0, 0, '', '', 'Y', 'Y', '', 0, '0000-00-00 00:00:00', '081315414027', '', 0.00, '', '', '', '', '', '15414027', '', 30, 1, '22ASP1205', ''),
(146, '', '', 'fjr', '0', 'fjr', '55fac8fda869d6224eafdaa5c330c475', 'fjr.etc@gmail.com', '2022-06-23', NULL, 2, 0, '', 0, 0, NULL, 0, 0, 0, 0, '', '', 'Y', 'N', 'Mohon dilengkapi data nya', 1, '2022-08-05 09:08:42', '085747436804', '', 0.00, '', '', '', '', '', '47436804', '', 0, 1, '', ''),
(147, '', '', 'ahnaf', '0', 'ahnaf', 'e10adc3949ba59abbe56e057f20f883e', 'emcodigitalindo@gmail.com', '2022-06-23', NULL, 2, 0, '', 0, 0, NULL, 0, 0, 0, 0, '', '', 'Y', 'N', 'Silakan melengkapi data terlebih dahulu', 1, '2022-07-27 05:11:00', '085946103030', '', 0.00, '', '', '', '', '', '46103030', 'dxQQxGCrT1-tp3jMnDCC5F:APA91bHsUrzfeEAE_0h6Jm9XMAXNfR3VNxhnoedFUAedDWgQ4yFzBTse0lmw9eOOd-GhRVjFsbtfhqh11mZzJQ0kv904OW1uTYEKr848eYx2d45Z2Wru_KG8wc0fttlVhG4uuj4hlsmS', 30, 1, '22ASP1205', ''),
(148, '', '', 'intan', 'kkh', 'intan', 'b1098cab9c2db3eb9f576eb66c33449c', 'intankalifahkh@gmail.com', '2022-06-23', 'intan.png', 2, 0, '', 0, 0, NULL, 0, 0, 0, 0, '', '', 'Y', 'Y', '', 1, '2022-07-04 02:19:51', '089668851330', '', 10060.00, '1221212121212121', '123456', 'test', 'P', 'intan.jpeg', '68851330', 'dSeYdUxURxOBCtU2cFsGu3:APA91bFfsmuOLM0b3SbYlkL-NyLuzRtag3m8R3al-kpZSKfwUgTu3Npn00OStBtPteSstu7U8zpb8l32WBlV5h1hWlyERlpIpu6xSprPyjzzpcWFZL3vkvZI_SoO0hMdPCC3gX81_wty', 0, 1, '', 'e10adc3949ba59abbe56e057f20f883e'),
(149, '', '', 'ummi habibatur', '0', 'ummihr', 'e707d95dc19e7454ae899495639603ed', 'ummihabibaturrosyidah@gmail.com', '2022-06-23', NULL, 2, 0, '', 0, 0, NULL, 0, 0, 0, 0, '', '', 'Y', 'N', 'Mohon dilengkapi data nya', 1, '2022-08-05 09:11:44', '085349998484', '', 0.00, '', '', '', '', '', '49998484', '', 0, 1, '', ''),
(150, '', '', 'Sindy Trifertina', '0', 'sindysindy486', 'd326dd7b5de489db486380797ee69d76', 'sindysindy486@gmail.com', '2022-06-23', NULL, 2, 0, '', 0, 0, NULL, 0, 0, 0, 0, '', '', 'Y', 'N', 'Mohon dilengkapi data nya', 1, '2022-08-05 09:14:24', '081248614569', '', 0.00, '9204017006980001', '', 'SPBU NAGOYA, JL KOTI, JAYAPURA SELATAN, JAYAPURA, PAPUA.', 'P', '', '48614569', 'f8Sb9prNQ0qBS3pEBEFsjW:APA91bHgYIReq8SljkjbnB4DdSJY5wEFBMHRuoWzYcirt6pRkLyGtN-xSvUpFAj1UFWukmokuC2OpAz6UIy-1JMFoX3qWfeHiyBZxDwNKeihF779O5iKdZA3JqDmFKlNoOXC-ErR8yT9', 0, 1, '', ''),
(151, '', '', 'Rudy Irfan', '0', 'rudyir0310', '5409a2b807dfc6b7fbbf51c062bbd142', 'rudyirfan69@gmail.com', '2022-06-23', NULL, 2, 0, '', 0, 0, NULL, 0, 0, 0, 0, '', '', 'Y', 'N', 'Mohon dilengkapi data nya', 1, '2022-08-05 09:13:35', '08114858383', '', 0.00, '', '', '', '', '', '4858383', 'dOZgs49pRLOUhQ22QhiRdC:APA91bEwdaw1TAbSPMq6s83AmWh3zu9vCwPljFjMAqkwTo9PvF6LxfxQH1J0t-QU7fhN0NTNFgvTXMng1Qz-6xvbvTyqtEsHBo3rsaymUgcsXpz0jHxsgvbzWPxUWbQM8XD5c-pRe_4E', 0, 1, '', ''),
(152, '', '', 'Asep Bahtiar', '0', 'aboy', '591ace5805ffe9faa87aea0c8a156b06', 'aboybahtiar14@gmail.com', '2022-06-23', NULL, 2, 0, '', 0, 0, NULL, 0, 0, 0, 0, '', '', 'Y', 'N', 'Silakan melengkapi data terlebih dahulu', 1, '2022-07-27 05:10:41', '085216732669', '', 0.00, '', '', '', '', '', '16732669', 'fvG0xGPyQ5WSjJwWqZmzQd:APA91bEhvwI7RqupaZNoIeqoaTu5IsnEcegTQKiGJagO7I_h49xcxBvncMb3S9uaYozRPgaH2LTjbuiYzt7LAGYGqbUMlwP6ISC_dM72akOYGYXwBtZtTV5o9r7CWNxCx_8t7E0um0HA', 0, 1, '', ''),
(153, '', '', 'sudiyono', '0', 'dionsudiyono', 'ba1a489b0c53a7f1a8d3c5f9dcc85794', 'jokowiyono729@gmail.com', '2022-06-23', NULL, 2, 0, '', 0, 0, NULL, 0, 0, 0, 0, '', '', 'Y', 'N', 'Mohon dilengkapi data nya', 1, '2022-08-05 09:08:02', '082231499569', '', 0.00, '', '', '', '', '', '31499569', 'cqK_Tt-PTUO0pi2GssROPW:APA91bEKhPCkuogEVdH8gJrri8wRp-tc9PqgZGZS_X2GjIeb9xtBuRd5NHHdUhDolhOPV4vHdcjmRVnYMi4_nQyyv-fZuw7Gg7OIz0KuaeZZ-EgzhOi0zceJpIbv7okDglrZAAf6UTKX', 0, 1, '', ''),
(154, '', '', 'Fatkur Rohman', '0', 'Rohman', 'b371cb674de04e4ba61a1ba4dfef2c97', 'fatkurrohman2269@gmail.com', '2022-06-24', NULL, 2, 0, '', 0, 0, NULL, 0, 0, 0, 0, '', '', 'N', 'N', '', 0, '0000-00-00 00:00:00', '0895704283052', '', 0.00, '', '', '', '', '', '704283052', '', 0, 1, '', ''),
(155, '', '', 'Deni', 'Supriatna', 'akifaonline', 'cbf08669faf90b6eaabdc5b9692c4036', 'rajaonlineofficial@gmail.com', '2022-06-24', 'akifaonline.jpg', 2, 0, '', 0, 0, NULL, 0, 0, 0, 0, '', '', 'Y', 'Y', '', 1, '2022-07-21 05:30:48', '081222830450', '', 0.00, '3275032609840026', '548577204407000', 'Jl Ambalat Raya Perum Taman Edelwiz Blok B23 NO 12 A RT 12 RW 12 satria jaya tambun utara ', 'L', 'akifaonline.jpg', '22830450', 'dKDI8VrNTIiaJsBdVEp10o:APA91bHvhTrQaMBMEMk8FluYX4lY-emL_D85Up74w5YlW18uhvbBat5SjbUQlBW2NGAxIGV0S_PbvQ5Tz176o9o9cJSGjTARrbMAMyWQC-nJsbH4vYcTw0J4pXvYiSKdVOa3SGr5kqOL', 0, 1, '', ''),
(156, '', '', 'nirma ismail', '0', 'Nirma99', 'f11f0bf9a2f84fc7f64d02947c008649', 'nirma9995@gmail.com', '2022-06-24', NULL, 2, 0, '', 0, 0, NULL, 0, 0, 0, 0, '', '', 'N', 'N', '', 0, '0000-00-00 00:00:00', '082248386970', '', 0.00, '', '', '', '', '', '48386970', '', 0, 1, '', ''),
(157, '', '', 'nirma ismail', '0', 'nirma ismail', 'e7832bba13364c07cd621b18a163a671', 'nir1717ismail@gmail.com', '2022-06-24', NULL, 2, 0, '', 0, 0, NULL, 0, 0, 0, 0, '', '', 'Y', 'N', 'Mohon dilengkapi data nya', 1, '2022-08-05 09:10:59', '082248386970', '', 0.00, '', '', '', '', '', '48386970', 'cq_XhyOqRMSCmfFCoRIOEu:APA91bEjVL_j92RFdM0YnNKb09830_0ojYHyWrW7BkLEFZluDx61rQuRWWSoj-7ZSx4fEnimbZ-8lf0G-i7MPh3LxTIbZd2xHSOnkEQpRU2C1Ly8wNSgHggIsNy0tHd5wa1NAX_O_jUe', 30, 1, '22ASP1205', ''),
(158, '', '', 'Ridwan ', '0', 'ridwanhasan', '3340a8106188d8f596d77794645629d7', 'ridwanhasan51@gmail.com', '2022-06-24', NULL, 2, 0, '', 0, 0, NULL, 0, 0, 0, 0, '', '', 'Y', 'N', 'Mohon dilengkapi data nya', 1, '2022-08-05 09:12:50', '085959181974', '', 0.00, '', '', '', '', '', '59181974', 'cjLev-p-Q0GsABH7L_koWD:APA91bHcwRbTwB5DR6gUUzKIY1u5ibG_NPh9Y-PCzaCvQBbmlsmklQjtsFXTyqCRDOxkF3sfMoC6419CCzMZc_GVgNhOpZHF4mdDji-mcBNBQ8b8T-Ecj-6vy2dc956UpZ3Mm-QBaCxh', 0, 1, '', ''),
(159, '', '', 'muhammad ', 'Fauzi', 'muhammad fauzi', 'e7424fc83b3ea0d9553d792caaebfde5', 'ujikketah@gmail.com', '2022-06-24', 'muhammad fauzi.jpeg', 2, 0, '', 0, 0, NULL, 0, 0, 0, 0, '', '', 'Y', 'Y', '', 0, '0000-00-00 00:00:00', '08563564150', '', 0.00, '3514131805760006', 'muhammad fauzi', 'minggir rt03 rw12 cangkringmalang beji pasuruan', 'L', 'muhammad fauzi.jpeg', '3564150', 'd24hAd2qRmim5jwR9Cgi3R:APA91bGpQR6rRJ-hrvbaw8x_6seUHY1czB7OVFgDgZtcycyBrX_6fT3dBykptGBklJ8Ld0C1bJQUJieJ-HjgcRQp9O-02UkO-6dynXmE2cfz0I3d9yXfKLow6UFL0NFHX-ILKDPp2WDJ', 30, 1, '22ASP1205', ''),
(160, '', '', 'Dwi Nugroho ', '0', 'DwiNugroho', '2819dcdab2198cfd5d7bdf74680d1e18', 'dwi.nugroho2231@gmail.com', '2022-06-25', NULL, 2, 0, '', 0, 0, NULL, 0, 0, 0, 0, '', '', 'Y', 'N', 'Mohon dilengkapi data nya', 1, '2022-08-05 09:07:45', '08123842430', '', 0.00, '', '', '', '', '', '3842430', 'eIhF2MJCTkaXfEK6v-M1tL:APA91bFB7zxwlUswoZQyV7nlEL74WviIvQIMHRzVgPQl0jjBPNImhH63NAc0ZAixA4rh2MnZFwZYglkDxr1-8pyXx31GhzhjqbSdmqcOJvl6xSYhtIuez2CfAR8LojuAZaNWoZ8PjyMB', 0, 1, '', ''),
(161, '', '', 'Ahmad Ridwan ', '0', 'ahmad.ridwan', '2830171043738c678fa94600e2c17c6b', 'achmadcupet@gmail.com', '2022-06-26', NULL, 2, 0, '', 0, 0, NULL, 0, 0, 0, 0, '', '', 'N', 'N', '', 0, '0000-00-00 00:00:00', '082239533377', '', 0.00, '', '', '', '', '', '39533377', '', 0, 1, '', ''),
(162, '', '', 'restu', '0', 'restu', 'c2b2fdd706ed55210193ec8cfe4b1aca', 'resturaqila22@gmail.com', '2022-06-26', NULL, 2, 0, '', 0, 0, NULL, 0, 0, 0, 0, '', '', 'N', 'N', '', 0, '0000-00-00 00:00:00', '083844997041', '', 0.00, '', '', '', '', '', '44997041', '', 0, 1, '', ''),
(163, '', '', 'deasy lestari ', '0', 'deasy', 'a29ad56d009e6448e4c5c3f59d2cc0ec', 'lestarideasyramlan@gmail.com', '2022-06-27', NULL, 2, 0, '', 0, 0, NULL, 0, 0, 0, 0, '', '', 'Y', 'N', 'Silakan melengkapi data terlebih dahulu', 1, '2022-07-27 05:13:08', '081240462901', '', 0.00, '', '', '', '', '', '40462901', 'cRBPa0I2RmGRCgQjrvcsdK:APA91bHoIpGffcte3w8minUUXKLSaNxaqy9h4NNroZ2BXlFehxk83PhV3a_RnbcKFI42mIG8NMSEOO9I6lLp9dCLoR0re6YgIeRNlxs-q1abRoSaNZ9Z8Q-43OZ-oFaVJzYxsMbh0U8g', 0, 1, '', ''),
(164, '', '', 'Carolin ', '0', 'olin', 'd41d8cd98f00b204e9800998ecf8427e', 'carolinwaisimon@gmail.com', '2022-06-27', 'olin.jpg', 2, 0, '', 0, 0, NULL, 0, 0, 0, 0, '', '', 'Y', 'Y', '', 0, '0000-00-00 00:00:00', '081353305057', '', 0.00, '5171016510930003', '', 'Jl. Labu no.44 Rt 004/Rw 002.Tanah Hitam kelurahan Asano Abepura-Jayapura.', 'P', 'olin.jpg', '53305057', 'dk_B91wsRIikuzOxAzrx_D:APA91bEun_yC6C3PuyepDtvZE4Hf7ZLYHZesW5BIvB_9_rOcCUy5edrnAG2CGsFy1W7Ad2FRbPVokPsRWENNWPCNfAOAEYL6nzBIHET3GFuL0CZQa-4448iTJlynUYAaJYcQHiG8GUCb', 0, 1, '', ''),
(165, '', '', 'nunu', '0', 'noeroe1', 'e10adc3949ba59abbe56e057f20f883e', 'nurulhaida@gmail.com', '2022-06-27', NULL, 2, 0, '', 0, 0, NULL, 0, 0, 0, 0, '', '', 'N', 'N', '', 0, '0000-00-00 00:00:00', '081243914780', '', 0.00, '', '', '', '', '', '43914780', '', 0, 1, '', ''),
(166, '', '', 'Fahmeidi', 'Caesar Romadoni', 'romadhonifc', 'a44ed40c9c9308e3f7ccfdbdd62b1171', 'romadhonifc@gmail.com', '2022-06-28', 'romadhonifc.jpg', 2, 0, '', 0, 0, NULL, 0, 0, 0, 0, '', '', 'Y', 'Y', '', 0, '0000-00-00 00:00:00', '085624511296', '', 0.00, '3274010105870013', '', 'Jl. Tanda Barat II No. 2', '', 'romadhonifc.jpg', '24511296', 'fJKl0pJNQe2YxYl9bZQdMb:APA91bEWMjLVJSKq6ehIOHCxE-Oe5KlkdbU_3BEpqhcBiLZiCJiLjcxs9GQ1UJ6BNPPZPwhaiop_O4lmsDoNc7RrRcIBuzo_t6C4WxLNb6kJnU3um2I1oJ_G23B9asnGlyD1tX5kOZyI', 0, 1, '', ''),
(167, '', '', 'Youla Agustin Dien', '0', 'youla79', '0d787f473da6407c60dfe4c114b4eb2e', 'agustinyouladien@gmail.com', '2022-06-28', NULL, 2, 0, '', 0, 0, NULL, 0, 0, 0, 0, '', '', 'N', 'N', '', 0, '0000-00-00 00:00:00', '82197511207', '', 0.00, '', '', '', '', '', '7511207', '', 0, 1, '', ''),
(168, '', '', 'Afif Fudin', '0', 'lapakknalpot', 'e340f3c7eeed6e6c04d0876b5f998093', 'fif4web@gmail.com', '2022-06-29', NULL, 2, 0, '', 0, 0, NULL, 0, 0, 0, 0, '', '', 'Y', 'N', 'Mohon dilengkapi data nya', 1, '2022-08-05 09:09:46', '082324920807', '', 0.00, '', '', '', '', '', '24920807', 'd7aHkljrQhmjeWiFZ72g6h:APA91bEPthNRElhqloHeurOxaR_YutAXj_NyPHC7zVmxGqEI8cBGTajBZXtnSFAWlh2yZWzGjN0u5fJYXP6R6TJHealwSk2VePvxz7QAbxy7Rd3nNwWXAovxbAuxyrH1a9Abd1EuTcLg', 0, 1, '', ''),
(169, '', '', 'Asep Panji', 'Sucitra', 'RindsXpress', 'f491133e44cdd6f3e33646e951a97337', 'Rindscorp@gmail.com', '2022-06-29', 'RindsXpress.jpg', 2, 0, '', 0, 0, NULL, 0, 0, 0, 0, '', '', 'Y', 'Y', '', 0, '0000-00-00 00:00:00', '087823926690', '', 0.00, '3204332702900003', '', 'Ciparay, Bandung', 'L', 'RindsXpress.jpg', '23926690', 'eqnUtebWSRGuVlxKP3YXL3:APA91bGsBGdhw02WdFdkJ-hHbM4J3wVhnEula7XqjApKH_sCM5VBUVcpEw2x_eeNihf7UsOW65KlMx1rMqmViYLMEzTd9KneratPzgQLfhg7rccgZlGkILNV-jLZgiKcTqei5FDRks4S', 30, 1, '22ASP1205', ''),
(170, '', '', 'Arham', '0', 'Arham04\n', 'b07935f9627e92ede93ada576e1819d8', 'arham.spl6699@gmail.com', '2022-06-29', NULL, 2, 0, '', 0, 0, NULL, 0, 0, 0, 0, '', '', 'Y', 'N', 'Silakan melengkapi data terlebih dahulu', 1, '2022-07-27 05:12:32', '082159858130\n', '', 0.00, '', '', '', '', '', '59858130\n', '', 0, 1, '', ''),
(171, '', '', 'fashion shop', '0', 'fashion shop1', '1250570760a4597619809e9583f329bc', 'fasshionshop1@gmail.com', '2022-06-29', NULL, 2, 0, '', 0, 0, NULL, 0, 0, 0, 0, '', '', 'N', 'N', '', 0, '0000-00-00 00:00:00', '085882900341', '', 0.00, '', '', '', '', '', '82900341', '', 0, 1, '', ''),
(172, '', '', 'akhiong', '0', 'akhiong', '65fb66a500ad142d46d02e20828cbcd1', 'amadsempalai@gmail.com', '2022-06-29', 'akhiong.jpg', 2, 0, '', 0, 0, NULL, 0, 0, 0, 0, '', '', 'Y', 'Y', '', 0, '0000-00-00 00:00:00', '082197819898', '', 0.00, '6101150209920002', '', 'toko fantasy mobile no.29 jln imam bonjol depan bank danamon', 'L', 'akhiong.jpg', '97819898', 'dtHs5b_YSVqWIV9gGlIGO9:APA91bGmnn8QzA8C3kxsQZHlaqcIyry4QEocR9PGUKkgJ_IMYPBVppzGRsEBQlTzw2Aw156_BT0OjU-hR9VSRm21uIO2St-7Nl_UNi3uFClOqMdB7xgJOww35KgqfIvqbk40XOpchDLr', 0, 1, '', ''),
(173, '', '', 'Lenni Marlina Simorangkir', '0', 'lenimsimorang@gmail.com', '64f9a017f60139429b3546b867915dc7', 'Lenimsimorangkir@gmail.com', '2022-06-29', NULL, 2, 0, '', 0, 0, NULL, 0, 0, 0, 0, '', '', 'Y', 'N', 'Mohon dilengkapi data nya', 1, '2022-08-05 09:10:05', '085344107238', '', 0.00, '', '', '', '', '', '44107238', '', 0, 1, '', ''),
(174, '', '', 'sulaeman', '0', 'ridhosahputra', '0e7cd0dc9c595fd07ae5ceaf0a29f0f0', 'ridhonaxsaputra@gmail.com', '2022-06-30', NULL, 2, 0, '', 0, 0, NULL, 0, 0, 0, 0, '', '', 'N', 'N', '', 0, '0000-00-00 00:00:00', '085710335818', '', 0.00, '', '', '', '', '', '10335818', '', 0, 1, '', ''),
(175, '', '', 'Astira Mia Maya Samad', '0', 'astiramms1510', '5c0cc68e07ebb7690916b677c6c74121', 'astiramiamayasamad@gmail.com', '2022-06-30', NULL, 2, 0, '', 0, 0, NULL, 0, 0, 0, 0, '', '', 'Y', 'N', 'Silakan melengkapi data terlebih dahulu', 1, '2022-07-27 05:12:41', '08114981510', '', 0.00, '', '', '', '', '', '4981510', 'dZiT7YuwSCuaEpvdgWLohP:APA91bFF5--v5f3VYD21QgZPkgNrHRxfBPsF3Hpi_-rw5lNf-OBy4Kelb4IMm0I_jbQlqXTrqHGhhqIPCb07etY6u58K6uNmBMaSAD6hR7aNCFz_VdEDVQuYJ7_X3uV108KDqZ6U-p2t', 0, 1, '', ''),
(176, '', '', 'Hariani', '0', 'riany', '2efe4f691abdffaa89f9f080f058d721', 'rianyany02lr@gmail.com', '2022-06-30', NULL, 2, 0, '', 0, 0, NULL, 0, 0, 0, 0, '', '', 'Y', 'N', 'Mohon dilengkapi data nya', 1, '2022-08-05 09:12:35', '081344265454', '', 0.00, '', '', '', '', '', '44265454', 'eSRWZlB_TeOvdL1lKtUUES:APA91bFDB9TFaLgOYScmy_zaN6gYZ2hG44N0jS0uD7Lv2_gJfATqp_C1SZQPY2JIyAtaJRgmR0zORdRw8ydYZi7aY6Ld8SM89jP_9lRJrGA6DsfCRp-0x6h96MHw_hDSbMTbF4qosALn', 30, 1, '22ASP1205', ''),
(177, '', '', 'Noviana Manja Ratna', '0', 'mangjajan.id', '576d71aa1cd29cb040798f08f823213f', 'mangjajan.id@gmail.com', '2022-06-30', NULL, 2, 0, '', 0, 0, NULL, 0, 0, 0, 0, '', '', 'N', 'N', '', 0, '0000-00-00 00:00:00', '085855509303', '', 0.00, '', '', '', '', '', '55509303', '', 0, 1, '', ''),
(178, '', '', 'JULYA FINSILYA', '0', 'Julya007', '44c0ee176f9d63d35222bcdc0c87db56', 'jevon070798@gmail.com', '2022-07-01', NULL, 2, 0, '', 0, 0, NULL, 0, 0, 0, 0, '', '', 'N', 'N', '', 0, '0000-00-00 00:00:00', '082239014277', '', 0.00, '', '', '', '', '', '39014277', '', 0, 1, '', ''),
(179, '', '', 'JULYA Finsilya ', '0', 'Finsilya07', '44c0ee176f9d63d35222bcdc0c87db56', 'finsilya07@gmail.com', '2022-07-01', NULL, 2, 0, '', 0, 0, NULL, 0, 0, 0, 0, '', '', 'N', 'N', '', 0, '0000-00-00 00:00:00', '082239017936', '', 0.00, '', '', '', '', '', '39017936', '', 0, 1, '', ''),
(180, '', '', 'FebyITS', '0', 'FebyITS', '4c96ec62ec2c18594328dedb7f5d57ff', 'tsfebyirianti@gmail.com', '2022-07-01', NULL, 2, 0, '', 0, 0, NULL, 0, 0, 0, 0, '', '', 'N', 'N', '', 0, '0000-00-00 00:00:00', '081247916810', '', 0.00, '', '', '', '', '', '47916810', '', 0, 1, '', ''),
(181, '', '', 'Aprilia Glori ', 'Mussa', 'apriliaglorya', 'a001834edb8a695db16f611a185754c6', 'gloryamussa@gmail.com', '2022-07-01', NULL, 2, 0, '', 0, 0, NULL, 0, 0, 0, 0, '', '', 'Y', 'Y', '', 0, '0000-00-00 00:00:00', '+6282239178733', '', 0.00, '9271054904020005', '', 'Jln.F.Kalasuat Malanu, Lorong Masjid At-Taubah Lokasi. Kec, Malaimsimsa. Kota Sorong-Papua Barat ', 'P', '', '39178733', 'dgogO2_KRQq8Gt6iZ5g0gD:APA91bHyvMr2QbLjUgsRbT6Z9rEzS7DXnP2rRMnYkCCchN4Qs5YT-pSFQLSrzZLyQM_CqhPTqhiTLHgRH9QMO1qM9YZny7MgzJ9CKpREYbjUurNWJpeWT29HRACFemhWgPliQoHAM-i2', 30, 1, '22ASP1205', ''),
(182, '', '', 'anastasia', 'asmuruf', 'tasia', '57de3f4d81d11c28d268b1d8ea88c14e', 'anastasiaasmuruf@gmail.com', '2022-07-02', 'tasia.jpg', 2, 0, '', 0, 0, NULL, 0, 0, 0, 0, '', '', 'Y', 'Y', '', 0, '0000-00-00 00:00:00', '081296354135', '', 0.00, '3175034901890005', '', 'Jalan otista raya no. 21 rt. 001/rw.001 Balimester Jatinegara, Jakarta Timur 13310', 'P', 'tasia.jpg', '96354135', 'fzvyLzsdRdCmOv5pfd6JQa:APA91bHPhe8myLqGIEPx3rf1WRGlEDHm0pQZ8BADKAH2iDEuIYWZ_0DYBSyc76AvCuLbZS1Eflf6Rmf5krelfZXld42vAOT9Eb-vQPgq4OfRjokCXl8dUa0GyXX94lx_pE01Y1AmPh5k', 0, 1, '', ''),
(183, '', '', 'rhyolit j sikora', '0', 'milan1986', '69d7a590ddeb3a28e04fee16b8fa88ea', 'rhyo86@gmail.com', '2022-07-02', NULL, 2, 0, '', 0, 0, NULL, 0, 0, 0, 0, '', '', 'N', 'N', '', 0, '0000-00-00 00:00:00', '081344760742', '', 0.00, '', '', '', '', '', '44760742', '', 0, 1, '', ''),
(184, '', '', 'Rani Mdp', '0', 'rmdp', '327ff934310c8b1b730e6d584270c56a', 'ranimdp12@gmail.com', '2022-07-02', NULL, 2, 0, '', 0, 0, NULL, 0, 0, 0, 0, '', '', 'Y', 'N', 'Mohon dilengkapi data nya', 1, '2022-08-05 09:13:05', '08124872828', '', 0.00, '', '', '', '', '', '4872828', 'elLVztnjSnikgy41S9LE1J:APA91bGoQvZldDukyQfczIOEqCNrd_HOohUVX8MurLAZIPOQ6BGMgn1Mr7EeLUgtoWtIdRswTYOKSS3wP1sXCOcIU9K9RAJIGyS8aNJ2Ye4FrGA-RL_6HuHWNmavhHj72NWCl-NxUl6x', 0, 1, '', ''),
(185, '', '', 'Wahyu Wibowo ', 'Parulian', 'wahyuwi', 'a5e0389ea7252a44c06f2e8562c47bb9', 'wahyuwibowo79@gmail.com', '2022-07-03', 'wahyuwi.jpg', 2, 0, '', 0, 0, NULL, 0, 0, 0, 0, '', '', 'Y', 'Y', '', 0, '0000-00-00 00:00:00', '081212929215', '', 0.00, '1231183105790001', '484658166122000', 'Rusun Harum Tebet Barat I, Blok A Lantai Dasar No.01', 'L', 'wahyuwi.jpg', '12929215', 'fGLMQnAdSfS7rRbLkRZYLX:APA91bF5ntQaXYSTwj0oANC9iNj7O-BmDopsI0RR0diuUJBYYSIhjpiS4zrvRpgk9_xbB97VbV16PuvFDHbwdzQFK7a9jJ7bJcXT09yGNxXFkV_hhkG_y2ygvDR2z70HK7D6eVKFCEaG', 0, 1, '', ''),
(186, '', '', 'Iriana', 'Monika', 'Iriana Monika', 'fe60033266576dabefa9e5190326ebb9', 'irianamonica@gmail.com', '2022-07-04', 'Iriana Monika.jpg', 2, 0, '', 0, 0, NULL, 0, 0, 0, 0, '', '', 'Y', 'Y', '', 0, '0000-00-00 00:00:00', '082199900998', '', 0.00, '9171025611980002', '', 'Jl. Setiapura II No.08', 'P', 'Iriana Monika.jpg', '99900998', 'dKvgC621SDGZv6gItdtzvB:APA91bHIdYOHAL6bh667zFjxfLIx4SY-r7P7Edk5c-ZeaF7KRtzVWsWBp7Rbcaa9nZDVLb6n3WJmybM6482Z4tQZbEKr7xPDzUydEXMfSIo2giWo5e-4LICeBjYmRh-y6yARJ13BR9Lu', 30, 1, '22ASP1205', ''),
(187, '', '', 'Rino aninda hidayat', '0', 'rino saraf', '0e610ba67b0c84e6abe0ef3a37d8ccb9', 'hidayatrino@gmail.com', '2022-07-04', NULL, 2, 0, '', 0, 0, NULL, 0, 0, 0, 0, '', '', 'N', 'N', '', 0, '0000-00-00 00:00:00', '081344281138', '', 0.00, '', '', '', '', '', '44281138', '', 0, 1, '', ''),
(188, '', '', 'admin', 'digitalindo', 'admin', 'e10adc3949ba59abbe56e057f20f883e', 'office@digitalindo.co.id', '2022-07-04', 'admin.jpeg', 17, 0, '', 0, 0, 27, 0, 0, 0, 0, '', '', 'Y', 'Y', '', 1, '2022-07-08 09:50:44', '', '', 0.00, '1234561234561234', '-', 'yes alamat', 'L', 'admin.jpeg', '', 'dSeYdUxURxOBCtU2cFsGu3:APA91bFfsmuOLM0b3SbYlkL-NyLuzRtag3m8R3al-kpZSKfwUgTu3Npn00OStBtPteSstu7U8zpb8l32WBlV5h1hWlyERlpIpu6xSprPyjzzpcWFZL3vkvZI_SoO0hMdPCC3gX81_wty', 0, 1, '', ''),
(189, '', '', 'feiby fitria sendow', '0', 'fey', 'bca7777dcc3158f1a392af1cdaab7759', 'feibysendow09@gmail.com', '2022-07-05', NULL, 2, 0, '', 0, 0, NULL, 0, 0, 0, 0, '', '', 'N', 'N', '', 0, '0000-00-00 00:00:00', '081343117178', '', 0.00, '', '', '', '', '', '43117178', '', 0, 1, '', ''),
(190, '', '', 'Mariam Elisa Milano', '0', 'mariam', '48341351a184637754a731d300206262', 'mariamlubis8@gmail.com', '2022-07-06', NULL, 2, 0, '', 0, 0, NULL, 0, 0, 0, 0, '', '', 'Y', 'N', 'Mohon dilengkapi data nya', 1, '2022-08-05 09:10:19', '082399488838', '', 0.00, '', '', '', '', '', '99488838', 'cfF4_FWNTKKi24qED_igrD:APA91bGry9QUNzgEZ8f8XUgTwKNqOYQXwRWLfbsCMJUS6-oaJkvzZS-qifnJOf3WViIruJGonmSEW7VZyE18-HOluSue_X781CPYXYl9E-4kii0gG5i3uKkqk-JaUlB5AHGv1ZPK4jVa', 0, 1, '', ''),
(191, '', '', 'apit', '0', 'apit', 'e21d0e17086628b0c14c6571444bed72', 'aeapit9@gmail.com', '2022-07-08', NULL, 2, 0, '', 0, 0, NULL, 0, 0, 0, 0, '', '', 'Y', 'N', 'Silakan melengkapi data terlebih dahulu', 1, '2022-07-27 05:12:18', '082269148718', '', 0.00, '', '', '', '', '', '69148718', 'ekyQ9oagRz6aErLLmfZWm_:APA91bEh28qp3xt3y9G47xNE0mjsLzy0ojWHymKurHZLQgchUTjr9CJ9f52TVuPqQrpDeGMH0dCofSYgjB2FPXNRT4njdA-2lsEDDGZYJ7ekE8AHmX6AO1FvvXp2lOCog0Pwi6JP8P8y', 0, 1, '', ''),
(192, '', '', 'SARIFUDIN', '0', 'Sarif1010', '6d071901727aec1ba6d8e2497ef5b709', 'syarifdhino86@gmail.com', '2022-07-08', NULL, 2, 0, '', 0, 0, NULL, 0, 0, 0, 0, '', '', 'Y', 'N', 'Mohon dilengkapi data nya', 1, '2022-08-05 09:14:08', '081324787637', '', 0.00, '', '', '', '', '', '24787637', 'cbBKiGn0ROGDcJR76xCDBZ:APA91bGf0xLyKsko_4FxoxewHYUwLOFODaRGVZhPJ77CIrinaW9ZcVMYcG-a63JvTqKs4ZANW0QCWjrHx1FTF7xayXLDd5pMxhVfvhLQjKT1UXMHFHOS0zeGGxHiaw8KoTavvO3QXmdx', 0, 1, '', '');
INSERT INTO `sys_users` (`id`, `codeInitial`, `code`, `first_name`, `last_name`, `username`, `password`, `email`, `date_created`, `foto_user`, `id_group`, `id_branch`, `id_area`, `id_agent`, `id_gerai`, `id_cust`, `id_vendor`, `id_courier`, `Latitude`, `Longitude`, `api_reg`, `token`, `aktif`, `verifikasi`, `ketVerifikasi`, `userVerifikasi`, `dateVerifikasi`, `telp`, `noWallet`, `saldoWallet`, `noKtp`, `noNpwp`, `alamat`, `jenisKelamin`, `foto_ktp`, `virtualCode`, `tokenNotif`, `id_comp`, `custID`, `codeReferral`, `pinWallet`) VALUES
(193, '', '', 'Eli faidah', '0', 'Eli faidah', 'f6d379614ebe47086cfbf72e681ca0be', 'andi.joster@gmail.com ', '2022-07-08', NULL, 2, 0, '', 0, 0, NULL, 0, 0, 0, 0, '', '', 'Y', 'N', 'Mohon dilengkapi data nya', 1, '2022-08-05 09:08:21', '081325118883', '', 0.00, '', '', '', '', '', '25118883', 'clZOUR_JTQCr6tX-dOHNEL:APA91bGjfWkuV-njp9FOSATBAGG3MEHdIqH1cClh360f5OffsIE4kwyrMPHUjdZxI_oyFIfo0vggaQOUhVBq-OfQHooiRwBJ3mVYQsmSofwAu80CSDQImGVnCLJjzeyHDvqbtYSBNzf9', 0, 1, '', ''),
(194, '', '', 'riana hahury', '0', 'rianah05', 'a74d87eeeb156d7053f5bc72787fbaf2', 'rianahahury6@gmail.com', '2022-07-10', NULL, 2, 0, '', 0, 0, NULL, 0, 0, 0, 0, '', '', 'N', 'N', '', 0, '0000-00-00 00:00:00', '085298852101', '', 0.00, '', '', '', '', '', '98852101', '', 0, 1, '', ''),
(195, '', '', 'ABDUL KAHAR GARAMATAN', '0', 'anughyjastip01', '3684d1d79ad73037b19088bbc2dd24f8', 'akunbusinisku123@gmail.com', '2022-07-11', NULL, 2, 0, '', 0, 0, NULL, 0, 0, 0, 0, '', '', 'Y', 'N', 'Silakan melengkapi data terlebih dahulu', 1, '2022-07-27 05:12:08', '085197278430', '', 0.00, '', '', '', '', '', '97278430', 'd1-UgRehT02FAvQ_gAIH8G:APA91bEFEAxpwxb9DrcN17OKD7ulIz8piKQnQBSMTmX55m4QfvJvOTlznwTQQn5witRL1R39eNsex90ZREMsk_5anhKW88xJSnJbXlX2Lw8fazATYlaw7lyPPmBjbJXHaAN6y0mA-RlU', 0, 1, '', ''),
(196, '', '', 'Rofina Bella Ina Seran', '0', 'Rofinabella ', '6710a41b9de74cb9283753532f847dc8', 'belaamel15@gmail.com ', '2022-07-12', NULL, 2, 0, '', 0, 0, NULL, 0, 0, 0, 0, '', '', 'Y', 'N', 'Mohon dilengkapi data nya', 1, '2022-08-05 09:13:21', '82397086754', '', 0.00, '', '', '', '', '', '7086754', 'f4nK_zl6SDa0te5aqxQdEy:APA91bF3aiEXTZdetLSI0pblD4YfjV1aym0xypX9GjGr0vZ9X9BO2hLAkdYWGw9VH_O3iQAUEkVHX3-9KYhRDIimRx49X5xA2LBvnfWZlnP41g2qKB17ypXmD6rq7kmhcu-WZgtTPG2w', 30, 1, '22ASP1205', ''),
(197, '', '', 'Wasti Sokoi', '0', 'WastySky12', '3745ff47f3620cdc92e0ee7450ab5365', 'wasty.sokoy12@gmail.com', '2022-07-13', NULL, 2, 0, '', 0, 0, NULL, 0, 0, 0, 0, '', '', 'Y', 'N', 'Mohon dilengkapi data nya', 1, '2022-08-05 09:11:28', '082225919603', '', 0.00, '', '', '', '', '', '25919603', 'eD3EJAAyTmqYsY5hxBnQ2i:APA91bEOs-eZp07_upIk8wWl4yhTKNlVzIPasaeLwFXKhNeMxgssKyJyMzgWSDnk28_TDLpIvhqCuKjOTd-IARXmaOC4oeiOJIArrQMwSyJIZrJ0jkbUHVaQ_IBLt1cQ5KVUqFyFhcxb', 30, 1, '22ASP1205', ''),
(198, '', '', 'hariadi', '0', 'hariadi', '98ee4f5482941bfa3696e9a1c13d2843', 'simbokne7@gmail.com', '2022-07-14', NULL, 2, 0, '', 0, 0, NULL, 0, 0, 0, 0, '', '', 'N', 'N', '', 0, '0000-00-00 00:00:00', '089601314263', '', 0.00, '', '', '', '', '', '01314263', '', 0, 1, '', ''),
(199, '', '', 'Devi Ratnasari', '0', 'Devi ratnasari', 'f1c0b6ea0fb2b51c114c3887ccc26670', 'ratnasaridevi346@gmail.com', '2022-07-15', NULL, 2, 0, '', 0, 0, NULL, 0, 0, 0, 0, '', '', 'Y', 'N', 'Silakan melengkapi data terlebih dahulu', 1, '2022-07-27 05:13:17', '082324140104', '', 0.00, '', '', '', '', '', '24140104', 'f2mbzf9HR06WNkj-Hj2xsR:APA91bFIkdj6L8rBVaNbrXZH9Rv8ww90GDwY-q38LArSph5osoEVn1aYfU2VnoSkr553KSd_AAfGSkGBCSxUeTkDS70Vd3X8YqYY5pEfxXFq02QuNTI6-O4-yyIyGtHK-SpVfuggrSn5', 0, 1, '', ''),
(200, '', '', 'meila diva', '0', 'meladiva', '6386370f4aecacf28dcdbd66c5b537c2', 'meiladiva05@gmail.com', '2022-07-19', NULL, 2, 0, '', 0, 0, NULL, 0, 0, 0, 0, '', '', 'Y', 'N', 'Mohon dilengkapi data nya', 1, '2022-08-05 09:10:47', '081240171315', '', 0.00, '', '', '', '', '', '40171315', '', 0, 1, '', ''),
(201, '', '', 'Clarissa Anggana', '0', 'clrs.09', '378dec193c55b7ccd1adaae8bbdfd6da', 'clarissa.anggana@gmail.com', '2022-07-19', NULL, 2, 0, '', 0, 0, NULL, 0, 0, 0, 0, '', '', 'Y', 'N', 'Silakan melengkapi data terlebih dahulu', 1, '2022-07-27 05:12:55', '082257962427', '', 0.00, '', '', '', '', '', '57962427', 'eDs4ycNdT4SpK7RJpNyTOV:APA91bGmuFstRxfwIwNf-qKwIR0F7rr685yA-ZDBt3GWPPYr94FZzYDMmuqM2X1O1W9U8TPWyyT_lDavwYmUTMZ1ooUR5VGfHKCTriakxf9wc8Qa5PdfilXZzNIvkJulSMBNyQIpMHYk', 0, 1, '', ''),
(202, '', '', 'Fikri', 'Pranudya', 'fikripramudya92', '9e0d2acd26de88b710f7c5ab1d5646c7', 'fikripramudya92@gmail.com', '2022-07-19', 'fikripramudya92.jpg', 2, 0, '', 0, 0, NULL, 0, 0, 0, 0, '', '', 'Y', 'Y', '', 0, '0000-00-00 00:00:00', '085926200970', '', 0.00, '5204141712920001', '', 'Bragasan, Mayangan, Rt 01/Rw 13, Trihanggo, Gamping, Sleman, DIY', 'L', 'fikripramudya92.jpg', '26200970', 'dne_WduVS32fjYuKWl-5ps:APA91bHrJlGGaQCHDZOdmp2aCGsSmcLjOrIWiscgGtfLzjiufa3Lm4u3F0dSu2EmZSybhnQkmTSdbQ5t1g-mZou3P1mwSfxtlDzas2dxoILXMFSZEFXx-FAn813-K-A8JW_ticx8ez7Z', 30, 1, '22ASP1205', ''),
(203, '', '', 'meila diva', '0', 'meiladiva20', '95ab65ee8a9df363b44c938bc3fb1b79', 'meilazhaharani20@gmail.com', '2022-07-19', NULL, 2, 0, '', 0, 0, NULL, 0, 0, 0, 0, '', '', 'Y', 'N', 'Mohon dilengkapi data nya', 1, '2022-08-05 09:10:33', '081240381371', '', 0.00, '9106126005060003', '', 'jl tanjung kirana mandouw dalam(samping kios devita sari),Biak Papua', 'P', '', '40381371', 'e3vKWbZNTxCNtGc5CC96nq:APA91bFttO9T9-hZTcSGdArSGg8P8fS6VDQlI2uCq3rTW4jXCcXF0avkezBkQ8yDC0ct9lT_pcRCjnfxM9rvBADBMGOGvs3vqRfzItKxxSd3hzNa5U386dN41rNKU3Df5z65rK1FfmIX', 0, 1, '', ''),
(204, '', '', 'riana hahury', '0', 'rianah5', 'a74d87eeeb156d7053f5bc72787fbaf2', 'rianaandrianahahury@gmail.com', '2022-07-22', NULL, 2, 0, '', 0, 0, NULL, 0, 0, 0, 0, '', '', 'Y', 'N', 'Mohon dilengkapi data nya', 1, '2022-08-05 09:12:21', '082238893151', '', 0.00, '', '', '', '', '', '38893151', 'eRVDKI3dSQKu9sooEAJj7g:APA91bFSiERsicfvfyP_C37-W8O1do5QUL9uaigcJuXuJw3SO0ebsyEMmed_q6zuMLUHKmVr5D8rvyLdtOSbm8T26Ec3HUhcelRIx335LfPvjgsAr-LFBr6mT707mfHP-lCoUwpkJ-EI', 0, 1, '', ''),
(205, '', '', 'alex', 'Nafast', 'alex_Nafast', 'e10adc3949ba59abbe56e057f20f883e', 'alex@nafastindo.com', '2022-07-23', '', 17, 0, '', 0, 0, 27, 0, 0, 0, 0, '', '', 'Y', 'N', 'Silakan melengkapi data terlebih dahulu', 1, '2022-07-27 05:11:18', '08126719678', '', 0.00, '1234567890123456', '123456789012345', 'Andara dalam', 'L', '', '6719678', 'fGtwtuHAQiKmJp9I0VoeY7:APA91bGDRDCh6XC47rLJIdTIKYVf0t2usUSC1CoQEoJtLfOcZB-wtlGhLwdZ2bseRQk3fiJJFIphvlwByKogfbPv___EAkVrJDya0Mvc2KzU1dM0bTtwZt8bhs5abbmIy4cbS-SqXG2F', 0, 1, '', ''),
(206, '', '', 'dwi', '0', 'dwi', 'a4ae301ae5e0f52a540f178396ffdc39', 'iainfmdwi@gmail.com', '2022-07-26', NULL, 2, 0, '', 0, 0, NULL, 0, 0, 0, 0, '', '', 'Y', 'N', 'Silakan melengkapi data terlebih dahulu', 1, '2022-07-27 05:14:00', '082241610979', '', 0.00, '', '', '', '', '', '41610979', 'dSNVR2Z9SWKx_u5K0HNlMG:APA91bEe_RT2ihHbsR1BvLn0S3SF6tgVZPFEepuZtyXLEbgXub-WiKILyE6hyH30Lp2q1F2kaQzjoWQVwoyjdEhDZYlmSGvWpl_WQmhxNPkadyjE4i_-Z2JBUiMnPxV7oNTQy2QcffgJ', 0, 1, '', ''),
(207, '', '', 'Nia ', '0', 'Nia05', 'feeac93cee59fd5b18f017f3f688a4ae', 'Nia.damayanti202@gmail.com', '2022-07-27', 'Nia05.jpg', 2, 0, '', 0, 0, NULL, 0, 0, 0, 0, '', '', 'Y', 'Y', '', 0, '0000-00-00 00:00:00', '081240359404', '', 0.00, '8101174501940002', '', 'gang durian kompleks karantina grand', 'P', 'Nia05.jpg', '40359404', 'fii-RZcXRXKtPJJ92U6cw6:APA91bHxcK1-0uxuRJ7JB2YRHK6ylVF026U3Hg4TAY4RW0INJ0UJMg9AkYp1X7zlu6JauvkO2hwpcY3LQpzpm6tD_Ef05-xZ4zXyJiUXw-UTw4N0KGEseJwrBUZr53MmafCqbKwVSzAX', 0, 1, '', ''),
(208, '', '', 'Badru Tamam', '0', 'Badru Tamam', '7b607f8023d50ed0cff27a8ec68e2969', 'badru_indahlogistik@yahoo.co.id', '2022-07-27', NULL, 2, 0, '', 0, 0, NULL, 0, 0, 0, 0, '', '', 'Y', 'Y', '', 0, '0000-00-00 00:00:00', '081311154814', '', 0.00, '', '', '', '', '', '11154814', 'dxQQxGCrT1-tp3jMnDCC5F:APA91bHsUrzfeEAE_0h6Jm9XMAXNfR3VNxhnoedFUAedDWgQ4yFzBTse0lmw9eOOd-GhRVjFsbtfhqh11mZzJQ0kv904OW1uTYEKr848eYx2d45Z2Wru_KG8wc0fttlVhG4uuj4hlsmS', 0, 1, '', ''),
(209, '', '', 'ABDUL KADIR,', 'S. Pd.', 'Kadire27 ', 'fe30dc5d2abbdab94ea65ac014b8e0a5', 'kadire27@gmail.com', '2022-07-27', 'Kadire27 .jpg', 2, 0, '', 0, 0, NULL, 0, 0, 0, 0, '', '', 'Y', 'Y', '', 1, '2022-08-05 09:09:26', '081338615926', '', 0.00, '7311032702890001', '16.271.926.4-802.000', 'Jalan Cokonuri No 66 ', 'L', 'Kadire27 .jpg', '38615926', 'fYycOiYrTeivPwzTO8QkGe:APA91bHXzlEA3Mr957uMoixtONuKccEcxHAEZ8-w10eEOznbgA5KerC95u0MsjcwdVCEgDi_UH9kuBZfcgzkv9Jr6vTnlKXtwzL0DRSn20gxneXLF150S1gx1DIybl_wWHL01Ya3CmrG', 0, 1, '', ''),
(210, '', '', 'Nelwan Hafid', 'PIC', 'pic_sorong', 'c33367701511b4f6020ec61ded352059', 'satio.delvivas@gmail.com', '2022-07-29', 'pic_sorong.jpeg', 17, 0, '', 0, 0, 30, 0, 0, 0, 0, '', '', 'Y', 'Y', '', 0, '0000-00-00 00:00:00', '081247747561', '', 0.00, '9209011203792001', '', 'Jl.Pendidikan KM. 8 Kota Sorong', 'L', 'pic_sorong.jpeg', '47747561', 'cgQbSWCNQ4G6RnIXdxjDSo:APA91bHVeqYe27j49DyYnsQYA3zCEAjAKFz7lSuEw0DaJx7VXzkZyzLzP7oggnSoU4nW0RX7ckMAcULp4tKTsPfsaybid6AMHOebC_vKrqC0keBF_1y_MLZJt5_zaB6u505pkK8Iuqf8', 0, 1, '', ''),
(211, '', '', 'srigati', '0', 'SOULMATE_GATI', '5956470088e96f8c0f35cc19b7d996f5', 'jaspsurabaya1000@gmail.com', '2022-07-29', NULL, 2, 0, '', 0, 0, NULL, 0, 0, 0, 0, '', '', 'Y', 'Y', '', 1, '2022-07-30 05:03:42', '0859160065729', '', 0.00, '3402096804000003', '', 'Beji sumberagung', 'P', 'SOULMATE_GATI.jpg', '160065729', 'dC_-UcKKRfCXIsaIP3lqJ_:APA91bH8TQIp37sgB742PnfVXQgJehL2e7zCeMJiKLIFZOtAAmiyLOvN94I1DN17Ngb0Cu5ueHUyq72PxIXBp8JGlKnxE4VubNoxMZ7PU-sE3g1JTyAL9_EyqoXoQZTzUMwubSQAzEnh', 30, 1, '22ASP1205', ''),
(212, '', '', 'nur titik fatimah', '0', 'sanggaria69', 'bc1c8c43f465f3a312817871ca23c04a', 'titikamboy69.ta@gmail.com', '2022-08-01', NULL, 2, 0, '', 0, 0, NULL, 0, 0, 0, 0, '', '', 'Y', 'N', 'Mohon dilengkapi data nya', 1, '2022-08-05 09:13:50', '081395879443', '', 0.00, '', '', '', '', '', '95879443', 'dHPM9xLRTU2xrqoL_1KBRt:APA91bE0b4hWQU9GZ7rrN9ynuu38DBbnRkRNUBpYMPF5zSOLM3Z4ZGpvCVqG2Bneb16iTQ2iVsUOi3zd8dNHdu4RYRUM3VuanGLDK-MkkWOVxAJszDXnHlB88lD6vA6F_ZJMq2u-qgDL', 0, 1, '', ''),
(214, '', '', 'SRIGATI', 'GATI ', 'SOLMET_GATI', '5956470088e96f8c0f35cc19b7d996f5', 'bandungjasp@gmail.com', '2022-08-02', 'SOLMET_GATI.jpg', 2, 0, '', 0, 0, 30, 0, 0, 0, 0, '', '', 'Y', 'Y', '', 1, '2022-08-02 03:15:31', '083146147315', '', 0.00, '3402096804000003', '', 'Beji rt 01', 'P', 'SOLMET_GATI.jpg', '46147315', 'ftxSRjF5T9i_WoK5mVaOfx:APA91bFCft4Xg5WE2YvU-lIfH_4pscG0xWmqhleZ7koVuu3GJf88Rax2Y8wxBSXaJASkQgUdK0KYm6vYr2khYZHcCMonJhLli2U6E59Hn5ZEUQcONaXL1lIB0TcG6zotDNe5PBPe3v7n', 30, 459, '22ASP1205-CUST0270', ''),
(215, '', '', 'Razief Firmansyah', '0', 'razief', '33d31f6add7b416fb66a33e7f0682348', 'razieffirmansyah@gmail.com', '2022-08-02', NULL, 2, 0, '', 0, 0, NULL, 0, 0, 0, 0, '', '', 'Y', 'N', 'Mohon dilengkapi data nya', 1, '2022-08-05 09:11:14', '081382505953', '', 0.00, '', '', '', '', '', '82505953', '', 0, 1, '', ''),
(216, '', '', 'Respi ', '0', 'Respi_Junika', '364b050f8dfc2c4ab93a53ac486730ce', 'ikaagian@gmail.com', '2022-08-03', NULL, 2, 0, '', 0, 0, NULL, 0, 0, 0, 0, '', '', 'Y', 'N', 'Mohon dilengkapi data nya', 1, '2022-08-05 09:12:04', '081280437746', '', 0.00, '', '', '', '', '', '80437746', 'fCUptGVdTjSzoD4wGCDT5b:APA91bErm4xt_xVopNTJ-kuK1JZ3hggapa4jaQYC-oaqXttY-S9j_8Ut0knxkzmR9eoUK3BBH-NllvtTopULeTvHAUaqVPG25BrKxOoTfj0sr7rVRcEKRfnVFMCtSvC41lVFiKnzxNV7', 0, 1, '', ''),
(217, '', '', 'NUR TITIK ', 'FATIMAH', 'GHANNYS69', 'a6a6c7fd2b61dc25aa1eb0e22084921b', 'titikamboy69.ta@gmail.com', '2022-08-03', 'GHANNYS69.jpg', 2, 0, '', 0, 0, NULL, 0, 0, 0, 0, '', '', 'Y', 'Y', '', 0, '0000-00-00 00:00:00', '081395879443', '', 0.00, '9111026202860001', '91.732.503.7-952.000', 'Jln. Flamboyan no 69 Rt/Rw 005/003. Arso 1. Sanggaria, Distrik Arso Barat, Kab, Keerom, Jayapura, Papua.. 99368', '', 'GHANNYS69.jpeg', '95879443', 'dHPM9xLRTU2xrqoL_1KBRt:APA91bE0b4hWQU9GZ7rrN9ynuu38DBbnRkRNUBpYMPF5zSOLM3Z4ZGpvCVqG2Bneb16iTQ2iVsUOi3zd8dNHdu4RYRUM3VuanGLDK-MkkWOVxAJszDXnHlB88lD6vA6F_ZJMq2u-qgDL', 30, 1, '22ASP1205', ''),
(218, '', '', 'Nurhayati', '0', 'Nurhayati01', '033ae6329c34ecb4c0df62808bef6a01', 'al.syah090921@gmail.com', '2022-08-05', NULL, 2, 0, '', 0, 0, NULL, 0, 0, 0, 0, '', '', 'Y', 'N', '', 0, '0000-00-00 00:00:00', '085297356299', '', 0.00, '', '', '', '', '', '97356299', 'eZQp9aBqSMOUBBYx-xmWlJ:APA91bHWiox85Y3agWtPr-zDxgJhzIqk4fz7IO1neKMBdEmZhkhTJIYYLD46gesJNlo2zlhyOeG61qnBmmdNIwqkT1cAJU9XTalLrLuqpnFBSQGTTBWKItyz1MQDyqnALcY7d6wZEAro', 0, 1, '', '');

-- --------------------------------------------------------

--
-- Struktur dari tabel `tbl_bantuan`
--

CREATE TABLE `tbl_bantuan` (
  `id` int(11) NOT NULL,
  `nama` varchar(255) DEFAULT NULL,
  `email` varchar(150) DEFAULT NULL,
  `subjek` varchar(255) DEFAULT NULL,
  `message` text DEFAULT NULL,
  `created_date` timestamp NULL DEFAULT current_timestamp()
) ENGINE=InnoDB DEFAULT CHARSET=latin1 COLLATE=latin1_swedish_ci;

-- --------------------------------------------------------

--
-- Struktur dari tabel `tbl_bisnis`
--

CREATE TABLE `tbl_bisnis` (
  `id` int(11) NOT NULL,
  `title` varchar(200) DEFAULT NULL,
  `deskripsi` text DEFAULT NULL,
  `image` varchar(50) NOT NULL
) ENGINE=InnoDB DEFAULT CHARSET=latin1 COLLATE=latin1_swedish_ci;

--
-- Dumping data untuk tabel `tbl_bisnis`
--

INSERT INTO `tbl_bisnis` (`id`, `title`, `deskripsi`, `image`) VALUES
(1, 'PART DIVISION', 'Divisi Part kami menyediakan suku cadang berkualitas tinggi dari pemasok terkemuka.', '648f3b6cc74b91687108460.webp'),
(2, 'GENSET & ELECTRICAL DIVISION', 'Divisi Genset & Electrical kami memiliki tim teknisi terampil yang ahli dalam perbaikan, perawatan, dan instalasi genset dan sistem listrik.', '648f3df00a8b71687109104.webp'),
(3, 'ENGINE, HYDRAULIC & FABRICATION DIVISION', 'Divisi Engine, Hydraulic & Fabrication memberikan pelayanan perbaikan, perawatan, dan instalasi mesin, sistem hidrolik, serta jasa fabrikasi.', '648f3b8a1fe891687108490.webp');

-- --------------------------------------------------------

--
-- Struktur dari tabel `tbl_chat_wa`
--

CREATE TABLE `tbl_chat_wa` (
  `id` int(11) NOT NULL,
  `nama` varchar(150) NOT NULL,
  `phone` varchar(15) NOT NULL,
  `image` varchar(200) NOT NULL,
  `startOnline` time NOT NULL,
  `endOnline` time NOT NULL,
  `createDate` timestamp NOT NULL DEFAULT current_timestamp(),
  `createUserId` int(11) NOT NULL
) ENGINE=InnoDB DEFAULT CHARSET=latin1 COLLATE=latin1_swedish_ci;

--
-- Dumping data untuk tabel `tbl_chat_wa`
--

INSERT INTO `tbl_chat_wa` (`id`, `nama`, `phone`, `image`, `startOnline`, `endOnline`, `createDate`, `createUserId`) VALUES
(1, 'Admin', '088224605466', 'Admin_2023-06-06 10:02:37.png', '08:00:00', '17:00:00', '2022-08-19 06:57:40', 1);

-- --------------------------------------------------------

--
-- Struktur dari tabel `tbl_counter`
--

CREATE TABLE `tbl_counter` (
  `id` int(11) NOT NULL,
  `location` varchar(255) DEFAULT NULL,
  `ip` varchar(255) DEFAULT NULL,
  `timestamp` timestamp NULL DEFAULT current_timestamp()
) ENGINE=InnoDB DEFAULT CHARSET=latin1 COLLATE=latin1_swedish_ci ROW_FORMAT=COMPACT;

--
-- Dumping data untuk tabel `tbl_counter`
--

INSERT INTO `tbl_counter` (`id`, `location`, `ip`, `timestamp`) VALUES
(1, 'http://partindomitrautama.co.id/index.php/part_division', '118.136.68.19', '2023-06-06 09:47:33'),
(2, 'http://partindomitrautama.co.id/index.php', '180.243.239.137', '2023-06-06 05:06:31'),
(3, 'http://partindomitrautama.co.id/index.php', '180.252.121.145', '2023-06-06 05:06:48'),
(4, 'http://partindomitrautama.co.id/index.php', '52.167.144.67', '2023-06-06 04:05:20'),
(5, 'http://partindomitrautama.co.id/index.php/career', '52.167.144.156', '2023-06-06 04:23:10'),
(6, 'http://partindomitrautama.co.id/index.php/part_division', '40.77.167.98', '2023-06-06 04:21:41'),
(7, 'http://partindomitrautama.co.id/index.php', '112.215.238.63', '2023-06-06 05:58:19'),
(8, 'http://partindomitrautama.co.id/index.php', '134.122.45.24', '2023-06-06 07:57:06'),
(9, 'http://partindomitrautama.co.id/index.php', '134.122.45.24', '2023-06-06 07:57:06'),
(10, 'http://partindomitrautama.co.id/index.php', '3.219.237.5', '2023-06-06 08:06:30'),
(11, 'http://partindomitrautama.co.id/index.php', '34.217.206.249', '2023-06-06 20:10:49'),
(12, 'http://partindomitrautama.co.id/index.php', '35.88.242.167', '2023-06-06 20:10:49'),
(13, 'http://partindomitrautama.co.id/index.php', '140.213.13.90', '2023-06-07 00:21:55'),
(14, 'http://partindomitrautama.co.id/index.php', '118.136.68.19', '2023-06-07 09:36:02'),
(15, 'http://partindomitrautama.co.id/index.php', '66.249.82.219', '2023-06-07 07:23:11'),
(16, 'http://partindomitrautama.co.id/index.php', '66.249.82.221', '2023-06-07 02:17:39'),
(17, 'http://partindomitrautama.co.id/index.php', '66.249.82.211', '2023-06-07 07:23:20'),
(18, 'http://partindomitrautama.co.id/index.php', '66.249.82.213', '2023-06-07 02:17:43'),
(19, 'http://partindomitrautama.co.id/index.php', '180.252.125.123', '2023-06-07 03:39:57'),
(20, 'http://partindomitrautama.co.id/index.php/career', '40.77.167.139', '2023-06-07 13:47:49'),
(21, 'http://partindomitrautama.co.id/index.php/news/detail/lorem-ipsum-dolor-sit-amet', '40.77.167.98', '2023-06-07 08:27:27'),
(22, 'http://partindomitrautama.co.id/index.php', '66.249.82.223', '2023-06-07 07:23:10'),
(23, 'http://partindomitrautama.co.id/index.php/career', '66.249.82.195', '2023-06-07 08:34:18'),
(24, 'http://partindomitrautama.co.id/index.php/career', '66.249.82.205', '2023-06-07 08:34:19'),
(25, 'http://partindomitrautama.co.id/index.php/career', '66.249.82.200', '2023-06-07 08:58:26'),
(26, 'http://partindomitrautama.co.id/index.php/career', '66.249.82.201', '2023-06-07 08:58:19'),
(27, 'http://partindomitrautama.co.id/index.php/career', '66.249.82.199', '2023-06-07 08:34:26'),
(28, 'http://partindomitrautama.co.id/index.php', '66.249.82.204', '2023-06-07 08:58:15'),
(29, 'http://partindomitrautama.co.id/index.php', '66.249.82.206', '2023-06-07 08:58:14'),
(30, 'http://partindomitrautama.co.id/index.php', '35.92.9.91', '2023-06-07 19:50:21'),
(31, 'http://partindomitrautama.co.id/index.php', '35.165.202.206', '2023-06-07 20:02:08'),
(32, 'http://partindomitrautama.co.id/index.php', '103.108.130.11', '2023-06-08 05:12:27'),
(33, 'http://partindomitrautama.co.id/index.php', '66.249.82.206', '2023-06-08 04:18:11'),
(34, 'http://partindomitrautama.co.id/index.php', '66.249.82.200', '2023-06-08 04:13:54'),
(35, 'http://partindomitrautama.co.id/index.php', '66.249.82.201', '2023-06-08 04:18:19'),
(36, 'http://partindomitrautama.co.id/index.php', '66.249.82.199', '2023-06-08 04:18:25'),
(37, 'http://partindomitrautama.co.id/index.php', '66.249.82.204', '2023-06-08 04:13:51'),
(38, 'http://partindomitrautama.co.id/index.php', '66.249.82.205', '2023-06-08 04:18:11'),
(39, 'http://partindomitrautama.co.id/index.php', '114.124.161.195', '2023-06-08 06:52:54'),
(40, 'http://partindomitrautama.co.id/index.php', '52.167.144.67', '2023-06-08 18:24:55'),
(41, 'http://partindomitrautama.co.id/index.php', '54.185.179.33', '2023-06-08 20:14:17'),
(42, 'http://partindomitrautama.co.id/index.php', '34.211.230.116', '2023-06-08 20:14:33'),
(43, 'http://partindomitrautama.co.id/index.php', '118.136.68.19', '2023-06-09 09:59:34'),
(44, 'http://partindomitrautama.co.id/index.php', '66.249.82.204', '2023-06-09 09:56:39'),
(45, 'http://partindomitrautama.co.id/index.php', '66.249.82.200', '2023-06-09 09:58:16'),
(46, 'http://partindomitrautama.co.id/index.php', '66.249.82.201', '2023-06-09 09:58:22'),
(47, 'http://partindomitrautama.co.id/index.php', '66.249.82.199', '2023-06-09 09:56:19'),
(48, 'http://partindomitrautama.co.id/index.php', '66.249.82.206', '2023-06-09 09:58:13'),
(49, 'http://partindomitrautama.co.id/index.php', '66.249.82.205', '2023-06-09 09:58:14'),
(50, 'http://partindomitrautama.co.id/index.php', '66.249.82.236', '2023-06-09 03:01:51'),
(51, 'http://partindomitrautama.co.id/index.php', '66.249.82.14', '2023-06-09 03:01:52'),
(52, 'http://partindomitrautama.co.id/index.php', '66.249.82.237', '2023-06-09 03:02:21'),
(53, 'http://partindomitrautama.co.id/index.php', '66.249.82.13', '2023-06-09 03:02:21'),
(54, 'http://partindomitrautama.co.id/index.php', '66.249.82.233', '2023-06-09 03:02:24'),
(55, 'http://partindomitrautama.co.id/index.php', '103.54.218.250', '2023-06-09 04:44:30'),
(56, 'http://partindomitrautama.co.id/index.php', '118.96.33.104', '2023-06-09 06:40:28'),
(57, 'http://partindomitrautama.co.id/index.php', '116.206.8.15', '2023-06-09 05:09:40'),
(58, 'http://partindomitrautama.co.id/index.php', '175.45.186.196', '2023-06-09 06:40:30'),
(59, 'http://partindomitrautama.co.id/index.php/media', '40.77.167.139', '2023-06-09 14:31:00'),
(60, 'http://partindomitrautama.co.id/index.php', '198.235.24.42', '2023-06-09 17:36:10'),
(61, 'http://partindomitrautama.co.id/index.php', '34.212.162.179', '2023-06-09 21:39:39'),
(62, 'http://partindomitrautama.co.id/index.php', '54.189.63.62', '2023-06-09 21:39:39'),
(63, 'http://partindomitrautama.co.id/index.php', '118.136.68.19', '2023-06-10 01:36:51'),
(64, 'http://partindomitrautama.co.id/index.php', '66.249.82.204', '2023-06-10 01:37:06'),
(65, 'http://partindomitrautama.co.id/index.php', '66.249.82.205', '2023-06-10 01:37:07'),
(66, 'http://partindomitrautama.co.id/index.php', '66.249.82.200', '2023-06-10 01:37:10'),
(67, 'http://partindomitrautama.co.id/index.php', '66.249.82.199', '2023-06-10 01:37:14'),
(68, 'http://partindomitrautama.co.id/index.php', '66.249.82.201', '2023-06-10 01:37:15'),
(69, 'http://partindomitrautama.co.id/index.php', '54.218.35.198', '2023-06-10 22:31:25'),
(70, 'http://partindomitrautama.co.id/index.php', '35.161.172.65', '2023-06-10 22:31:58'),
(71, 'http://partindomitrautama.co.id/index.php', '54.245.47.4', '2023-06-10 22:32:35'),
(72, 'http://partindomitrautama.co.id/index.php', '35.88.124.30', '2023-06-11 10:39:07'),
(73, 'http://partindomitrautama.co.id/index.php', '54.212.90.28', '2023-06-11 21:25:50'),
(74, 'http://partindomitrautama.co.id/index.php', '54.186.184.216', '2023-06-11 21:25:50'),
(75, 'http://partindomitrautama.co.id/index.php', '64.227.140.41', '2023-06-12 08:11:50'),
(76, 'http://partindomitrautama.co.id/index.php', '64.227.140.41', '2023-06-12 08:11:50'),
(77, 'http://partindomitrautama.co.id/index.php', '180.252.125.228', '2023-06-12 08:20:53'),
(78, 'http://partindomitrautama.co.id/index.php', '66.249.82.205', '2023-06-12 08:21:08'),
(79, 'http://partindomitrautama.co.id/index.php', '66.249.82.206', '2023-06-12 08:24:29'),
(80, 'http://partindomitrautama.co.id/index.php', '66.249.82.201', '2023-06-12 08:24:34'),
(81, 'http://partindomitrautama.co.id/index.php', '66.249.82.200', '2023-06-12 08:21:22'),
(82, 'http://partindomitrautama.co.id/index.php', '66.249.82.204', '2023-06-12 08:24:31'),
(83, 'http://partindomitrautama.co.id/index.php', '66.249.82.199', '2023-06-12 08:24:39'),
(84, 'http://partindomitrautama.co.id/index.php/media', '40.77.167.139', '2023-06-12 14:22:17'),
(85, 'http://partindomitrautama.co.id/index.php', '52.36.29.44', '2023-06-12 19:28:43'),
(86, 'http://partindomitrautama.co.id/index.php', '54.189.86.245', '2023-06-12 19:28:43'),
(87, 'http://partindomitrautama.co.id/index.php', '35.89.177.178', '2023-06-12 19:29:17'),
(88, 'http://partindomitrautama.co.id/index.php', '104.248.47.91', '2023-06-13 07:56:36'),
(89, 'http://partindomitrautama.co.id/index.php', '104.248.47.91', '2023-06-13 07:56:36'),
(90, 'http://partindomitrautama.co.id/index.php/career/detail_posisi/admin', '103.108.130.11', '2023-06-13 08:43:30'),
(91, 'http://partindomitrautama.co.id/index.php/media', '40.77.167.139', '2023-06-13 14:21:27'),
(92, 'http://partindomitrautama.co.id/index.php', '34.221.16.240', '2023-06-13 19:31:06'),
(93, 'http://partindomitrautama.co.id/index.php', '35.91.164.76', '2023-06-13 19:31:26'),
(94, 'http://partindomitrautama.co.id/index.php', '180.254.133.89', '2023-06-14 04:14:43'),
(95, 'http://partindomitrautama.co.id/index.php', '143.110.155.131', '2023-06-14 08:32:25'),
(96, 'http://partindomitrautama.co.id/index.php', '112.215.235.172', '2023-06-14 11:50:06'),
(97, 'http://partindomitrautama.co.id/index.php/media', '40.77.167.139', '2023-06-14 15:04:20'),
(98, 'http://partindomitrautama.co.id/index.php', '34.219.55.158', '2023-06-14 19:31:58'),
(99, 'http://partindomitrautama.co.id/index.php', '34.209.26.226', '2023-06-14 19:31:58'),
(100, 'http://partindomitrautama.co.id/index.php', '39.98.173.147', '2023-06-15 04:13:59'),
(101, 'http://partindomitrautama.co.id/index.php', '39.98.173.147', '2023-06-15 04:13:59'),
(102, 'http://partindomitrautama.co.id/index.php', '180.243.255.172', '2023-06-15 09:58:23'),
(103, 'http://partindomitrautama.co.id/index.php', '18.246.65.216', '2023-06-15 20:06:09'),
(104, 'http://partindomitrautama.co.id/index.php', '18.236.70.11', '2023-06-15 20:06:51'),
(105, 'http://partindomitrautama.co.id/index.php', '35.167.107.77', '2023-06-15 20:06:56'),
(106, 'http://partindomitrautama.co.id/index.php', '35.86.109.136', '2023-06-15 20:07:12'),
(107, 'http://partindomitrautama.co.id/index.php', '125.167.250.106', '2023-06-16 09:18:01'),
(108, 'http://partindomitrautama.co.id/index.php', '125.167.250.106', '2023-06-16 07:42:06'),
(109, 'http://partindomitrautama.co.id/index.php', '124.158.189.118', '2023-06-16 10:12:04'),
(110, 'http://partindomitrautama.co.id/index.php', '206.189.46.108', '2023-06-16 08:11:16'),
(111, 'http://partindomitrautama.co.id/index.php', '114.4.82.35', '2023-06-16 09:20:16'),
(112, 'http://partindomitrautama.co.id/index.php/media', '40.77.167.220', '2023-06-16 15:25:39'),
(113, 'http://partindomitrautama.co.id/index.php', '180.248.150.57', '2023-06-16 16:59:03'),
(114, 'http://partindomitrautama.co.id/index.php', '180.248.150.57', '2023-06-17 05:56:25'),
(115, 'http://partindomitrautama.co.id/index.php', '54.202.224.185', '2023-06-16 19:18:58'),
(116, 'http://partindomitrautama.co.id/index.php', '34.217.191.104', '2023-06-16 19:19:37'),
(117, 'http://partindomitrautama.co.id/index.php', '54.191.17.120', '2023-06-16 19:20:20'),
(118, 'http://partindomitrautama.co.id/index.php', '180.252.117.87', '2023-06-17 04:07:02'),
(119, 'http://partindomitrautama.co.id/index.php', '111.95.83.197', '2023-06-17 02:33:37'),
(120, 'http://partindomitrautama.co.id/index.php', '52.36.249.152', '2023-06-17 22:04:48'),
(121, 'http://partindomitrautama.co.id/index.php', '35.92.240.82', '2023-06-17 22:05:19'),
(122, 'http://partindomitrautama.co.id/index.php', '35.86.144.179', '2023-06-17 22:10:59'),
(123, 'http://partindomitrautama.co.id/index.php', '46.101.150.137', '2023-06-18 08:42:10'),
(124, 'http://partindomitrautama.co.id/index.php', '114.10.117.94', '2023-06-18 11:04:29'),
(125, 'http://partindomitrautama.co.id/index.php', '180.248.150.57', '2023-06-18 16:46:53'),
(126, 'http://partindomitrautama.co.id/index.php/media', '40.77.167.220', '2023-06-18 15:14:03'),
(127, 'http://partindomitrautama.co.id/index.php', '180.248.150.57', '2023-06-19 02:20:27'),
(128, 'http://partindomitrautama.co.id/index.php', '35.91.244.80', '2023-06-18 22:22:17'),
(129, 'http://partindomitrautama.co.id/index.php', '35.90.188.173', '2023-06-18 22:22:34'),
(130, 'http://partindomitrautama.co.id/index.php', '35.89.216.99', '2023-06-18 22:32:12'),
(131, 'http://partindomitrautama.co.id/index.php', '34.217.24.23', '2023-06-18 22:32:26'),
(132, 'http://partindomitrautama.co.id/index.php/part_division', '114.4.223.203', '2023-06-19 16:37:12'),
(133, 'http://partindomitrautama.co.id/index.php', '103.108.130.11', '2023-06-19 08:36:25'),
(134, 'http://partindomitrautama.co.id/index.php', '125.160.237.233', '2023-06-19 02:13:54'),
(135, 'http://partindomitrautama.co.id/index.php/media', '207.46.13.207', '2023-06-19 15:55:16'),
(136, 'http://partindomitrautama.co.id/index.php', '18.236.196.168', '2023-06-19 21:32:25'),
(137, 'http://partindomitrautama.co.id/index.php', '54.186.234.73', '2023-06-19 21:32:52'),
(138, 'http://partindomitrautama.co.id/index.php', '54.201.5.228', '2023-06-19 21:33:36'),
(139, 'http://partindomitrautama.co.id/index.php', '34.222.220.76', '2023-06-19 21:34:21'),
(140, 'http://partindomitrautama.co.id/index.php', '52.36.227.1', '2023-06-19 21:35:30'),
(141, 'http://partindomitrautama.co.id/index.php', '114.4.223.203', '2023-06-20 16:38:52'),
(142, 'http://partindomitrautama.co.id/index.php', '103.108.130.5', '2023-06-20 03:27:28'),
(143, 'http://partindomitrautama.co.id/index.php', '174.138.46.163', '2023-06-20 08:28:38'),
(144, 'http://partindomitrautama.co.id/index.php', '103.78.115.117', '2023-06-20 09:36:18'),
(145, 'http://partindomitrautama.co.id/index.php/profile', '40.77.167.128', '2023-06-21 03:12:01'),
(146, 'http://partindomitrautama.co.id/index.php', '35.91.49.119', '2023-06-20 20:01:37'),
(147, 'http://partindomitrautama.co.id/index.php', '34.211.63.127', '2023-06-20 20:02:04'),
(148, 'http://partindomitrautama.co.id/index.php', '34.212.0.244', '2023-06-20 20:02:08'),
(149, 'http://partindomitrautama.co.id/index.php', '180.254.140.163', '2023-06-21 16:27:25'),
(150, 'http://partindomitrautama.co.id/index.php/engine_hydraulic', '180.252.118.134', '2023-06-21 07:09:55'),
(151, 'http://partindomitrautama.co.id/index.php', '111.95.83.197', '2023-06-21 09:49:23'),
(152, 'http://partindomitrautama.co.id/index.php', '66.249.82.204', '2023-06-21 09:20:59'),
(153, 'http://partindomitrautama.co.id/index.php', '66.249.82.205', '2023-06-21 09:21:00'),
(154, 'http://partindomitrautama.co.id/index.php', '66.249.82.199', '2023-06-21 09:21:03'),
(155, 'http://partindomitrautama.co.id/index.php', '66.249.82.201', '2023-06-21 09:21:09'),
(156, 'http://partindomitrautama.co.id/index.php', '66.249.82.200', '2023-06-21 09:21:07'),
(157, 'http://partindomitrautama.co.id/index.php', '142.93.191.58', '2023-06-21 11:03:43'),
(158, 'http://partindomitrautama.co.id/index.php/news/detail/lorem-ipsum-dolor-sit-amet', '40.77.167.123', '2023-06-21 17:28:40'),
(159, 'http://partindomitrautama.co.id/index.php', '34.243.225.118', '2023-06-21 18:20:47'),
(160, 'http://partindomitrautama.co.id/index.php', '34.221.253.39', '2023-06-21 20:23:58'),
(161, 'http://partindomitrautama.co.id/index.php', '18.237.37.154', '2023-06-21 20:24:01'),
(162, 'http://partindomitrautama.co.id/index.php', '34.222.68.233', '2023-06-21 20:24:32'),
(163, 'http://partindomitrautama.co.id/index.php', '34.214.153.91', '2023-06-21 20:29:11'),
(164, 'http://partindomitrautama.co.id/index.php', '173.252.127.15', '2023-06-22 00:24:41'),
(165, 'http://partindomitrautama.co.id/index.php', '180.254.140.163', '2023-06-22 01:46:34'),
(166, 'http://partindomitrautama.co.id/index.php', '111.95.83.197', '2023-06-22 02:22:30');

-- --------------------------------------------------------

--
-- Struktur dari tabel `tbl_deskripsi_content`
--

CREATE TABLE `tbl_deskripsi_content` (
  `id` int(11) NOT NULL,
  `posisi` varchar(150) DEFAULT NULL,
  `title` varchar(200) DEFAULT NULL,
  `deskripsi` text DEFAULT NULL,
  `image` varchar(50) DEFAULT NULL
) ENGINE=InnoDB DEFAULT CHARSET=latin1 COLLATE=latin1_swedish_ci;

--
-- Dumping data untuk tabel `tbl_deskripsi_content`
--

INSERT INTO `tbl_deskripsi_content` (`id`, `posisi`, `title`, `deskripsi`, `image`) VALUES
(1, 'Menu Home Hero', 'Trust & Move Forward Together', NULL, ''),
(2, 'Menu Home Main Service', 'Our Business', 'Temukan beragam layanan unggulan, dan dengan kehandalan dan pengalaman yang luas, kami siap menjadi mitra terpercaya dalam menjaga performa peralatan Anda', ''),
(3, 'Footer', 'Dapatkan penawaran terbaik dari kami untuk memenuhi kebutuhan Anda', NULL, ''),
(4, 'Menu Profile Hero', NULL, NULL, '6480442a3443e1686127658.webp'),
(5, 'Menu Part Division Hero', 'Welcome to Our Business', NULL, '64908038770281687191608.webp'),
(6, 'View All Project', 'Ingin melihat portofolio pekerjaan yang telah kami kerjakan lainnya?', '', ''),
(7, 'Menu ENGINE, HYDRAUIC & FABRICATION DIVISION Hero', 'Welcome to Our Business', NULL, '648044fbde7541686127867.webp'),
(8, 'Menu GENSET & ELECTRICAL DIVISION Hero', 'Welcome to Our Business', NULL, '6480453aa14d71686127930.webp'),
(9, 'Menu Media Hero', 'Welcome to Our Media', 'Stay informed and inspired by our media showcasing our excellent work', '64804554a3e7f1686127956.webp'),
(10, 'Menu Career Hero', 'We Are Hiring', 'Join us and let\'s make dreams together with PT Partindo Mitra Utama', '6480456837e431686127976.webp'),
(11, 'Menu News Hero', NULL, NULL, '6480460aaf00b1686128138.webp'),
(12, 'Menu Contact Hero', 'Contact Us', NULL, '64804619282d71686128153.webp');

-- --------------------------------------------------------

--
-- Struktur dari tabel `tbl_gallery_portofolio`
--

CREATE TABLE `tbl_gallery_portofolio` (
  `id` int(11) NOT NULL,
  `id_bisnis` int(3) DEFAULT NULL,
  `id_divisi` int(3) DEFAULT NULL,
  `title` varchar(255) DEFAULT NULL,
  `slug` varchar(255) DEFAULT NULL,
  `deskripsi` text DEFAULT NULL,
  `image` varchar(50) DEFAULT NULL,
  `created_date` timestamp NULL DEFAULT current_timestamp()
) ENGINE=InnoDB DEFAULT CHARSET=latin1 COLLATE=latin1_swedish_ci ROW_FORMAT=COMPACT;

--
-- Dumping data untuk tabel `tbl_gallery_portofolio`
--

INSERT INTO `tbl_gallery_portofolio` (`id`, `id_bisnis`, `id_divisi`, `title`, `slug`, `deskripsi`, `image`, `created_date`) VALUES
(2, 1, 2, 'Good Used', 'good-used', '', '29c748bf41213360daa2a263772337b7.webp', '2023-06-08 05:00:52'),
(3, 1, 2, 'Good Used', 'good-used', '', 'cae6364dc807c1287fd7504f8b56f512.webp', '2023-06-20 02:10:51'),
(4, 1, 2, 'Good Used', 'good-used', '', 'f6bd289d93f7cc86205903f94c2fbc43.webp', '2023-06-20 02:11:17'),
(5, 1, 2, 'Good Used', 'good-used', '', 'ee58f2f4c6cb2aaa81a686ec454c9d22.webp', '2023-06-20 02:14:30'),
(6, 1, 1, 'New Part', 'new-part', '', 'acd9a40b7c045a2e3eec7f2a6055038e.webp', '2023-06-20 02:24:00'),
(7, 1, 1, 'New Part', 'new-part', '', 'fa641c512d7d7b215630eb04eb6a9ea9.webp', '2023-06-20 02:24:55'),
(8, 1, 1, 'New Part', 'new-part', '', '8269a3d86abf4ff1c9fe11a19d641378.webp', '2023-06-20 02:25:14'),
(9, 1, 1, 'New Part', 'new-part', '', '8ece7559ac1df73872a879a7baec17c6.webp', '2023-06-20 02:25:34'),
(10, 3, 7, 'Over Houl', 'over-houl', '', '05253000d5a539d692e98da91e4887d3.webp', '2023-06-20 02:41:25'),
(11, 3, 7, 'Over Houl', 'over-houl', '', 'cf7bd81e9e5e0529ca6c26532b8fc922.webp', '2023-06-20 02:41:47'),
(12, 3, 7, 'Over Houl', 'over-houl', '', '9649cb2d45f17eb48e8f442fd67d19a2.webp', '2023-06-20 02:42:07'),
(13, 3, 7, 'Over Houl', 'over-houl', '', 'c16dd9207df7cbe3d34e9b0adb1d1626.webp', '2023-06-20 02:42:26'),
(14, 3, 8, 'Service & Trouble Shooting', 'service-trouble-shooting', '', 'a79578d8a8f2d47a253b934f35b5c465.webp', '2023-06-20 02:52:34'),
(15, 3, 8, 'Service & Trouble Shooting', 'service-trouble-shooting', '', 'd36e2d0bcc5f940eb39ec185af668106.webp', '2023-06-20 02:53:22'),
(16, 3, 8, 'Service & Trouble Shooting', 'service-trouble-shooting', '', '2c478e1f2f67de9b1ba40541135717e3.webp', '2023-06-20 02:54:01'),
(17, 3, 8, 'Service & Trouble Shooting', 'service-trouble-shooting', '', 'f1ef2cd3411a688c9e613c50dd6e1071.webp', '2023-06-20 02:54:22'),
(18, 3, 9, 'Fabrication', 'fabrication', '', 'e3f36e0febd4df0cbb383a497f7c1670.webp', '2023-06-20 16:34:17'),
(19, 3, 9, 'Fabrication', 'fabrication', '', '113ddacf764abf9f580bf64fb48d3420.webp', '2023-06-20 16:34:44'),
(20, 3, 9, 'Fabrication', 'fabrication', '', '14386bb0d41f87c1583fc14ce4febdca.webp', '2023-06-20 16:35:13'),
(21, 3, 9, 'Fabrication', 'fabrication', '', '00e0e557a4ba2f08782b08e01d5a545c.webp', '2023-06-20 16:35:32'),
(22, 3, 10, 'Part Develop', 'part-develop', '', '6663abbfc170552daf9c027e2c3f9782.webp', '2023-06-21 06:49:21'),
(23, 3, 10, 'Part Develop', 'part-develop', '', '08969b461d7e7caf4e77c7f11b890078.webp', '2023-06-21 06:49:47'),
(24, 3, 10, 'Part Develop', 'part-develop', '', 'b2bdb6c18089c6387ec852b8fbe5ccfa.webp', '2023-06-21 06:50:14'),
(25, 3, 10, 'Part Develop', 'part-develop', '', '64b9c79ca8205148404248580cb57c18.webp', '2023-06-21 06:50:33'),
(26, 2, 3, 'Over Houl', 'over-houl', '', 'bb911870d5c6e1342feebcc59baf36c8.webp', '2023-06-21 07:53:32'),
(27, 2, 3, 'Over Houl', 'over-houl', '', 'abbbc9551c7a8ffb0f83f89ba53bb215.webp', '2023-06-21 07:53:59'),
(28, 2, 3, 'Over Houl', 'over-houl', '', 'e4b0f9a6b9a8960acbb592e214d43080.webp', '2023-06-21 07:54:35'),
(29, 2, 3, 'Over Houl', 'over-houl', '', 'b28f0c1277529f7b89ef9dae75add97b.webp', '2023-06-21 07:55:03'),
(30, 2, 4, 'Service & Trouble Shooting', 'service-trouble-shooting', '', '6c7d6721f04b74a60679640ea581c511.webp', '2023-06-21 08:18:43'),
(31, 2, 4, 'Service & Trouble Shooting', 'service-trouble-shooting', '', 'af484d92c6eed9a2d782e2e9fd877a42.webp', '2023-06-21 08:19:07'),
(32, 2, 4, 'Service & Trouble Shooting', 'service-trouble-shooting', '', '259649fc3d98f021bd42b8156e0e89ba.webp', '2023-06-21 08:19:41'),
(33, 2, 4, 'Service & Trouble Shooting', 'service-trouble-shooting', '', 'ae0c9621c2050f66a8225c7b35c1e791.webp', '2023-06-21 08:20:48'),
(34, 2, 5, 'Maintenance', 'maintenance', '', '98ffdfb3bafd2e18e863aceb59221f1c.webp', '2023-06-21 16:06:31'),
(35, 2, 5, 'Maintenance', 'maintenance', '', '8b2c7384009761b27922c44fe015e263.webp', '2023-06-21 16:06:57'),
(36, 2, 5, 'Maintenance', 'maintenance', '', 'f31ed83cb45dcb04029cbb146d5d63ab.webp', '2023-06-21 16:07:24'),
(37, 2, 5, 'Maintenance', 'maintenance', '', '6562f123f5c7bd22983967eb293f13f2.webp', '2023-06-21 16:07:44'),
(38, 2, 6, 'Panel & Electrical Installation', 'panel-electrical-installation', '', '15fd6d087d95c9fd4c73c53757703288.webp', '2023-06-21 16:09:32'),
(39, 2, 6, 'Panel & Electrical Installation', 'panel-electrical-installation', '', '2dc0a998d49bce806164cbee8d716c41.webp', '2023-06-21 16:09:55'),
(40, 2, 6, 'Panel & Electrical Installation', 'panel-electrical-installation', '', 'd08b6031bfcd76d63544a14c10dbb3ba.webp', '2023-06-21 16:10:18'),
(41, 2, 6, 'Panel & Electrical Installation', 'panel-electrical-installation', '', '1c7dfb38ef01704b3428b0483d80b165.webp', '2023-06-21 16:10:38');

-- --------------------------------------------------------

--
-- Struktur dari tabel `tbl_homeweb`
--

CREATE TABLE `tbl_homeweb` (
  `id` int(11) NOT NULL,
  `title` varchar(255) NOT NULL,
  `deskripsi` varchar(255) NOT NULL,
  `image` varchar(50) DEFAULT NULL
) ENGINE=InnoDB DEFAULT CHARSET=latin1 COLLATE=latin1_swedish_ci ROW_FORMAT=COMPACT;

--
-- Dumping data untuk tabel `tbl_homeweb`
--

INSERT INTO `tbl_homeweb` (`id`, `title`, `deskripsi`, `image`) VALUES
(1, 'Trust & Move Forward Together', '', NULL);

-- --------------------------------------------------------

--
-- Struktur dari tabel `tbl_karir`
--

CREATE TABLE `tbl_karir` (
  `id` int(11) NOT NULL,
  `posisi` varchar(255) DEFAULT NULL,
  `slug` varchar(255) DEFAULT NULL,
  `job_deskripsi` text DEFAULT NULL,
  `kualifikasi` text DEFAULT NULL,
  `tunjangan` text DEFAULT NULL,
  `lokasi` varchar(50) DEFAULT NULL,
  `image` varchar(50) DEFAULT NULL,
  `metaTitle` text DEFAULT NULL,
  `metaKeywords` text DEFAULT NULL,
  `metaDescription` text DEFAULT NULL,
  `sort` int(3) DEFAULT NULL,
  `aktif` int(1) DEFAULT NULL,
  `create_date` timestamp NULL DEFAULT current_timestamp()
) ENGINE=InnoDB DEFAULT CHARSET=latin1 COLLATE=latin1_swedish_ci;

-- --------------------------------------------------------

--
-- Struktur dari tabel `tbl_keunggulan`
--

CREATE TABLE `tbl_keunggulan` (
  `id` int(11) NOT NULL,
  `title` varchar(150) DEFAULT NULL,
  `deskripsi` text DEFAULT NULL,
  `image` varchar(50) DEFAULT NULL
) ENGINE=InnoDB DEFAULT CHARSET=latin1 COLLATE=latin1_swedish_ci;

--
-- Dumping data untuk tabel `tbl_keunggulan`
--

INSERT INTO `tbl_keunggulan` (`id`, `title`, `deskripsi`, `image`) VALUES
(1, 'Harga Kompetitif', 'Lorem ipsum dolor sit amet, consectetur adipiscing elit, sed do eiusmod tempor incididunt ultra ', '646c7e6428d10.png'),
(2, 'Support Customer ', 'Lorem ipsum dolor sit amet, consectetur adipiscing elit, sed do eiusmod tempor incididunt ultra ', '646c7e8c1a21e.png'),
(3, 'Kualitas terbaik', 'Lorem ipsum dolor sit amet, consectetur adipiscing elit, sed do eiusmod tempor incididunt ultra ', '646c7ea293096.png');

-- --------------------------------------------------------

--
-- Struktur dari tabel `tbl_link_short`
--

CREATE TABLE `tbl_link_short` (
  `id` int(11) NOT NULL,
  `link_short` text DEFAULT NULL,
  `title` varchar(255) DEFAULT NULL,
  `deskripsi` text DEFAULT NULL
) ENGINE=InnoDB DEFAULT CHARSET=latin1 COLLATE=latin1_swedish_ci;

--
-- Dumping data untuk tabel `tbl_link_short`
--

INSERT INTO `tbl_link_short` (`id`, `link_short`, `title`, `deskripsi`) VALUES
(1, '<iframe width=\"320\" height=\"560\" src=\"https://www.youtube.com/embed/PduOcqIHdSo\" title=\"maintenance element transmisi bulldozer Caterpillar\" frameborder=\"0\" allow=\"accelerometer; autoplay; clipboard-write; encrypted-media; gyroscope; picture-in-picture; web-share\" allowfullscreen></iframe>', 'Portofolio Projects Video ', 'Maintenance Element Transmisi Bulldozer Caterpillar'),
(2, '<iframe width=\"320\" height=\"560\" src=\"https://www.youtube.com/embed/2f8siVzlZQ8\" title=\"Cara Ganti Oli Engine Excavator 320 Next Gen #caterpillar #exclusive #cat320nextgen\" frameborder=\"0\" allow=\"accelerometer; autoplay; clipboard-write; encrypted-media; gyroscope; picture-in-picture; web-share\" allowfullscreen></iframe>', 'Portofolio Projects Video ', 'Cara Ganti Oli Engine Excavator 320 Next Gen #caterpillar #exclusive'),
(3, '<iframe width=\"320\" height=\"560\" src=\"https://www.youtube.com/embed/HqmM8vAvbtk\" title=\"3 phase distribution board wiring\" frameborder=\"0\" allow=\"accelerometer; autoplay; clipboard-write; encrypted-media; gyroscope; picture-in-picture; web-share\" allowfullscreen></iframe>', 'Portofolio Projects Videos', '3 Phase Distribution Board Wiring');

-- --------------------------------------------------------

--
-- Struktur dari tabel `tbl_link_video`
--

CREATE TABLE `tbl_link_video` (
  `id` int(11) NOT NULL,
  `link_video` text DEFAULT NULL
) ENGINE=InnoDB DEFAULT CHARSET=latin1 COLLATE=latin1_swedish_ci;

--
-- Dumping data untuk tabel `tbl_link_video`
--

INSERT INTO `tbl_link_video` (`id`, `link_video`) VALUES
(1, '<iframe width=\"1000\" height=\"480\" src=\"https://www.youtube.com/embed/kltuY4JVq6E\" title=\"Perawatan Dasar pada Unit Alat Berat | Basic Maintenance of Heavy Equipment\" frameborder=\"0\" allow=\"accelerometer; autoplay; clipboard-write; encrypted-media; gyroscope; picture-in-picture; web-share\" allowfullscreen></iframe>');

-- --------------------------------------------------------

--
-- Struktur dari tabel `tbl_master_division`
--

CREATE TABLE `tbl_master_division` (
  `id` int(11) NOT NULL,
  `id_bisnis` int(1) DEFAULT NULL,
  `title` varchar(255) DEFAULT NULL,
  `deskripsi` text DEFAULT NULL,
  `deskripsi_slider` varchar(200) DEFAULT NULL,
  `image` varchar(50) DEFAULT NULL,
  `icon` varchar(50) DEFAULT NULL
) ENGINE=InnoDB DEFAULT CHARSET=latin1 COLLATE=latin1_swedish_ci;

--
-- Dumping data untuk tabel `tbl_master_division`
--

INSERT INTO `tbl_master_division` (`id`, `id_bisnis`, `title`, `deskripsi`, `deskripsi_slider`, `image`, `icon`) VALUES
(1, 1, 'New Part', 'Kami memberikan solusi terbaik untuk suku cadang alat berat Anda. Kami tidak hanya menjual komponen baru yang berkualitas tinggi, tetapi juga memastikan bahwa setiap suku cadang yang kami sediakan sesuai dengan spesifikasi alat berat yang Anda gunakan.', 'Suku Cadang Baru Berkualitas Tinggi', '6490824c00c591687192140.webp', '64908145c2c51.png'),
(2, 1, 'Good Used', 'Kami menyediakan suku cadang bekas yang masih bagus dan layak pakai. Kami melakukan seleksi dan pengujian dengan hati-hati untuk memastikan bahwa setiap suku cadang bekas yang kami sediakan tetap dalam kondisi prima.', 'Suku Cadang Bekas Layak Pakai Dengan Kualitas Terjamin', '6491cfe66ab301687277542.webp', '64908154bf9c6.png'),
(3, 2, 'Over Houl', 'Kami menawarkan layanan perbaikan total atau overhaul untuk genset dan peralatan listrik. Melalui proses perbaikan komprehensif, kami mampu mengembalikan peralatan yang rusak atau tidak berfungsi ke kondisi optimal.', 'Perbaikan Total atau Overhaul Pada Genset dan Peralatan Listrik', '6492ac428814e1687333954.webp', '6490816e2d319.png'),
(4, 2, 'Service & Trouble Shooting', 'Kami menyediakan layanan untuk menjaga performa optimal genset dan sistem listrik Anda. Tim ahli kami siap membantu Anda dalam perawatan rutin dan mengatasi setiap tantangan teknis yang mungkin timbul, sehingga bisnis Anda tetap berjalan tanpa gangguan.', 'Perbaikan Serta Pemecahan Masalah Untuk Genset dan Sistem Listrik', '6493190ca8d0f1687361804.webp', '6490817e08717.png'),
(5, 2, 'Maintenance', 'Kami menawarkan layanan perawatan rutin dan pencegahan yang berkualitas tinggi untuk genset dan peralatan listrik. Dengan bantuan tim ahli kami, kami memberikan jadwal perawatan teratur guna memastikan operasional yang lancar dan umur panjang peralatan.', 'Perawatan Rutin dan Pencegahan Pada Genset dan Peralatan Listrik ', '6492b32e162411687335726.webp', '649081926bd26.png'),
(6, 2, 'Panel & Electrical Installation', 'Kami menyediakan layanan profesional dalam pemasangan panel listrik dan peralatan listrik lainnya. Tim kami memiliki keahlian dalam menjalankan instalasi sesuai dengan standar keselamatan dan peraturan yang berlaku, sehingga pelanggan kami dapat merasa yakin bahwa pekerjaan dilakukan dengan baik dan aman.', 'Jasa Instalasi Panel Listrik dan Peralatan Listrik Lainnya', '64931f581b5781687363416.webp', '649081aa48206.png'),
(7, 3, 'Over Houl', 'Kami menyediakan layanan perbaikan total atau overhaul untuk mesin dan sistem hidrolik alat berat. Tim kami akan memulihkan kinerja optimal melalui proses perbaikan komprehensif dan penggantian komponen yang diperlukan.', 'Perbaikan Total atau Overhaul Pada Mesin dan Sistem Hidrolik Alat Berat', '64911194c83361687228820.webp', '649081be1745b.png'),
(8, 3, 'Service & Trouble Shooting', 'Kami menyediakan layanan untuk menjaga mesin dan sistem hidrolik alat berat Anda. Tim ahli kami siap membantu Anda dalam perawatan rutin dan mengatasi setiap tantangan teknis yang mungkin timbul, sehingga bisnis Anda tetap berjalan tanpa gangguan.', 'Layanan Perawatan, Perbaikan, Serta Pemecahan Masalah Untuk Mesin dan Sistem Hidrolik', '649114196c60e1687229465.webp', '649081cdc180e.png'),
(9, 3, 'Fabrication', 'Kami menyediakan layanan pembuatan komponen dan struktur produk yang disesuaikan dengan kebutuhan pelanggan. Tim kami menyediakan jasa fabrikasi berkualitas tinggi untuk memenuhi kebutuhan khusus pelanggan.', 'Fabrikasi Komponen dan Struktur Sesuai Dengan Kebutuhan Pelanggan', '6491d4b1171dc1687278769.webp', '649081dd371cd.png'),
(10, 3, 'Part Develop', 'Kami menyediakan layanan pengembangan suku cadang baru dan perbaikan desain suku cadang yang ada. Tim kami bekerja untuk meningkatkan kualitas, efisiensi, dan kinerja suku cadang yang digunakan pada alat berat, sehingga memastikan alat berat Anda beroperasi dengan lebih baik.', 'Pengembangan Suku Cadang Baru atau Perbaikan Desain Suku Cadang Yang Ada', '64929d18a3c141687330072.webp', '649081f17b2b4.png');

-- --------------------------------------------------------

--
-- Struktur dari tabel `tbl_perusahaan`
--

CREATE TABLE `tbl_perusahaan` (
  `id` int(11) NOT NULL,
  `title` varchar(150) DEFAULT NULL,
  `deskripsi_singkat` text DEFAULT NULL,
  `deskripsi` text DEFAULT NULL,
  `image1` varchar(50) DEFAULT NULL,
  `image2` varchar(50) DEFAULT NULL
) ENGINE=InnoDB DEFAULT CHARSET=latin1 COLLATE=latin1_swedish_ci;

--
-- Dumping data untuk tabel `tbl_perusahaan`
--

INSERT INTO `tbl_perusahaan` (`id`, `title`, `deskripsi_singkat`, `deskripsi`, `image1`, `image2`) VALUES
(1, 'Profile', '<p style=\"text-align:justify\">Selamat datang di PT. Partindo Mitra Utama.&nbsp;Mitra terpercaya dalam suku cadang, perbaikan, instalasi alat berat, genset, serta sistem listrik dan hidrolik. Dengan reputasi yang kuat dan pengalaman luas, kami adalah solusi terbaik untuk semua kebutuhan Anda.</p>\r\n\r\n<p style=\"text-align:justify\">&nbsp;</p>\r\n\r\n<p style=\"text-align:justify\">Jelajahi layanan unggulan kami dan temukan bagaimana kami dapat membantu dan melayani semua kebutuhan Anda. Dengan tim ahli yang kami miliki, kami siap memberikan solusi inovatif dan efisien untuk menjaga kinerja optimal peralatan Anda.</p>\r\n', '<p style=\"text-align:justify\">PT. Partindo Mitra Utama adalah perusahaan yang menyediakan suku cadang, perbaikan, perawatan, dan instalasi alat berat, genset, serta sistem listrik dan hidrolik. Kami memiliki reputasi yang kuat dan pengalaman luas di industri ini, menjadi mitra terpercaya bagi pelanggan terkemuka.</p>\r\n\r\n<p style=\"text-align:justify\">&nbsp;</p>\r\n\r\n<p style=\"text-align:justify\">Kami berkomitmen memberikan solusi terbaik sesuai kebutuhan setiap pelanggan. Layanan kami komprehensif dan berkualitas tinggi di bidang alat berat, genset, sistem listrik, dan hidrolik, memenuhi kebutuhan unik masing-masing pelanggan.</p>\r\n\r\n<p style=\"text-align:justify\">&nbsp;</p>\r\n\r\n<p style=\"text-align:justify\">Divisi Part menyediakan suku cadang berkualitas dari pemasok terkemuka. Stok lengkap dan beragam untuk alat berat, genset, sistem listrik, dan hidrolik, didukung oleh tim ahli untuk membantu pelanggan memilih suku cadang yang tepat guna memastikan kelancaran dan efisiensi operasional.</p>\r\n\r\n<p style=\"text-align:justify\">&nbsp;</p>\r\n\r\n<p style=\"text-align:justify\">Divisi Genset &amp; Electrical memiliki tim teknisi terampil dalam perbaikan, perawatan, dan instalasi genset dan sistem listrik. Kami dapat menangani genset dalam skala kecil hingga besar. Layanan perawatan berkala juga tersedia untuk menjaga kinerja optimal genset dan sistem listrik pelanggan, menggunakan peralatan modern dan teknologi terkini.</p>\r\n\r\n<p style=\"text-align:justify\">&nbsp;</p>\r\n\r\n<p style=\"text-align:justify\">Divisi Engine, Hydraulic &amp; Fabrication bertanggung jawab atas perbaikan, perawatan, dan instalasi mesin, sistem hidrolik, serta jasa fabrikasi. Tim kami terlatih untuk menangani masalah mesin dan sistem hidrolik dengan efisiensi tinggi. Kami juga melayani kebutuhan fabrikasi khusus pelanggan.</p>\r\n\r\n<p style=\"text-align:justify\">&nbsp;</p>\r\n\r\n<p style=\"text-align:justify\">Kepuasan pelanggan adalah prioritas utama kami. Kami berkomitmen memberikan pelayanan ramah, responsif, dan terpercaya. Kami menjalin hubungan kerjasama jangka panjang dengan pelanggan kami sebagai mitra yang dapat diandalkan dalam memenuhi semua kebutuhan mereka.</p>\r\n', '6481373dec64b1686189885.webp', '648f34f6a4a331687106806.webp');

-- --------------------------------------------------------

--
-- Struktur dari tabel `tbl_posts`
--

CREATE TABLE `tbl_posts` (
  `id` int(11) NOT NULL,
  `title` varchar(200) DEFAULT NULL,
  `slug` varchar(255) DEFAULT NULL,
  `content` text DEFAULT NULL,
  `image` varchar(255) DEFAULT NULL,
  `metaTitle` text DEFAULT NULL,
  `metaKeywords` text DEFAULT NULL,
  `metaDescription` text DEFAULT NULL,
  `created_date` timestamp NULL DEFAULT current_timestamp()
) ENGINE=InnoDB DEFAULT CHARSET=latin1 COLLATE=latin1_swedish_ci ROW_FORMAT=COMPACT;

--
-- Dumping data untuk tabel `tbl_posts`
--

INSERT INTO `tbl_posts` (`id`, `title`, `slug`, `content`, `image`, `metaTitle`, `metaKeywords`, `metaDescription`, `created_date`) VALUES
(1, 'Lorem ipsum dolor sit amet', 'lorem-ipsum-dolor-sit-amet', '<p>Lorem ipsum dolor sit amet, consectetur adipiscing elit. Mauris tincidunt posuere est non iaculis</p>\r\n', '91bcdffaeb21a1c9326af52e33f19216.webp', 'Lorem ipsum dolor sit amet', 'Lorem ipsum dolor sit amet\r\n', 'Lorem ipsum dolor sit amet\r\n', '2023-05-31 04:18:24'),
(2, 'Lorem ipsum dolor sit amet, consectetur a', 'lorem-ipsum-dolor-sit-amet-consectetur-a', '<p>Lorem ipsum dolor sit amet, consectetur adipiscing elit, sed do eiusmod tempor incididunt ut labore et dolore magna aliqua. Ut enim</p>\r\n', 'a28e8a1df83b665b0b979257cd1d1e68.webp', 'Lorem ipsum dolor sit amet, consectetur a', 'Lorem ipsum dolor sit amet, consectetur a\r\n', 'Lorem ipsum dolor sit amet, consectetur a\r\n', '2023-05-31 06:24:10');

-- --------------------------------------------------------

--
-- Struktur dari tabel `tbl_posts_counter`
--

CREATE TABLE `tbl_posts_counter` (
  `id` int(11) NOT NULL,
  `location` varchar(255) DEFAULT NULL,
  `ip` varchar(255) DEFAULT NULL,
  `timestamp` timestamp NULL DEFAULT NULL,
  `post_id` int(11) DEFAULT NULL
) ENGINE=InnoDB DEFAULT CHARSET=latin1 COLLATE=latin1_swedish_ci ROW_FORMAT=COMPACT;

--
-- Dumping data untuk tabel `tbl_posts_counter`
--

INSERT INTO `tbl_posts_counter` (`id`, `location`, `ip`, `timestamp`, `post_id`) VALUES
(1, '/index.php/news/detail/lorem-ipsum-dolor-sit-amet', '118.136.68.19', '2023-05-31 09:15:26', 1),
(2, '/index.php/news/detail/lorem-ipsum-dolor-sit-amet-consectetur-a', '118.136.68.19', '2023-05-31 09:15:40', 2),
(3, '/index.php/news/detail/lorem-ipsum-dolor-sit-amet-consectetur-a', '118.136.68.19', '2023-05-31 09:15:46', 2),
(4, '/index.php/news/detail/lorem-ipsum-dolor-sit-amet-consectetur-a', '118.136.68.19', '2023-05-31 09:18:28', 2),
(5, '/index.php/news/detail/lorem-ipsum-dolor-sit-amet', '103.10.66.12', '2023-06-05 12:02:11', 1),
(6, '/index.php/news/detail/lorem-ipsum-dolor-sit-amet', '103.10.66.12', '2023-06-05 12:02:41', 1),
(7, '/index.php/news/detail/lorem-ipsum-dolor-sit-amet-consectetur-a', '103.10.66.12', '2023-06-05 12:02:43', 2),
(8, '/index.php/news/detail/lorem-ipsum-dolor-sit-amet-consectetur-a', '103.10.66.12', '2023-06-05 12:02:45', 2),
(9, '/index.php/news/detail/lorem-ipsum-dolor-sit-amet-consectetur-a', '118.136.68.19', '2023-06-06 01:28:38', 2),
(10, '/index.php/news/detail/lorem-ipsum-dolor-sit-amet-consectetur-a', '118.136.68.19', '2023-06-06 01:32:16', 2),
(11, '/index.php/news/detail/lorem-ipsum-dolor-sit-amet-consectetur-a', '118.136.68.19', '2023-06-06 03:13:44', 2),
(12, '/index.php/news/detail/lorem-ipsum-dolor-sit-amet-consectetur-a', '118.136.68.19', '2023-06-06 03:45:43', 2),
(13, '/index.php/news/detail/lorem-ipsum-dolor-sit-amet-consectetur-a', '118.136.68.19', '2023-06-06 03:52:45', 2),
(14, '/index.php/news/detail/lorem-ipsum-dolor-sit-amet', '118.136.68.19', '2023-06-06 04:05:37', 1),
(15, '/index.php/news/detail/lorem-ipsum-dolor-sit-amet', '40.77.167.98', '2023-06-06 04:21:21', 1),
(16, '/index.php/news/detail/lorem-ipsum-dolor-sit-amet', '40.77.167.98', '2023-06-06 04:21:41', 1),
(17, '/index.php/news/detail/lorem-ipsum-dolor-sit-amet-consectetur-a', '118.136.68.19', '2023-06-06 09:30:27', 2),
(18, '/index.php/news/detail/lorem-ipsum-dolor-sit-amet', '118.136.68.19', '2023-06-06 09:30:54', 1),
(19, '/index.php/news/detail/lorem-ipsum-dolor-sit-amet', '40.77.167.98', '2023-06-07 05:16:18', 1),
(20, '/index.php/news/detail/lorem-ipsum-dolor-sit-amet', '114.10.117.94', '2023-06-18 11:04:21', 1),
(21, '/index.php/news/detail/lorem-ipsum-dolor-sit-amet', '114.10.117.94', '2023-06-18 11:04:24', 1),
(22, '/index.php/news/detail/lorem-ipsum-dolor-sit-amet-consectetur-a', '103.78.115.117', '2023-06-20 09:24:02', 2),
(23, '/index.php/news/detail/lorem-ipsum-dolor-sit-amet-consectetur-a', '180.254.140.163', '2023-06-21 16:12:10', 2),
(24, '/index.php/news/detail/lorem-ipsum-dolor-sit-amet', '40.77.167.123', '2023-06-21 17:28:40', 1);

-- --------------------------------------------------------

--
-- Struktur dari tabel `tbl_resume`
--

CREATE TABLE `tbl_resume` (
  `id` int(11) NOT NULL,
  `posisi` varchar(255) DEFAULT NULL,
  `telp` varchar(15) DEFAULT NULL,
  `surat_lamaran` text DEFAULT NULL,
  `file` text DEFAULT NULL,
  `create_date` timestamp NOT NULL DEFAULT current_timestamp()
) ENGINE=InnoDB DEFAULT CHARSET=latin1 COLLATE=latin1_swedish_ci;

-- --------------------------------------------------------

--
-- Struktur dari tabel `tbl_sosmed`
--

CREATE TABLE `tbl_sosmed` (
  `id` int(11) NOT NULL,
  `name` varchar(125) NOT NULL,
  `link` varchar(125) NOT NULL,
  `icon` varchar(100) NOT NULL
) ENGINE=InnoDB DEFAULT CHARSET=latin1 COLLATE=latin1_swedish_ci;

--
-- Dumping data untuk tabel `tbl_sosmed`
--

INSERT INTO `tbl_sosmed` (`id`, `name`, `link`, `icon`) VALUES
(1, 'Instagram', 'https://www.instagram.com', 'fab fa-instagram'),
(2, 'Facebook', 'https://facebook.com/', 'fab fa-facebook-f'),
(3, 'Twitter', 'https://www.twitter.com/', 'fab fa-twitter'),
(5, 'LinkedIn', 'https://www.linkedin.com', 'fab fa-linkedin-in');

-- --------------------------------------------------------

--
-- Struktur dari tabel `tbl_visi_misi`
--

CREATE TABLE `tbl_visi_misi` (
  `id` int(11) NOT NULL,
  `nama` varchar(150) DEFAULT NULL,
  `deskripsi` text DEFAULT NULL,
  `image` varchar(50) DEFAULT NULL
) ENGINE=InnoDB DEFAULT CHARSET=latin1 COLLATE=latin1_swedish_ci;

--
-- Dumping data untuk tabel `tbl_visi_misi`
--

INSERT INTO `tbl_visi_misi` (`id`, `nama`, `deskripsi`, `image`) VALUES
(1, 'VISI', '<p style=\"text-align:justify\">Menjadi perusahaan yang mampu memenuhi kebutuhan pelanggan</p>\r\n', '6491cb1d275251687276317.webp'),
(2, 'MISI', '<p>Menjadi perusahaan yang memberikan solusi yang handal dan menjadi mitra terpercaya untuk memenuhi kebutuhan pelanggan</p>\r\n', '6491cb358d56b1687276341.webp');

-- --------------------------------------------------------

--
-- Struktur dari tabel `tbl_website`
--

CREATE TABLE `tbl_website` (
  `id` int(11) NOT NULL,
  `name` varchar(50) NOT NULL,
  `address_office` text DEFAULT NULL,
  `address_operational` text DEFAULT NULL,
  `phone_office` varchar(20) DEFAULT NULL,
  `phone_operational` varchar(20) NOT NULL,
  `email` varchar(50) NOT NULL,
  `description` text NOT NULL,
  `metaTitle` text NOT NULL,
  `metaKeywords` text NOT NULL,
  `metaDescription` text NOT NULL,
  `map_office` text DEFAULT NULL,
  `map_operational` text DEFAULT NULL,
  `image` varchar(125) NOT NULL
) ENGINE=InnoDB DEFAULT CHARSET=latin1 COLLATE=latin1_swedish_ci ROW_FORMAT=COMPACT;

--
-- Dumping data untuk tabel `tbl_website`
--

INSERT INTO `tbl_website` (`id`, `name`, `address_office`, `address_operational`, `phone_office`, `phone_operational`, `email`, `description`, `metaTitle`, `metaKeywords`, `metaDescription`, `map_office`, `map_operational`, `image`) VALUES
(1, 'PT. Partindo Mitra Utama - Solusi Alat Berat, Gens', '<div class=\"card-text\">\r\n<p>PLAZA SIMATUPANG LT. 6 UNIT 3, JL. TB SIMATUPANG, KAV. IS NO.01, Kelurahan Pondok Pinang, Kec. Kebayoran Lama Kota Adm. Jakarta Selatan, Provinsi DKI Jakarta - Kode Pos : 12310</p>\r\n</div>\r\n', '<p>Jl. Tipar Cakung, Kp. Baru RT 003, RW 008 No 231, Kelurahan Cakung Barat, Kecamatan Cakung, Jakarta Timur - Kode Pos : 13910</p>\r\n', '081284452652', '088224605466', 'partindomitrautama@gmail.com', '<p>PT. Partindo Mitra Utama adalah perusahaan yang menyediakan suku cadang, perbaikan, perawatan, dan instalasi alat berat, genset, serta sistem listrik dan hidrolik. Kami adalah mitra terpercaya dengan reputasi yang kuat dan pengalaman luas dalam industri ini.</p>\r\n', 'PT. Partindo Mitra Utama - Solusi Alat Berat, Genset, dan Sistem Listrik', 'suku cadang, perbaikan alat berat, perawatan alat berat, instalasi alat berat, genset, sistem listrik, hidrolik, suku cadang alat berat, perbaikan genset, perawatan genset, instalasi genset, instalasi listik, instalasi panel listrik\r\n', 'PT. Partindo Mitra Utama adalah perusahaan yang bergerak dalam bidang suku cadang, perbaikan, perawatan, dan instalasi alat berat, genset, serta sistem listrik dan hidrolik. Kami menyediakan solusi terbaik dengan kualitas tinggi untuk memenuhi kebutuhan unik setiap pelanggan. Dengan tim ahli dan stok lengkap, kami siap membantu dalam pemilihan suku cadang yang tepat dan menyediakan layanan perbaikan, perawatan, dan instalasi yang efisien. Hubungi kami sekarang untuk solusi alat berat, genset, dan sistem listrik yang handal.\r\n', ' <iframe src=\"https://www.google.com/maps/embed?pb=!1m18!1m12!1m3!1d3965.8334946204245!2d106.7736605296785!3d-6.285606042710366!2m3!1f0!2f0!3f0!3m2!1i1024!2i768!4f13.1!3m3!1m2!1s0x2e69f1cc03d7834d%3A0x917d4c5d7a55cf4d!2sPlaza%20Simatupang!5e0!3m2!1sid!2sid!4v1685162371077!5m2!1sid!2sid\" width=\"600\" height=\"450\" style=\"border:0;\" allowfullscreen=\"\" loading=\"lazy\"  referrerpolicy=\"no-referrer-when-downgrade\" title=\"MyMaps\"></iframe>', '<iframe src=\"https://www.google.com/maps/embed?pb=!1m18!1m12!1m3!1d3965.8334946204245!2d106.7736605296785!3d-6.285606042710366!2m3!1f0!2f0!3f0!3m2!1i1024!2i768!4f13.1!3m3!1m2!1s0x2e69f1cc03d7834d%3A0x917d4c5d7a55cf4d!2sPlaza%20Simatupang!5e0!3m2!1sid!2sid!4v1685162371077!5m2!1sid!2sid\" width=\"600\" height=\"450\" style=\"border:0;\" allowfullscreen=\"\" loading=\"lazy\" referrerpolicy=\"no-referrer-when-downgrade\" title=\"MyMaps\"></iframe>', 'logo-full.png');

--
-- Indexes for dumped tables
--

--
-- Indeks untuk tabel `sys_group_users`
--
ALTER TABLE `sys_group_users`
  ADD PRIMARY KEY (`id`);

--
-- Indeks untuk tabel `sys_menu`
--
ALTER TABLE `sys_menu`
  ADD PRIMARY KEY (`id`);

--
-- Indeks untuk tabel `sys_menu_role`
--
ALTER TABLE `sys_menu_role`
  ADD PRIMARY KEY (`id`),
  ADD KEY `FK_sys_menu_role_sys_menu` (`id_menu`),
  ADD KEY `FK_sys_menu_role_sys_users` (`group_id`);

--
-- Indeks untuk tabel `sys_users`
--
ALTER TABLE `sys_users`
  ADD PRIMARY KEY (`id`),
  ADD KEY `FK_sys_users_sys_group_users` (`id_group`);

--
-- Indeks untuk tabel `tbl_bantuan`
--
ALTER TABLE `tbl_bantuan`
  ADD PRIMARY KEY (`id`);

--
-- Indeks untuk tabel `tbl_bisnis`
--
ALTER TABLE `tbl_bisnis`
  ADD PRIMARY KEY (`id`);

--
-- Indeks untuk tabel `tbl_chat_wa`
--
ALTER TABLE `tbl_chat_wa`
  ADD PRIMARY KEY (`id`);

--
-- Indeks untuk tabel `tbl_counter`
--
ALTER TABLE `tbl_counter`
  ADD PRIMARY KEY (`id`);

--
-- Indeks untuk tabel `tbl_deskripsi_content`
--
ALTER TABLE `tbl_deskripsi_content`
  ADD PRIMARY KEY (`id`);

--
-- Indeks untuk tabel `tbl_gallery_portofolio`
--
ALTER TABLE `tbl_gallery_portofolio`
  ADD PRIMARY KEY (`id`);

--
-- Indeks untuk tabel `tbl_homeweb`
--
ALTER TABLE `tbl_homeweb`
  ADD PRIMARY KEY (`id`);

--
-- Indeks untuk tabel `tbl_karir`
--
ALTER TABLE `tbl_karir`
  ADD PRIMARY KEY (`id`);

--
-- Indeks untuk tabel `tbl_keunggulan`
--
ALTER TABLE `tbl_keunggulan`
  ADD PRIMARY KEY (`id`);

--
-- Indeks untuk tabel `tbl_link_short`
--
ALTER TABLE `tbl_link_short`
  ADD PRIMARY KEY (`id`);

--
-- Indeks untuk tabel `tbl_link_video`
--
ALTER TABLE `tbl_link_video`
  ADD PRIMARY KEY (`id`);

--
-- Indeks untuk tabel `tbl_master_division`
--
ALTER TABLE `tbl_master_division`
  ADD PRIMARY KEY (`id`);

--
-- Indeks untuk tabel `tbl_perusahaan`
--
ALTER TABLE `tbl_perusahaan`
  ADD PRIMARY KEY (`id`);

--
-- Indeks untuk tabel `tbl_posts`
--
ALTER TABLE `tbl_posts`
  ADD PRIMARY KEY (`id`);

--
-- Indeks untuk tabel `tbl_posts_counter`
--
ALTER TABLE `tbl_posts_counter`
  ADD PRIMARY KEY (`id`);

--
-- Indeks untuk tabel `tbl_resume`
--
ALTER TABLE `tbl_resume`
  ADD PRIMARY KEY (`id`);

--
-- Indeks untuk tabel `tbl_sosmed`
--
ALTER TABLE `tbl_sosmed`
  ADD PRIMARY KEY (`id`);

--
-- Indeks untuk tabel `tbl_visi_misi`
--
ALTER TABLE `tbl_visi_misi`
  ADD PRIMARY KEY (`id`);

--
-- Indeks untuk tabel `tbl_website`
--
ALTER TABLE `tbl_website`
  ADD PRIMARY KEY (`id`);

--
-- AUTO_INCREMENT untuk tabel yang dibuang
--

--
-- AUTO_INCREMENT untuk tabel `sys_group_users`
--
ALTER TABLE `sys_group_users`
  MODIFY `id` int(11) NOT NULL AUTO_INCREMENT, AUTO_INCREMENT=34;

--
-- AUTO_INCREMENT untuk tabel `sys_menu`
--
ALTER TABLE `sys_menu`
  MODIFY `id` int(11) NOT NULL AUTO_INCREMENT, AUTO_INCREMENT=434;

--
-- AUTO_INCREMENT untuk tabel `sys_menu_role`
--
ALTER TABLE `sys_menu_role`
  MODIFY `id` int(11) NOT NULL AUTO_INCREMENT, AUTO_INCREMENT=10721;

--
-- AUTO_INCREMENT untuk tabel `sys_users`
--
ALTER TABLE `sys_users`
  MODIFY `id` int(11) NOT NULL AUTO_INCREMENT, AUTO_INCREMENT=219;

--
-- AUTO_INCREMENT untuk tabel `tbl_bantuan`
--
ALTER TABLE `tbl_bantuan`
  MODIFY `id` int(11) NOT NULL AUTO_INCREMENT, AUTO_INCREMENT=3;

--
-- AUTO_INCREMENT untuk tabel `tbl_bisnis`
--
ALTER TABLE `tbl_bisnis`
  MODIFY `id` int(11) NOT NULL AUTO_INCREMENT, AUTO_INCREMENT=4;

--
-- AUTO_INCREMENT untuk tabel `tbl_chat_wa`
--
ALTER TABLE `tbl_chat_wa`
  MODIFY `id` int(11) NOT NULL AUTO_INCREMENT, AUTO_INCREMENT=2;

--
-- AUTO_INCREMENT untuk tabel `tbl_counter`
--
ALTER TABLE `tbl_counter`
  MODIFY `id` int(11) NOT NULL AUTO_INCREMENT, AUTO_INCREMENT=167;

--
-- AUTO_INCREMENT untuk tabel `tbl_deskripsi_content`
--
ALTER TABLE `tbl_deskripsi_content`
  MODIFY `id` int(11) NOT NULL AUTO_INCREMENT, AUTO_INCREMENT=13;

--
-- AUTO_INCREMENT untuk tabel `tbl_gallery_portofolio`
--
ALTER TABLE `tbl_gallery_portofolio`
  MODIFY `id` int(11) NOT NULL AUTO_INCREMENT, AUTO_INCREMENT=42;

--
-- AUTO_INCREMENT untuk tabel `tbl_homeweb`
--
ALTER TABLE `tbl_homeweb`
  MODIFY `id` int(11) NOT NULL AUTO_INCREMENT, AUTO_INCREMENT=2;

--
-- AUTO_INCREMENT untuk tabel `tbl_karir`
--
ALTER TABLE `tbl_karir`
  MODIFY `id` int(11) NOT NULL AUTO_INCREMENT, AUTO_INCREMENT=20;

--
-- AUTO_INCREMENT untuk tabel `tbl_keunggulan`
--
ALTER TABLE `tbl_keunggulan`
  MODIFY `id` int(11) NOT NULL AUTO_INCREMENT, AUTO_INCREMENT=4;

--
-- AUTO_INCREMENT untuk tabel `tbl_link_short`
--
ALTER TABLE `tbl_link_short`
  MODIFY `id` int(11) NOT NULL AUTO_INCREMENT, AUTO_INCREMENT=4;

--
-- AUTO_INCREMENT untuk tabel `tbl_link_video`
--
ALTER TABLE `tbl_link_video`
  MODIFY `id` int(11) NOT NULL AUTO_INCREMENT, AUTO_INCREMENT=2;

--
-- AUTO_INCREMENT untuk tabel `tbl_master_division`
--
ALTER TABLE `tbl_master_division`
  MODIFY `id` int(11) NOT NULL AUTO_INCREMENT, AUTO_INCREMENT=11;

--
-- AUTO_INCREMENT untuk tabel `tbl_perusahaan`
--
ALTER TABLE `tbl_perusahaan`
  MODIFY `id` int(11) NOT NULL AUTO_INCREMENT, AUTO_INCREMENT=2;

--
-- AUTO_INCREMENT untuk tabel `tbl_posts`
--
ALTER TABLE `tbl_posts`
  MODIFY `id` int(11) NOT NULL AUTO_INCREMENT, AUTO_INCREMENT=3;

--
-- AUTO_INCREMENT untuk tabel `tbl_posts_counter`
--
ALTER TABLE `tbl_posts_counter`
  MODIFY `id` int(11) NOT NULL AUTO_INCREMENT, AUTO_INCREMENT=25;

--
-- AUTO_INCREMENT untuk tabel `tbl_resume`
--
ALTER TABLE `tbl_resume`
  MODIFY `id` int(11) NOT NULL AUTO_INCREMENT, AUTO_INCREMENT=23;

--
-- AUTO_INCREMENT untuk tabel `tbl_sosmed`
--
ALTER TABLE `tbl_sosmed`
  MODIFY `id` int(11) NOT NULL AUTO_INCREMENT, AUTO_INCREMENT=6;

--
-- AUTO_INCREMENT untuk tabel `tbl_visi_misi`
--
ALTER TABLE `tbl_visi_misi`
  MODIFY `id` int(11) NOT NULL AUTO_INCREMENT, AUTO_INCREMENT=3;

--
-- AUTO_INCREMENT untuk tabel `tbl_website`
--
ALTER TABLE `tbl_website`
  MODIFY `id` int(11) NOT NULL AUTO_INCREMENT, AUTO_INCREMENT=2;
COMMIT;

/*!40101 SET CHARACTER_SET_CLIENT=@OLD_CHARACTER_SET_CLIENT */;
/*!40101 SET CHARACTER_SET_RESULTS=@OLD_CHARACTER_SET_RESULTS */;
/*!40101 SET COLLATION_CONNECTION=@OLD_COLLATION_CONNECTION */;
